"","V1","V2","V3","V4","V5","V6","V7"
"1",2.55478155821344,-1.44565313511483,1.07453986925734,-0.528345996003777,1.96616245461257,0.901691456874685,1.40306461452382
"2",2.64915772834871,1.18129225822429,-2.2445535609856,-0.122340357044869,2.58957696061061,1.6971733771573,0.131414090629586
"3",2.27096152128036,2.45817391048366,-1.25321208887449,-0.151163717831165,3.43298179109064,0.989062212555129,0.121547581345908
"4",2.51278753430533,1.83201032025569,0.09699792999086,0.202762494388967,0.571675938731477,2.3361038960788,0.186299965721778
"5",-8.38714758200708,9.83939055652858,0.042932575079805,-1.02092430856603,-1.8659441061578,0.677539795471043,1.67905143317408
"6",0.761624667091889,-4.15945837816024,0.296119291165317,-0.24241521700632,3.25060375154463,-0.680506247739799,1.35136720308978
"7",3.0573981673388,-0.525549928274362,0.796207925256475,-0.737914109947077,3.46745010106208,0.265875994314866,0.533766441819767
"8",1.403330032625,-2.80034388049828,0.557211348996401,-1.29894391746705,5.33380724049043,-1.51897334274762,-0.132215155662445
"9",1.94416098360652,1.90899740202869,-0.105189810950133,0.439684126054518,2.17153720853985,1.90789605443253,0.04618811082141
"10",2.44966208104496,0.88448883789957,1.42716885402753,-0.557100890952859,1.47639470761099,1.78315721928731,0.769508951578218
"11",3.05565216572446,0.722946688107536,0.211760745078906,0.645966252649516,-2.19897952797651,1.56264883994939,-0.0693613522832884
"12",2.20502005223597,1.19608118640113,1.37557331320914,0.237700711066862,0.472854874359746,1.70852515610332,1.10510471284179
"13",2.90038242487791,0.461605132181443,-0.615348100118551,0.305255497134599,-1.85064389693751,2.07154217635386,-0.241948189502641
"14",-4.06135275060842,8.33683981839955,-2.36215289002122,-2.16031573318177,-2.83222051412065,0.61885586989072,0.652251123253088
"15",1.17090899710858,-2.37850643694221,1.65613759036003,-0.545317053497755,-0.554793495319141,2.08329410331889,0.530984970419812
"16",3.16953466755325,-1.38184624185885,0.0572360055213019,-0.0719987641803078,1.33606190881638,2.0955909363662,0.364879682834438
"17",3.31589992755517,-0.0383449703129906,0.133085818644032,-0.284635814179225,1.01673945030349,2.38632439744393,0.0675451072199064
"18",2.41808004190903,-2.22216313409911,0.828494998885261,0.596325506107561,0.115551970427466,1.9734147744915,0.809079634204575
"19",1.03207660973568,-2.20925587808705,2.06339344160211,-0.10005521668793,3.01567005023373,0.148296382087492,1.27194421089014
"20",-16.3734590233979,-8.06445420958042,-0.369031600140143,-2.5857804145702,4.26679025503537,-1.67174549013229,0.882622026287192
"21",2.22088257357198,-0.715148144596051,1.96668998901516,0.171476655615583,-0.213776362231509,2.47954576004896,-0.0438585686393984
"22",2.17676374981256,-0.513620974907479,2.07014406861837,-0.354365765428029,1.69076747491548,1.01144209134199,1.49074717948643
"23",2.45777256069447,1.14587109023989,0.857328715276039,-0.125760885533256,-1.00511731638318,1.92923244366248,0.512946464301427
"24",-0.162051048404782,-2.03967860415149,2.30735894558053,-1.21990773015732,1.52144295240125,2.08141254447536,0.0901701726861426
"25",-4.07156757677605,3.03734541061306,1.84819369282991,1.51401472341317,-1.71564562619903,2.08436666461612,-0.266088332997297
"26",1.37276519604261,2.52527809560522,1.09529459111025,-0.626775891985018,0.231855582959719,2.29067233544563,0.271389682950387
"27",3.14405061361629,-0.603548245462376,-1.51587308302473,0.161124182680342,-1.74247136482501,0.710381557087253,1.13020227651338
"28",0.59974592644452,-2.94222463120131,0.998051844798457,-1.13668716801227,-0.985594922550785,2.29225243243437,-0.102963087888008
"29",2.17543734675067,1.44065080587346,-3.29631984091573,0.183530400924594,3.30188984443815,0.963727159062718,0.294655500759761
"30",3.08433331920684,-1.3055454627745,0.246355299656107,0.674801191081198,2.84718428669986,1.16993524500831,0.494616714969518
"31",-1.94409218580633,-5.22937201964141,-1.14385745101744,-2.90262846654302,-0.847146201897496,1.68653672927056,0.964992225225913
"32",2.8708184744503,-1.41327543670684,-0.77068088589209,0.980168900465319,4.71949121030759,-2.70127923763982,1.23542978114527
"33",0.482212913189831,3.83933660660808,-0.115531787020865,0.771793610191366,-1.18111518643306,2.22629932987285,-0.0302741459631513
"34",3.18255980332537,-0.521673733142862,0.549126752747671,0.191676909501374,0.742060168771443,1.96761643527975,0.76280835438204
"35",2.15599543308982,0.429985716889079,0.728670013350474,-1.32652345727897,-1.31046883954845,1.9231838108591,0.152119673189567
"36",0.562918199654192,-3.37040154630129,1.07335777984772,-0.600406245264145,-0.550484709925586,2.23384478297294,0.127641138265292
"37",-7.44733393776799,-7.79445438633618,0.981870566267115,-0.951056922288408,3.62712588199363,0.635221297698927,0.228461806008434
"38",-0.666385681175553,-2.71415679622174,2.24230571836293,-1.084841989334,-0.39828453009609,2.77621677278445,-0.752790911333992
"39",2.94519498363841,-1.93686286010016,-0.411110907509791,-0.509056240297338,4.46182362202554,-1.2029959879718,1.2150770904607
"40",2.62881327921629,1.19947419769662,0.984350854022592,-0.165391178117592,2.68552886520788,1.70179933487774,0.0210384236099004
"41",3.04192625612807,-0.355418042471688,-1.18877461314221,-0.705651868922519,-3.95822187103498,0.661833687616072,-0.137685009977518
"42",-0.437104937123867,2.557263158868,2.42737129846833,-0.485719443239341,1.98040242033659,1.92792308266136,0.230743284045048
"43",0.587105562037993,2.57477179418562,1.61278057661501,0.0693703549447036,0.688095936528569,1.84075445111812,0.860964848429023
"44",3.09280938010272,-0.182130338532147,0.99885452675244,-0.290903725365192,2.94355994597457,0.144652625604467,1.37383618113065
"45",-3.511261120606,5.10657667287466,0.745458810493725,0.269243741216178,-1.47439337478133,0.909031903534418,1.43174270511561
"46",0.906151245135117,3.3832840545796,-2.04938743099731,-1.57207100866965,-0.973596808784071,2.01552649173537,0.386322073462959
"47",1.92943366207904,-0.636237491133749,2.33702620777967,-0.00348452240019522,0.488599839313911,2.20516515139753,0.38247428364081
"48",1.64750803909368,-1.54479019555579,-2.89968767473291,0.999892794718879,-1.37049763325042,2.47872687415475,-0.682731585115872
"49",2.13018246266268,2.1526989634129,0.356528949927424,0.229486077571335,-1.05130523602036,2.8761528774544,-1.66097416259896
"50",-3.03454837306725,4.20995785606119,-8.01619268153789,-2.32455785629467,6.20364223415433,-1.0057090281468,-1.72797335706423
"51",-4.78479607655167,7.59529997330945,0.257242022952621,-1.08058692833093,-2.06523955231712,1.72301170699025,-0.355217853928816
"52",-0.594021781535414,1.73255495797242,1.92736198598437,1.17295073849725,-5.01864275794505,-2.50485842761866,1.68217927293211
"53",2.60998998657716,1.79296127503864,0.0477696353603274,0.134068869251212,-7.88009405829268,-5.26249786729638,1.12730746401554
"54",2.81624646242818,-0.788184435670062,-2.33642681854971,-0.451144338362111,0.633449409284731,2.59549209107269,-0.220751999943013
"55",2.64477410910943,0.585788133192655,-2.58637894471099,0.138035685019422,-2.02278783407647,1.93949418033859,-0.147134286552707
"56",-0.0784399070690384,3.25619146877102,0.600008304583871,1.10802027638683,-3.50844780521927,-0.608201537479825,0.770628320961065
"57",0.00109152051787907,-2.64671095475998,2.37097602838275,-0.244296319308565,0.407783944448546,2.792998824074,-0.609168716534699
"58",1.4105340369731,-0.454543617531205,0.823513312287382,2.78758401729165,-0.596904408189446,2.26926499379067,-0.110114224848335
"59",-0.901422652065748,-0.468735536178273,-6.32337768098658,1.21167918157585,-4.71376100969094,0.440590559745393,-0.68327245096985
"60",1.75521306324244,0.642574707280312,-3.60000119277892,0.578267166561155,-2.52403044498082,2.25717716749782,-1.50994220147182
"61",1.97213967631946,3.00732069057413,-1.97094755992369,0.412279311132741,4.87184192934651,-1.72028810050176,0.385524527612282
"62",2.99700058338447,0.263631823405086,1.05751964398559,-0.369238264809786,1.70602233800026,1.28146785758315,1.08795969791438
"63",0.0497755959764255,-3.46497203637723,1.31653258874456,-0.562259872250493,3.13646794303733,-0.0352636541380235,1.14635713587699
"64",3.13186415875158,0.117466923048863,0.674490916454356,0.198514261842022,-0.997459093947523,2.02520500860237,0.411037712648453
"65",-0.129626948427345,3.54146572916448,0.854084938172127,0.243605219060493,-2.1810775591094,1.6412762589315,-0.169799511150479
"66",1.47117434689841,-2.48524561131408,-4.32574798968629,0.960013233431666,1.27294991198333,2.32529252046803,-0.102462489795381
"67",-0.201540546542004,4.96178795278534,-0.66384509913415,-0.225326760521747,-0.469971508132046,2.98093415753239,-1.46967883616773
"68",-4.00268971716291,-8.04876850641793,-0.522189332060479,-0.285484968094295,6.27539476315398,-6.5239447784015,2.68950490308441
"69",-0.858854933164111,-2.79158641474638,0.679488260378404,-1.98548677022195,7.18737310017347,-2.44380909516121,-2.30817811304861
"70",2.90640732565707,-1.43702233117183,0.795364991923463,0.305984868415137,-0.631619753500702,2.09800557355775,0.301654248203795
"71",2.71409650450255,-1.6524729701201,0.945194231874607,0.413303336002866,-0.900219512299622,0.781537884342671,1.66266452024704
"72",2.47778133121042,-1.99596071516812,0.8306777754698,-0.260170801341394,3.79291147539094,1.55692506900285,-4.1329599393944
"73",2.6124234581946,-0.852867896042665,1.56470887892008,0.809277306184227,-10.1133876977752,-3.08268934321222,-2.59306788377645
"74",-9.56103623224786,-9.93712667265636,0.56567039585469,-0.0430907023341071,-6.90868373987464,-0.190365971381552,-2.898395898103
"75",3.29545058263423,0.104071977905018,-0.149796257533167,-0.391322760333042,-3.61872374746005,0.637803255490191,0.0339122732155721
"76",2.31103580323969,1.64676961414148,0.905462818028542,-1.02202200799949,1.74645076304168,0.206979696433183,0.54948963283491
"77",-3.20102743457054,-0.695392900385833,4.98386567245745,0.606227985835951,-1.35950291700451,2.47592930724815,-1.20950006200346
"78",2.43699500395746,1.67132961823598,0.609738824670935,-0.177803032896922,3.27878427946953,1.67352548281562,-3.38902078104509
"79",0.885445539191573,2.41689818165652,-0.391704021531628,-1.66766971473375,1.41747712963593,-2.82865885236188,3.77687000456313
"80",0.140526532024778,4.70445501951828,-1.34225947281571,0.272051624924117,-9.29241967993003,-4.32866180235197,-0.71561660437253
"81",1.91029954283247,-3.25766925405301,-0.809304400422439,0.993000808576259,-0.635890851356656,2.73507395427424,-1.36329842684298
"82",-2.46133857453147,4.41802605818289,1.61952544168275,0.0433115654422553,-3.9277970513244,-0.704734401453569,0.904065467905928
"83",-3.74535017098812,-5.64116720069043,-4.19587909719265,3.42681653569771,17.3997444911287,-17.6401330385187,-4.51718111913496
"84",2.36679851674835,-1.00412828953161,1.82574406944511,0.289053122587087,3.81140206491051,-2.71290384601792,1.98797455587411
"85",-5.97243206557478,-6.41126517395538,2.87512449520755,0.503646819339695,5.31915397236006,-4.00441816015811,1.52198992607892
"86",-5.53295834408067,6.88601881421844,0.201702096451466,1.12603755642545,-12.8383194133503,-8.26532322063744,-2.00362827189167
"87",-3.21260045349267,-7.32983092330116,-1.13552267678712,-1.32425489958301,-1.53578242451402,1.52531294988856,-0.359651587458014
"88",0.14173159978622,-2.91869244506008,-6.36745845386531,-1.67006784274137,-7.63083142315193,-0.952825877957102,-8.3290864787909
"89",1.72443252685427,2.55068437814045,-0.876967943814864,-0.478930855695379,-0.289126119381073,0.804792128560206,0.277442808197385
"90",-8.38359655296983,-10.2117051817686,-1.63852818439028,1.1273833032982,10.2273916405326,-8.87833493076677,-1.76614032229907
"91",-3.31347647691376,4.54706562334219,1.75201708513863,0.361691477928766,-5.77557379381074,-0.0251259958922321,-2.23924238904006
"92",1.72735564679801,0.399482465383448,2.20646256966149,-1.22364638884428,-1.11638721049967,1.63618761118091,0.320615942065911
"93",-1.25236248945288,4.27443077382091,-2.26751893462906,2.60071919256095,-11.3048458778895,-11.6925084469418,1.24199873845052
"94",-3.88006616446442,-7.55655338568232,-3.22606258933837,2.86969010309712,1.67206964090527,1.51948483570286,0.156733155425562
"95",1.09078038771481,2.32666458236384,0.949795282437115,0.937458967544383,0.593519407843146,0.868331542028127,1.05769211065552
"96",1.75400788457815,-3.23509666140525,-0.148221282247681,1.52475046247092,2.20530143782747,0.765680272364203,-0.4866089042659
"97",-1.16400963231673,2.24627800691938,1.90379627346498,1.18778682290965,-9.5216539510598,-14.0240190262679,3.32011204634609
"98",-6.70812773533276,10.7849456514688,-2.12499991839873,-1.00449893194123,0.140970273961659,1.67424913864262,-3.85823570007193
"99",1.53889816279337,-2.65044844266872,-0.687053208570592,1.52861234134579,6.95818557688956,-2.19702805005242,-2.55093017733315
"100",-19.8715904615654,8.66403895863088,2.45483952306571,2.26746124005585,-7.22201380439496,-6.31283386066873,-0.0632357150099856
"101",2.74659953836631,-0.582261233666323,1.40443849461438,0.476786506172388,-1.99007789787172,-1.94183292279617,4.03167061872864
