"","V1","V2","V3","V4","V5","V6","V7","V8","V9","V10","V11","V12","V13","V14","V15","V16","V17","V18","V19","V20","V21","V22","V23","V24","V25","V26","V27","V28","V29","V30","V31","V32","V33","V34","V35","V36","V37","V38","V39","V40","V41","V42","V43","V44","V45","V46","V47","V48","V49","V50","V51","V52","V53","V54","V55","V56","V57","V58","V59","V60","V61","V62","V63","V64","V65","V66","V67","V68","V69","V70","V71","V72","V73","V74"
"1",1.23280020456264,1.29879283347379,1.29170402558416,1.32954441509084,1.25955080285636,1.2197731111082,1.13166709933016,1.09657364952691,1.08246236027412,1.05632348687971,1.01302434582804,1.02081949255306,1.01058414909489,0.978108055645481,1.0273049505848,1.02449258866521,0.978820050173992,0.909649352262111,0.934782480817706,0.905452392350504,0.867374486673548,0.855152405153967,0.83218086696766,0.843104555773392,0.809511210475831,0.819047139384621,0.850844360988675,0.857174871233758,0.83018261184129,0.83560888866392,0.827652958449407,0.841203503617661,0.861454618530101,0.831307769195518,0.830696737727033,0.792220030566551,0.824014530886831,0.893843548289123,0.890675604031778,0.869142894473708,0.868731538891337,0.861177209156347,0.858749271467932,0.85107888350056,0.838905468217461,0.84600002345963,0.853438515448051,0.872286238057282,0.875642320364396,0.892612440898187,0.900129479199987,0.925536007757573,0.933836297467124,0.945842528155089,0.953419477337289,0.963738042657315,0.974246807503105,0.97618922374037,0.997998282128557,1.00690978704483,1.01761035441562,1.03015653256659,1.04258964249516,1.05482243419566,1.07007103425558,1.08542332212927,1.08937680643469,1.10150238594505,1.11459057858846,1.12870469297894,1.15004911145338,1.17337767193707,1.17640640962713,1.19139534894078
"2",1.16510771601345,1.16553722315303,1.17645470396899,1.18095835223649,1.12941296617268,1.12946996189099,1.13761215126074,1.13135698789779,1.12000470965361,1.10956433617247,1.11645120062597,1.1189455467359,1.12404630564552,1.11709576496687,1.11693001547075,1.11305199875762,1.02696320334334,1.0257373256162,1.00622437534464,1.0011943630762,0.922356724279641,0.927041709422015,0.932159208463554,0.854040532548153,0.856175018299246,0.793191547468991,0.796977715961157,0.803661253844621,0.802696664377342,0.796524021950475,0.795785704167544,0.789474730474231,0.74500549175904,0.750250173137701,0.747681560524471,0.748137956470096,0.743482388304349,1.28464783751347,1.25660523230096,1.24227828245469,1.21223569454862,1.18814806602839,1.17210550519452,1.14918308528636,1.13455978286018,1.12039046754397,1.09881935415972,1.08053008462683,1.06657326491839,1.05028651865994,1.03291198314979,1.0161272351521,1.00469318306999,0.98917614743716,0.97459735719097,0.959155017951411,0.938028147968216,0.932559609216747,0.914185548682836,0.903365490941727,0.880689443374311,0.870133705776011,0.854111606548698,0.83904912181639,0.819734227830449,0.817360976539475,0.811289357349519,0.802765915720752,0.790413200766885,0.777009879583965,0.773437274179285,0.763468917869696,0.753221420336588,0.741102934536336
"3",0.987522365762019,0.985068701074069,0.989991330989345,0.989523165208774,0.995797563950894,0.931232868702343,0.936805453742679,0.931364573198036,0.920164488790885,0.942705641748396,0.949232329648746,0.947272702683281,0.954162389450347,0.951194740617029,1.05247667084104,1.04828415680018,1.04843050265751,1.04849783397022,1.0303797217004,1.02580184184883,0.962085010491247,0.965848269854787,0.971585593814395,0.968321220401055,0.970964719507647,0.977510909009578,0.98095021962044,0.987781511227118,0.984314847632812,0.976528924640053,0.975328315346849,0.969799022970236,0.970180670801005,1.04197360992068,1.03790258757914,1.03552172487093,1.02768521246202,0.669820372346718,0.694570523555188,0.716954547394308,0.738990722528927,0.757461463307328,0.778512033208396,0.799913706191836,0.825109695661049,0.847348478577702,0.867444536934401,0.893819090897271,0.919599139767523,0.923603075240741,0.931628813871235,0.940838800671224,0.951182839327128,0.961671371275669,0.970985935817804,0.982466102676918,0.991623056595446,1.00199135475418,1.01043984282821,1.02511621521071,1.03333617151727,1.04572591402723,1.05553837532837,1.07081761486286,1.08257850248636,1.09433100944652,1.12362367287908,1.13947735834549,1.15149792867832,1.17105053240352,1.18658198588248,1.20616820759357,1.22714594862532,1.25367565628301
"4",1.44249626002565,1.34797631596998,1.35616641658678,1.36098148842974,1.29805036295905,1.29230010252718,1.20235805337044,1.19410530016781,1.17971681848996,1.08905672582346,1.09522772897929,1.01733153871629,1.02185624683118,0.943800735317189,0.94610488270146,0.943093243328734,0.941990889171285,0.937510358161849,0.853122301103282,0.84815426587371,0.847109055396268,0.850984997562538,0.853142304992945,0.850617421440766,0.851820026792598,0.857987410476659,0.863555568218221,0.826415078311581,0.761484748838265,0.755144606220992,0.753045547322261,0.748321506620239,0.690068561604537,0.694614823202405,0.691117983023876,0.68883857887412,0.683650562073172,1.02504754532273,0.995682818510619,0.986189471054924,0.976807455125611,0.965571620051185,0.966081194522233,0.962042412539466,0.957547630005251,0.962449705583204,0.949866929791934,0.947924233975125,0.945647289794859,0.948794802817965,0.950968340452832,0.948427259612452,0.952879895871539,0.956813261570546,0.957001029984185,0.955711868937972,0.956421416538305,0.980964274846377,0.971855167455636,0.996977616632988,0.997405578685447,1.00270914984794,0.999703910063941,1.01453722393527,1.00106536610638,0.996957842606257,1.03870925766598,1.04978505036565,1.06872237777265,1.06137107056595,1.02117860463962,1.01168912383475,1.00177644384403,0.992448496399493
"5",1.00968368566584,1.10501582096784,1.11428554806111,1.11723736641316,1.12614060864039,1.06281811868617,1.0717776954763,1.06710734805256,1.05587160921898,1.04478528895705,0.992277532221965,0.992546077487351,0.999703013286668,0.995732812172679,0.997639654154924,0.935408914109022,0.937924127268674,0.969545142803208,0.952849194033764,0.892167282831695,0.894076034151827,0.898640184237567,0.905122366856367,0.902324215692672,0.905032603391655,0.913694887696164,0.918472260642846,0.926075997950186,0.924616927730434,0.975547539878706,0.97499686303223,0.969185363603717,0.970219617956818,0.97848128021134,0.974767657562917,0.973279057249759,0.967066963131578,0.741066674086189,0.749323856238858,0.755343778162988,0.764730454977683,0.773445956155695,0.77597225339322,0.783199994338625,0.788438992902162,0.795071403263018,0.806761025276361,0.807809142638343,0.816710409963862,0.821337726309922,0.827461215709121,0.837171671413932,0.838517561556035,0.854648360580284,0.870057075276106,0.893103379300458,0.904767062536461,0.923675566474184,0.943700274702413,0.970366493283369,0.98646242146215,1.01709060095871,1.04068091701709,1.06411683444406,1.08966856467196,1.11673536053764,1.17027456227223,1.19815428363889,1.23663423960664,1.27576824647123,1.29849629715802,1.33985913995777,1.39765182934967,1.44554858622183
"6",1.36641214703294,1.43949127396425,1.34418896007569,1.34893040532422,1.35330645224059,1.34916520346149,1.41964601655395,1.24604354525596,1.23124256221825,1.2219436263921,1.22862961786552,1.13874324404148,1.08654341464836,1.08202954123224,1.08273104346711,1.07899928916377,0.996850328032879,0.992867508720439,0.974765937752255,0.968439479450467,0.893174427553669,0.896593463919673,0.829638921027322,0.758992759757585,0.696094363346497,0.641781798099615,0.586201575027988,0.590536527338841,0.589621084919107,0.530748639137345,0.52996316309422,0.527563493102627,0.52809721737768,0.481208449125242,0.48018569276704,0.48033465495628,0.478238181705639,0.961506231364165,0.940542175291678,0.926706911156518,0.919159649658164,0.917570719343535,0.916902659912212,0.916349698338152,0.913231715951,0.918252371129483,0.909229802944457,0.911706087569512,0.917843573462216,0.918196609190941,0.922877946277955,0.928292815709997,0.935773326721623,0.942045772262608,0.953835140188671,0.968194331374066,0.970254013195162,1.01368897979735,1.00986098271569,1.0549815655181,1.05922349327236,1.0835369629972,1.08846365832784,1.11887726168665,1.08601200604635,1.04472166905868,1.08552614517655,1.0733876486096,1.06873182909014,1.06191135334596,1.00185247655871,0.986895921210268,0.987872664841938,0.980473623668656
"7",1.10776324426064,1.11976066265656,1.12585860723737,1.13374803969612,1.12646700445551,1.11629226449196,1.10373960934587,1.09003269298909,1.03118293841374,1.03284803660571,1.02825675302456,1.03150674800865,1.0315183611682,1.03366262324034,1.03526461560004,1.03113074255486,1.01933449864772,0.997328930890127,0.988532036203329,0.975589309935419,0.904509528286022,0.90466681567937,0.899344023708257,0.899041029531131,0.901419813576715,0.909551953212975,0.922261438806465,0.928421068666792,0.932736134724007,0.926124800209088,0.881736707675591,0.877607977737709,0.881864470880285,0.876831419241512,0.871478221419783,0.829200440764864,0.82948836525376,0.718665429604789,0.710780193450331,0.725683498222477,0.723320864719075,0.732304635289368,0.744948615302549,0.744619807092347,0.745418493766709,0.750263809907459,0.75222699967721,0.766448026204268,0.781323121427174,0.784877410161078,0.789156919740527,0.808051061043895,0.814249290193612,0.830835820235397,0.854185231663825,0.858229111008482,0.863446312509137,0.878316789926729,0.886600590574453,0.901558217968453,0.922379247153167,0.928892762945263,0.984669434128783,1.03798195259926,1.09492736569055,1.14309239112881,1.20428529329858,1.24421617288605,1.29243347896739,1.34283426053551,1.40494175202804,1.45880540231403,1.51187719318778,1.56448302027932
"8",1.03618645557965,1.15582148359353,1.16496608786998,1.16734433522971,1.09668469172939,1.09868825759006,1.23248952656688,1.14350674698579,1.13191806702951,1.11970132403634,1.04790283359234,1.04702913402668,1.05643502159408,0.978275729177651,0.979531784465038,0.976994982368282,0.978705181981919,0.98092582846422,0.894759508636591,0.891874671284044,0.89328523319556,0.897937139169826,0.907899384434308,0.835843543579064,0.84342280061924,0.853329390763709,0.857920564112662,0.796691579222897,0.904777240241438,0.902233401770398,0.904657139422106,0.90259368226145,0.905740452801789,0.915761669363685,0.916833743670553,0.921063162541263,0.922199988632251,1.33085431595741,1.31331579899624,1.28647806569039,1.27126448117383,1.24126587791147,1.2267802447647,1.1981485652473,1.16964124365165,1.15697404777292,1.13535916402611,1.11453177753382,1.09047197224691,1.07525663114991,1.04616962430873,1.03450578014332,1.01316144841142,0.991705577779199,0.976199793816211,0.951014960366143,0.935217703408281,0.916533485312327,0.901648815586931,0.881755106933351,0.860770892610528,0.839367100094116,0.820084220331369,0.8092681814926,0.787011098580345,0.775164224082721,0.753676633647138,0.740638361093583,0.71898943391341,0.700047909982823,0.685465674903489,0.666927953100817,0.647130336153167,0.617288605678841
"9",0.714017629964517,0.719733097956777,0.724310804800476,0.728821729060646,0.780130128115976,0.774412354569784,0.768339329858968,0.813097197284471,0.857734208417994,0.861317608068824,0.876929371068634,0.939724329338036,0.939176048274827,0.945614365280381,0.949192665080494,1.01105095898647,0.995116188975691,0.964312083664399,0.962557781664925,1.00691130326874,0.987587367502937,0.984529023060029,0.972804216785029,0.976100145998694,1.04116490772762,1.05223796893765,1.14379746044567,1.10818031618505,1.19582448538172,1.19543671427483,1.18599230159209,1.19337740976565,1.15984724342379,1.13763925501925,1.13291162690432,1.12568072216819,1.14704578812986,0.427610606221138,0.424297399593949,0.421583908128634,0.417780028993066,0.423156280916398,0.419119595823013,0.424847614648389,0.423099597020972,0.428793053207061,0.428257055911046,0.429215726992142,0.427532460395752,0.4663155653276,0.51369522282576,0.554254273282159,0.604955519850148,0.651113866076143,0.705157245069747,0.750543666841616,0.806120216533731,0.848618707225637,0.900672800089281,0.95999223782364,1.01154219314426,1.06511906813429,1.13116357907274,1.18680261002217,1.23454025586293,1.29875148482335,1.35837826924485,1.41864099355343,1.47811047605291,1.53833157343062,1.61344236265499,1.67887090961224,1.72360200341688,1.7989875102265
"10",1.04566654112729,1.04421676317841,1.04460530959145,1.1741557229142,1.17599926228201,1.17328808701637,1.16287941392191,1.14725277244078,1.13409680362525,1.12513562601335,1.11649070367472,1.11023429074527,1.12102452951151,1.12565395481791,1.1228668187883,1.11468218439257,1.1023623013578,1.09535174945057,1.09231388924421,1.08492523488793,0.885562827865488,0.882558732534796,0.892183818309819,0.901934240955165,0.801380352155254,0.81098998562661,0.822429657731703,0.830461530006523,0.723405947657099,0.730691568220624,0.739365090420582,0.748527407999577,0.757276063902717,0.76731602716623,0.779951141888647,0.797039401949605,0.816130816957191,0.87311904657995,0.884091619657708,0.889850160475309,0.904498889324857,0.911288429058407,0.925640237454598,0.929395755411178,0.940480242260113,0.956991769031115,0.961220799156619,0.968148102735879,0.980816261564812,0.989073422413771,0.995568097432261,1.00006155579791,1.00898047868537,1.01791617131729,1.0192776478617,1.02908213629935,1.02929016338976,1.04962622732146,1.05465900566173,1.0661618268223,1.05479025490272,1.04030833508288,1.03397955512997,1.02951017790959,1.0175518963068,1.00424534631108,1.00436270476668,1.00257411778204,0.999504521844096,0.991564719869457,0.979655371310826,0.97798450948744,0.968226267912601,0.960276708961325
"11",0.737340956848955,0.737815904122321,0.741668451807401,0.741950039755031,0.743680053227812,0.778504884339581,0.78045631429082,0.774521764547906,0.764419583617528,0.817597630414261,0.861134660516227,0.86141789644415,0.864137695364221,0.927257271328915,0.928958246995232,0.969431152211214,0.963054562518587,0.950228128904795,1.00414481664044,0.993499259318931,1.02900230590473,1.02978136329739,1.09220305205312,1.09168176142294,1.09426214797801,1.10184735052243,1.11661930730255,1.12354437271514,1.1264633765765,1.11869126932898,1.16078671431921,1.15686394981376,1.16248745476731,1.15513329807291,1.14788701584513,1.18954576822775,1.19274993920541,0.887095186438291,0.890100174000262,0.89632718686313,0.895886454956814,0.906294686563638,0.912776337927304,0.910687184712782,0.918229015749834,0.925596153433493,0.924241697561782,0.935320204921134,0.938394278446561,0.939840488798372,0.945302966893054,0.945696275334509,0.9547849775226,0.96260582232042,0.962529940039188,0.971182240057968,0.981251301160526,0.990624603412338,0.996062565797215,1.01026140525674,1.0122850404828,1.01726997620546,1.02347692715565,1.02338449236504,1.03167260713445,1.03943888153393,1.05328256669327,1.06148125901308,1.07168682883649,1.08544104787686,1.08330252471284,1.09132100435031,1.10951250524183,1.1080407706104
"12",0.939196042755454,0.945998670395877,0.952467243775374,0.957814996593959,0.956051112127136,0.90678203790401,0.903573749244283,0.958284284867699,0.946940175824395,0.946051279161693,0.945111921284985,0.947366201291681,0.948465348020686,0.949143736287945,0.950879130339802,0.947619561919858,0.940292714917294,0.986155486069572,0.976654575540927,0.964400223994082,0.954010699820985,0.954517200622467,1.00972134006508,1.01016318572121,1.01361768911943,1.02374999175155,1.1075825070996,1.07035159557494,1.07786089391231,1.07200129097581,1.06517379611984,1.0624088269957,1.02371592366886,1.01539520696449,1.00915967180589,1.00318093627325,1.0072520121666,1.05335485584683,1.04862449652143,1.08317163464435,1.08901258747589,1.11418716585464,1.10435432857871,1.11404325050479,1.14922642316046,1.15960236570686,1.17286817329696,1.19207509410394,1.21703158531164,1.25842201683996,1.27616415842716,1.29332875323261,1.23918387902138,1.18855611645366,1.13980312066465,1.10883416287609,1.07024876528993,1.01493407261856,0.969099141686597,0.92561726254458,0.880549831783951,0.859417335504071,0.819017728399059,0.779034549752696,0.725086650071055,0.693920046805154,0.679824469213255,0.646990354430517,0.614962006725288,0.572862636288673,0.542471276521639,0.516527029264789,0.514294518034173,0.491334903121358
"13",1.42569060461118,1.42265490887385,1.3378155666705,1.33816997786212,1.21057382162729,1.21063226573584,1.21790115803514,1.21062022559704,1.19796006466467,1.05598140699399,1.06167687913468,1.05928472253655,1.06945525429249,0.945290045481344,0.947169055196113,0.94351533526289,0.943015413743068,0.943999527015432,0.933528456107495,0.854359513795749,0.856008856776615,0.859194265282064,0.869163499826782,0.869610083935878,0.878268792408266,0.885850286433174,0.891148620364684,0.89814334879495,0.898381173590583,0.784673214944053,0.718088593396941,0.62012162749086,0.623234573711396,0.630639208523695,0.634081634287528,0.640579551856468,0.644998711080397,1.24723328368507,1.22042209608606,1.18838591611676,1.1666938210601,1.15357260779823,1.14050575476588,1.11772059603866,1.11076184322233,1.09717638829095,1.07879837464716,1.06043145358129,1.05350932687324,1.03789137464841,1.0243146298968,1.01396046374657,1.00278989270427,0.98762820391563,0.981683080213495,0.96726843753311,0.949605239828992,0.940622047241176,0.931594753540239,0.923332967396566,0.908068721109294,0.899323066799577,0.885256352991476,0.872100355210641,0.865711633071978,0.849895594080265,0.845005772593426,0.830098825099951,0.823668879964539,0.813511588829388,0.796402174673024,0.797421809069821,0.794100086584251,0.793552239422647
"14",1.04626119031856,1.05561856217608,1.0615549804706,1.06805219782579,1.06419914245569,1.05655422514716,1.04948452004765,1.03917059366425,1.02637456422528,1.02677849989333,1.02608412906128,1.02878459416045,0.985950906855924,0.988529599840377,0.991549225155425,1.03489758599184,1.02637457929553,1.00744416071309,0.998020740950419,0.986825180819974,0.977118170780971,0.977813823498016,0.972718208902546,0.973144236694115,0.935501745269054,0.943937674685994,0.956690616680382,0.963709106876177,0.967763865105636,0.961503375302801,0.956138091360619,0.953234651164863,0.895166097942469,0.892424392528432,0.848002137446934,0.842441896909991,0.84133276627653,0.906271295204199,0.928278066812755,0.953489181199265,0.972873110453267,0.993068806914976,1.01223866696999,1.02523481901997,1.04566317301696,1.06682387995632,1.08757062045828,1.08725691862154,1.07576387215536,1.06094312676623,1.05018576769664,1.04700706069357,1.04457472308749,1.03710439242659,1.01790487576046,1.01505571927743,1.00654508290986,0.989766096886858,0.989721568952998,0.983416812506878,0.974090143372162,0.964502252666517,0.950285158388364,0.946794289273092,0.947399860298106,0.943480303597743,0.932949490241712,0.925852713353178,0.92228730579621,0.919641038611868,0.920198934824808,0.903967486495661,0.894642022878484,0.890959628730547
"15",1.21398831860556,1.22741788191812,1.23518064472242,1.24504236567227,1.23796928058324,1.22733132998885,1.21411318713144,1.19960401173685,1.10852053641253,1.10949760408996,1.10633779642645,1.10948823688512,1.03782783029502,0.993390796146436,0.995307508694906,0.992053435926708,0.920095600857045,0.906466848673723,0.895097816559572,0.88551867593504,0.878380976355948,0.879869277695331,0.877136332326394,0.875642631079234,0.877235793455427,0.885915569707854,0.896643624123583,0.84489781713473,0.847189851429961,0.840907200324268,0.836320251996831,0.776289412962329,0.778593840573936,0.77736223990337,0.771994942573952,0.767371830996464,0.713073433236666,0.738382179938556,0.751657247695642,0.758943050207467,0.773683654788668,0.780421537136596,0.795312580626868,0.799231744963876,0.815644570643307,0.821298395454318,0.838767691105162,0.858701707385913,0.862953323285586,0.880857587359072,0.879579111600152,0.897903340255441,0.90641473507176,0.926986757845472,0.935981363206811,0.954364263745477,0.973370000924205,0.973029134813793,0.995854557014898,1.00140739521677,1.02038380785577,1.02778079702714,1.05196141864434,1.05962964400323,1.08326505711906,1.11097255817024,1.11162538961502,1.13425194347217,1.14182031141933,1.18694821230706,1.23198759811465,1.2670190255799,1.30078959715339,1.34626646719233
"16",0.913970191654574,0.913903650262593,0.919608694102161,0.919547558773335,0.924192021773011,0.921624609140235,0.926720165835566,0.921420043751924,0.91005674996667,0.902193706413205,0.909389842833484,0.909154825004556,0.914837058464343,0.912534910650179,0.964213913890297,1.03966619042678,1.03726259142205,1.03210130077599,1.06786543846377,1.06130722276316,1.05925796588778,1.06324166996672,1.06483993435897,1.06405726976098,1.06537100870281,1.07188741636073,1.08065961465751,1.03609060728351,1.03350862021686,1.02430006303833,1.02075898227458,1.01415808230266,1.01506416096071,1.01929725872312,0.940718424647238,0.935706371979906,0.884036771653498,1.39803976415313,1.35799421488028,1.31816563316599,1.27719322524037,1.24581851182529,1.22322985274456,1.19222361948583,1.16967107145725,1.15633847169694,1.12266020437667,1.1007319971873,1.08283209447151,1.05676678621914,1.03931298508715,1.0234350445635,0.997938788094046,0.983248613942424,0.96302062924596,0.943679635770329,0.927702161606216,0.913204424839435,0.890108030704953,0.876783147887214,0.855932510570762,0.83603012268549,0.816903033358354,0.800958725637423,0.778268230010331,0.76118031780442,0.749690485367709,0.728016937352006,0.712984027710317,0.700488562316895,0.680116108457327,0.664359138744547,0.649519923693869,0.624561893709513
"17",0.944929352355153,0.944035598215502,0.948696466299703,1.07955830706808,0.999202913188572,0.998943754799346,1.00036430514629,1.12887305291893,1.11607177652712,1.01684572426175,1.01989283290223,1.01677787844361,1.02625529737794,1.02613975849306,0.942104031576482,0.93855601882049,0.936887237575835,0.937127520070452,0.927755173822488,0.924050231165207,0.924871116419807,0.92747798783777,0.936989901818144,0.936674950639513,1.07548140160181,1.0843959319912,1.08977699898773,0.965257123431944,0.964844243081482,0.96139485312942,0.962863478096207,0.881287581106487,0.883731588589043,0.892391003088314,0.973928895132482,0.977852278332352,1.10290316315673,0.78593572557436,0.805769360995821,0.822715111641547,0.838796673620634,0.852348198246515,0.8707987316594,0.885214939212527,0.903499247847562,0.924042525746809,0.930050311274753,0.948452948919388,0.965691550225545,0.984972170986624,1.00629031225011,1.00108663711105,1.00137867736508,1.00156398281478,1.00712702703031,1.00783411872833,1.00627136162197,1.00816326278348,1.0100273936357,1.01825997434769,1.01885960558432,1.02266472314131,1.0253866867544,1.03422523228182,1.03834734232503,1.04247267981799,1.0525878196964,1.05821727881517,1.06079796482895,1.06764013432907,1.07073219072965,1.09040415194671,1.09584570275437,1.10042760646911
"18",1.44389982090965,1.44245934065345,1.45384090058286,1.33086618785174,1.34145896621499,1.34150274371968,1.35136056734488,1.22445496951677,1.21124592667531,1.08666923719896,1.09440435411896,1.09303032460479,0.994236530736312,0.99106453137328,0.891803487522967,0.953911666314335,0.857316817588666,0.8594959493561,0.755320958045447,0.752147040861234,0.813252635161599,0.81716772800731,0.735222754728857,0.7339399259749,0.797362647258726,0.805710139525279,0.809257911307683,0.726923519099979,0.726664647724797,0.780972465652594,0.78150762724244,0.694049157107628,0.695983783496102,0.702906738313689,0.758462274055216,0.760366362225628,0.678021398378621,1.05306011595238,1.049688800141,1.04271611570881,1.03664334941162,1.03753320463042,1.02924848938547,1.02571898703784,1.02640659221912,1.01926520797014,1.01659022807329,1.01244242897042,1.00517185806876,1.00557849413944,1.00035455617858,0.993374077635531,0.995006905855727,0.995439014589483,0.984953618432638,0.985707373346532,0.984170600002497,0.981227629175492,0.97900673987953,0.980081187318674,0.9700758700431,0.974334226311917,0.969338507136028,0.964151155294865,0.960013231321672,0.953524044604462,0.959203162233439,0.960322606985467,0.948708165463058,0.939075476089183,0.924388821010586,0.911637593322653,0.903914250227035,0.888303307696007
"19",1.46581812622442,1.52692245240733,1.52593973407912,1.56250945625584,1.33367095193686,1.30313930672076,1.23900109849718,1.20900676921131,1.14549082313019,1.09996931728994,1.07212864365802,1.07878626447436,1.07234170050447,1.02376639256078,1.0276965978492,1.02431338843709,0.935888275820161,0.895338111322579,0.847817925600088,0.830700349442619,0.811027449484552,0.806908205718677,0.79533548508953,0.799611259925809,0.805901378399233,0.784900760240445,0.804266067401192,0.76286178794547,0.697475595890186,0.695182647215495,0.647853020601828,0.581577081960242,0.586002454009639,0.520898755296921,0.48467207462684,0.461265116656248,0.431209453757328,0.428888947397071,0.452391761237132,0.476579510915466,0.499138343257483,0.518618147096454,0.547312474388511,0.570558644224172,0.598821912299801,0.624427808318352,0.646615596398243,0.677602814774374,0.704063683617985,0.737291748742541,0.765509778126083,0.795844359084507,0.833990934583403,0.867894230364068,0.905422061775998,0.942985633279464,0.979861862070787,1.03374181080755,1.07339292474462,1.13774190478362,1.18345061084393,1.23809746226268,1.28749395878671,1.35424434129854,1.33387058007592,1.30941793595025,1.31910104321332,1.30651990199337,1.29359815199883,1.27810265256893,1.24470369719694,1.2333394177355,1.22745998543218,1.21391471999595
"20",0.942521349843408,0.940362634655142,1.04397851572545,1.04257462947649,1.04997761637672,1.04894917906433,1.05602899637401,1.0503324669655,0.973966117614586,0.96316916105482,0.97034182943671,0.969197581353152,0.977285460389836,0.974775573740774,0.975931972229271,0.972682776641823,0.973250876653288,0.975423509153588,0.960155003059463,0.957626424928602,0.960287118897623,0.965714358145496,0.973164661237861,0.972481001710723,0.976774934613523,0.983399195648876,0.987901898248651,0.9948669692718,0.991170544916062,0.983949136140957,0.98366975688198,0.976942143872403,0.977250431097941,0.986653745496723,0.984346243167467,0.984186211051152,0.978601512842631,0.998672294673056,0.98726774116818,0.983144164383759,0.98231995924456,0.98106457163621,0.982242695797321,0.982121760578796,0.975978337095156,0.975484895319904,0.971461125994856,0.97066486378289,0.970143563242869,0.971472457526243,0.964807933168632,0.968248733212573,0.969921329919662,0.971545237953162,0.972044785387514,0.974531856009983,0.967556544968514,0.977792200068301,0.974446439784449,0.989987043303411,0.987705764444545,0.990855953999382,0.981525544383622,0.987237643916304,0.986913968926298,0.98651774903362,1.00404573605099,1.00826907597107,1.0225427349068,1.02247447475952,1.01684484916639,1.02348497280598,1.01457208938908,0.995458530610662
"21",0.639362014741207,0.641754261490534,0.661812483168367,0.663326496439653,0.713327673889449,0.761236901950725,0.75832277304373,0.769111990439261,0.812766830496026,0.812425483446293,0.86837578368385,0.93050077608861,0.931036598068951,1.00018219604878,1.0726058127573,1.07009884667012,1.05435481196233,1.04768643594868,1.04497509486687,1.09529296140138,1.07631864374835,1.07369945443453,1.06269930461803,1.13111821175698,1.13874317838433,1.14966378047364,1.17601577463076,1.18444599391288,1.0807878958574,1.07735806855893,1.06980178695146,1.07134975103303,1.08169187776541,1.06817221072265,1.06282321648454,1.05614161264962,1.0679923631187,0.81542264612677,0.820113454259483,0.816886287681063,0.81100836700368,0.812920222234316,0.81379975620343,0.800953795695539,0.797544480179793,0.815700955544032,0.833910320423723,0.854405196479716,0.869831947334163,0.888578515607748,0.914003076577648,0.93300011465509,0.941801877244684,0.957385586399822,0.959329944014093,0.974320642451328,0.989149025467516,0.990442896115412,1.00828307313618,1.01470822689262,1.03755001700619,1.04674893132127,1.06442829338625,1.07360989877453,1.09317042021572,1.10645134964656,1.10797489118908,1.12442324971063,1.13374804676685,1.14960032126309,1.17933888854901,1.19537588767014,1.20149383172085,1.21478167589288
"22",0.903232279910454,0.901109287611241,0.905881752431912,0.903589784405884,0.908817831481593,0.906782504552612,0.912935714276379,0.907145895453732,0.896844186647839,0.886856859017775,0.893305133357641,0.892880915764188,0.898959851597239,0.895232605464846,0.896508073291793,0.945475983220061,0.944250970145504,0.998264122896068,0.981155263617245,0.977232946230897,1.03261968022552,1.03734622482324,1.04152766388073,1.04090292352584,1.09860425820796,1.1035885925852,1.11022994461018,1.11634184680391,1.11089542885117,1.10064339759845,1.09722443598251,1.08759582844,1.00347685058154,1.0098064319971,1.00486186472873,1.05530768169858,0.966816683847621,0.772896435634671,0.78555362745313,0.7941729453315,0.805538504175956,0.817360415541615,0.826746529767552,0.835894036230202,0.848709437073782,0.853589822388401,0.864655908366345,0.877749566107366,0.8846304968902,0.897034030056286,0.907459717079233,0.915957260848076,0.932677602247943,0.946084796950723,0.951631928968175,0.96577595000427,0.978465564733421,0.991687511918587,1.00485844000715,1.02112790352482,1.02817347158649,1.04744571411677,1.06112274159359,1.07274160042732,1.0815649933651,1.09717688488406,1.11191070965631,1.12960949305112,1.14982154246894,1.16482325139253,1.18246241978672,1.18423713920466,1.19309532804077,1.19262690281757
"23",0.726661537622036,0.725822528378488,0.801551341309812,0.877379695160233,0.883149652218331,0.961240124598941,0.968000476474793,0.962473698790978,0.950812246166618,0.940933366018627,1.03036586753273,1.03050341614243,1.03590863363574,1.03247402287242,1.03441903027052,1.03140403934577,1.032369903605,1.02982841469736,1.01190267273729,1.00616014229938,1.00630174488164,1.01113539173545,1.01511231344685,1.01163711322046,1.0127371531288,1.02148456097143,1.02765200976585,1.03545629621554,1.03359629315434,1.02497467304527,1.02197586111714,1.01553535453316,1.01642360916689,1.02150680877591,1.01533151073282,1.01054086675572,1.00372344046463,0.751973174760413,0.757311123794976,0.768328802812602,0.772919250330855,0.778950998222279,0.795940253528137,0.800718245714641,0.811822366878789,0.824804895642778,0.839388494435362,0.850225343969345,0.856940785581671,0.868305527573607,0.877945105657257,0.894743433808646,0.906981746238557,0.919158300048739,0.930587926553978,0.943767478268023,0.961282785098926,0.974037601604331,0.985062538989412,1.0047666220838,1.02287908756338,1.03806614023445,1.05139426225862,1.07013959337531,1.08529074046029,1.10878242208435,1.13830598233582,1.15372333862458,1.17923205245112,1.20424888962469,1.22756742478795,1.25343460530094,1.28221530047122,1.31035745672612
"24",1.17248100497896,1.20586672716493,1.26646740494965,1.1966728193762,1.16764602539562,1.14618879881217,1.10455588758953,1.01590537060999,1.00320349450143,1.01993411952158,1.00078943394589,1.00598372034847,1.00225091199786,1.01671663571024,1.0210649287701,1.01803531469744,0.992965281750396,0.950466895787956,0.899782555463825,0.882386039238188,0.86198421476401,0.857980346255222,0.846064308387376,0.850667167651327,0.857256199249606,0.866410952731462,0.888354517077213,0.894451732928033,0.907993921380546,0.907319837403001,0.89985432369682,0.904226579008909,0.916535196171229,0.897861073481193,0.894432495361936,0.946875315599515,0.969391183266874,1.1192508408867,1.12484076866496,1.1232879781418,1.1187260408209,1.11836589125948,1.10838554437694,1.09954500479204,1.08975614299037,1.08907743713372,1.07828367677033,1.07443187552791,1.06923490314233,1.05786393268043,1.04915156905124,1.04627969726567,1.03472919123138,1.02423133095777,1.01657648963304,1.01398625571715,1.00246312924233,0.988250413956526,0.97955137790064,0.957113106259497,0.941116285514934,0.921218140017449,0.912809050345012,0.893365588416336,0.882696929158813,0.868319911495171,0.851403131371019,0.838961450634128,0.820837178517526,0.803847631182692,0.805478472461053,0.789040372162634,0.774899409136783,0.757697651393378
"25",1.25302928834479,1.26163439134674,1.26587006443812,1.27714933608405,1.07081533208534,1.06614026134592,1.03453781838023,1.01462027366865,1.00279783874189,1.00326063425591,0.978057854642779,0.969492188535217,0.979807364338676,0.998861786422624,0.99776294897538,0.992528894771133,0.975634432388101,0.958695190032444,0.976487317804431,0.963601381585585,0.952398707306882,0.762609394376231,0.774245966174318,0.78530878302996,0.814089966831527,0.832813982135629,0.850240370504382,0.860959235135605,0.882077812806246,0.899345825666339,0.909330485796614,0.930556867178193,0.948333088972426,0.95380172624555,0.971044919217749,0.997126860667226,1.03456844845913,0.805713263448344,0.815227528950329,0.816572983960777,0.821789526104712,0.824549390554185,0.834721301543899,0.831811207088079,0.843510682174064,0.856772552153386,0.86672175683752,0.878214940863518,0.888400679746107,0.899960093966432,0.909730143646871,0.924579077466259,0.937015688940952,0.949329866774224,0.957235196615238,0.970258416717514,0.981521328945172,0.984715932853345,0.991924911469516,1.00875165530623,1.01525988750116,1.02868464127648,1.04237509214839,1.05428873700447,1.06920009746516,1.08488073020468,1.10190354396486,1.11963043473026,1.13989356988306,1.15493176765757,1.17073285566871,1.19083514371142,1.20617894343481,1.22583508423269
"26",1.21520097930936,1.1660863279444,1.17414361716911,1.17925392882708,1.17968438896416,1.17257512784286,1.16874358857017,1.15736241588119,1.14447064878656,1.06361067656629,1.06454628303307,1.06738101409672,1.0220359942198,0.949048925061087,0.94949518230467,0.945948522689528,0.94251943391026,0.977966873329417,0.963789865601723,0.955932194362725,0.951280700081797,0.955593287220708,0.956452382683719,0.957516203136705,0.858176948637638,0.86681828542687,0.876378803523998,0.883391835084936,0.823402649361583,0.857315455288148,0.855203608607413,0.849177552944146,0.851773797492535,0.794577112624238,0.791392251885841,0.79032109997221,0.787587739959958,1.15535743376931,1.10283058662841,1.09381848998131,1.07293889584129,1.07142847789389,1.06911690943104,1.0665118578031,1.0695983030249,1.07508131407831,1.06219256586125,1.06818425992518,1.0717411937032,1.07963157969285,1.08651092602703,1.09315054133179,1.08109622885298,1.06742155899646,1.06091186136147,1.05217206235036,1.03281107736968,1.05800269759368,1.01321944253191,1.01976949692664,0.981716561365945,0.955665788595357,0.911080566120263,0.891441978603005,0.857700082437659,0.828099873585396,0.839707813627705,0.81818612156916,0.805717281024397,0.784905778809668,0.743689230625541,0.725978904302908,0.708258449335816,0.689867418592122
"27",0.904234647203476,0.902398019567218,0.907617003237606,0.906904362585398,0.977539480712885,0.878212925883517,0.882789317849515,0.877734011915795,0.867869501765929,0.921442922733997,0.928234094104094,0.926651912684288,1.0380565660167,1.03718048499924,1.0408023640681,1.03800576854782,0.970533782280688,0.971903764891553,0.958080136177155,0.955666331326383,0.957771196934425,0.898312637962321,0.970889471254295,0.970625480993015,0.975332516830573,0.981056255388812,0.985645873225518,1.0600388016643,1.05596707752738,1.04868990685161,1.04757562105216,1.04266944130402,1.04348422735566,1.12159438093087,1.11839605321261,1.11588823125275,1.10936253046956,1.09952774409896,1.09812261781947,1.09801499287077,1.09464089603895,1.09870932365084,1.09588365771224,1.09889109538751,1.09912820537634,1.09892680993133,1.09292357468216,1.07843894621096,1.05921359914978,1.05317064450896,1.03786835124745,1.01991952888726,1.01342879787808,0.996360995516468,0.985443315410689,0.980208728067013,0.966035947348889,0.959862819927757,0.946907725748549,0.946615966072382,0.930513354624827,0.924299071582375,0.913344260410321,0.902148246956424,0.903958075899881,0.89049016456527,0.881255131668601,0.878905268618958,0.868281146223034,0.856763799127412,0.857802004571004,0.845383300161149,0.834355224411196,0.826346736128903
"28",1.15428305443237,1.19448468627484,1.19579322835452,1.22018190261209,1.18148656217526,1.1554554043237,1.10178546247669,1.07585534699531,1.06233761935645,1.08971282321838,1.05852027288078,1.06521835368456,0.993878346304912,1.0130495420074,1.01759062324604,1.05870003020803,0.963187176617998,0.915347005614244,0.926359210505937,0.904233924086628,0.877542322374292,0.870866607874393,0.855041036789913,0.861845972682359,0.870411985547038,0.881299975039874,0.908237902221104,0.862640111479386,0.879241071866157,0.880576285212628,0.872650544537923,0.879811570644621,0.894228885716788,0.871456472667734,0.868420511095779,0.863679888174459,0.887563088128125,0.908589957341393,0.919254509883845,0.933153719682732,0.938953300331346,0.946355037587039,0.954248736905613,0.953520103731235,0.966861755829562,0.975419451535308,0.980085532807271,0.986470195463787,0.997815375898232,1.00396778666767,1.00800992062487,1.01364854148513,1.02486952727736,1.03827180763007,1.03966284606094,1.03247909099096,1.0303662297525,1.02207922627273,1.01333243148553,1.01454849727211,1.00357119352224,0.998786787764365,0.998032974586379,0.994699973900622,0.987675836345175,0.992145684237127,0.984664477108414,0.981479673287377,0.981324860866486,0.977787963815608,0.971685881774744,0.974645615877214,0.964331406467536,0.964751784529794
"29",0.793244934937745,0.796628551966217,0.802304063471146,0.805443554605195,0.867436069644423,0.861984345218969,0.860283419642907,0.85266801718133,0.902571565033375,0.900117906995756,0.900665092106255,0.902138666210035,0.903861064063634,0.926673036804903,0.929163938820419,0.926263266807657,0.920697427253556,0.96820075757142,0.958378897700116,0.947357983636104,0.938755348367666,0.940006077184824,0.996273596135493,0.996304191579836,0.958437549589921,0.968089344237441,1.04697503403055,1.05488481006051,1.06143107879987,1.12635625194143,1.11862685398117,1.19253412303148,1.20214757797125,1.18910936307302,1.26010234309313,1.19952627129747,1.20984214842059,0.836096986562419,0.845048990846711,0.860428532370047,0.866354410736141,0.881101002053623,0.899412595367318,0.902491754517724,0.91683063510173,0.923162153708817,0.937617828978881,0.950167992552355,0.953352663559033,0.958867624078748,0.956550164678014,0.962047662188043,0.981453884691761,0.987936941181633,0.992810413387321,0.998436171995521,1.00377034268114,0.996184474153943,1.00475014918614,1.00721907153786,1.01165432702776,1.01033389022463,1.01949186712179,1.03351827787029,1.04304388390856,1.0538840657701,1.05173140997564,1.05873491686451,1.06335983314182,1.06901669991538,1.08437172598063,1.09022914058162,1.08735811285869,1.09956552349056
"30",0.947189585123284,0.946403114232632,0.952276501543291,0.888381242400963,0.894139269634216,0.89365747900203,0.899506389553183,0.894962288533361,0.885145356228525,0.816049503630967,0.82206446196905,0.820785946366229,0.829762770349725,0.831449202806647,0.834704740601846,0.833678315802441,0.834883910236649,0.837349463626484,0.921425202601764,0.920533433552159,0.924030119261462,0.930645698666531,0.940248570627526,1.04131620136581,1.04652848440849,1.05415534928271,1.06056559907934,1.17529776037885,1.17159752034464,1.16402647907179,1.16346437627968,1.15849376693627,1.16029395369741,1.17286501410031,1.17053583193586,1.16945037560484,1.16358062654629,0.823653277906838,0.832474540959065,0.839606364200457,0.846108895498546,0.855206176946889,0.866162579768975,0.873101493407266,0.886695191691068,0.900504522401292,0.903493837275176,0.916659794392553,0.926405698838855,0.938503907158688,0.948757033712499,0.963249329830136,0.975952985128075,0.989250270069106,0.998202263231478,1.01331783820357,1.02526840092351,1.05557191047854,1.06480272941032,1.09461692865553,1.10720658680099,1.10856130027755,1.08848591382214,1.08078879448684,1.06864216554777,1.05885173559444,1.0645229327758,1.05702232245844,1.06002789431693,1.05204832810756,1.02825684999097,1.01850661891145,1.01666356988659,1.00561699522076
"31",1.54285195149252,1.50122953110018,1.49913720368975,1.42503441683319,1.36871920705169,1.33334826754709,1.17797045733386,1.14828585670436,1.13374842311145,1.16631586121974,1.12882528473792,1.06629947433332,1.05892260211906,1.08204110648213,1.08686502921835,1.01570397440726,0.984940302982986,0.898684511060972,0.908944999728172,0.887429219717093,0.813479072037997,0.808318407025603,0.76654991831974,0.728967905846071,0.734663280180192,0.743475110578116,0.718616822650525,0.69587411415423,0.663014642364942,0.661461272282194,0.656420037478515,0.657763449602089,0.596577096214977,0.564862818732479,0.561505636642641,0.53476726821281,0.482504778857196,1.33987048393594,1.30102757912861,1.26715277784402,1.23644786870943,1.20258276844978,1.16886246988612,1.13525659674368,1.10195916472666,1.06980143641009,1.03296309970067,1.00165838269588,1.00209907917683,0.992185464999622,0.980143604987939,0.982151104284045,0.97241266021077,0.963016864348631,0.959169688112347,0.94932714829043,0.938912090760593,0.929954567972991,0.922071958158613,0.904945689269836,0.896634331419542,0.8856190512195,0.878569539051209,0.871177107554297,0.859698479387641,0.854067783534431,0.841659659328265,0.833252439037474,0.822886689881942,0.815606147500038,0.805034834074452,0.795777387423204,0.787109356779622,0.768108862104176
"32",0.79082462825829,0.787686470627694,0.792313342618543,0.790626036172126,0.846148951986038,0.844102598707326,0.849005377096528,0.843265875149855,0.884336317232677,0.873554822548494,0.932479330845421,0.930530886347713,0.992123630404194,0.987380489009752,0.988203656329497,0.983714357399891,0.983281729514282,1.04011552939866,1.0212804198025,1.01645671384711,1.07382663964252,1.07845351848292,0.997358100682632,1.05062879731246,1.05224479514617,1.05851780257718,1.06359931083174,1.06951722230889,1.06465659269382,1.05457236742504,1.05056874520684,1.04154904484364,1.09776167164233,1.10307757035639,1.09548318788092,1.09024269327734,1.08157204944158,0.70842511505078,0.725740166006757,0.737199098737279,0.750661969823702,0.77396908666534,0.786112485795022,0.797729547007254,0.809754098563434,0.830143881519274,0.840641660611188,0.865968616869785,0.879772380305814,0.896019361591496,0.909875112178555,0.921882754342168,0.938288919950129,0.961707624262605,0.978183078302514,0.996441538856303,1.00920031166907,1.03277658442499,1.05730428208718,1.07649017355605,1.09812042649725,1.09877636383921,1.10264429359161,1.10515611828582,1.11092147315739,1.10862539150443,1.11493054997389,1.12203892004211,1.13129456796651,1.14556031726307,1.15069001634198,1.16356993088909,1.17012828459492,1.17614774429532
"33",0.75701759989577,0.763115218278428,0.767772892853392,0.809191312013339,0.865687026750274,0.858496556893558,0.851540917208212,0.84276413792836,0.869771756214818,0.872401121657336,0.870105904891767,0.873223460063619,0.913114327331014,0.91842473879071,0.921944620158441,0.983057862776717,0.969522457181955,0.984323341632181,0.981875131875467,1.0302443484122,1.01309139431235,1.01130999156635,1.04044253274949,1.0459500106103,1.05280560205265,1.06230294286919,1.08557293053041,1.13766100630104,1.15085883353952,1.1481994023924,1.13991450384207,1.14320574908707,1.15625189118207,1.13810493234767,1.0637963212528,1.05714588551142,1.07119506925849,0.697176820028567,0.716205899473407,0.736262765466603,0.744570730688645,0.758358769656068,0.768293229858108,0.77336411894407,0.784072737942186,0.803565128009469,0.807312428921176,0.823285167782733,0.831188684182422,0.847305842355091,0.863673309931435,0.882171325071577,0.893400892057907,0.91329108160224,0.928286221065235,0.948625781751229,0.968573840987146,0.9745970060182,0.997030988877711,1.02072190304245,1.03183611709657,1.05248850806594,1.07553454914098,1.08872473276694,1.1203803318118,1.14567191131886,1.15425503917817,1.17855844942956,1.20286755788951,1.21872052793424,1.25073657767307,1.27598818647284,1.28700407102127,1.3098050685358
"34",1.00698515135468,1.00510122603587,1.01190752573089,1.01278574037841,1.01923815490781,1.01842052834444,1.0241563431213,1.01866536124283,1.00661186634539,0.995570632452881,1.00271490285154,1.00038566325197,1.00945811930529,1.0097412665235,0.942812332776485,0.941040727021195,0.942939230960305,0.945434802769481,0.933276885632184,0.930789031624384,0.933804668042952,0.939649757195018,0.949475697201462,0.94928481052766,0.955199466949519,0.964090322903206,0.969339566826319,0.977738205731689,0.976337371681083,0.970727824216549,0.971159050965505,1.0739327489476,1.00603342271189,1.0167342818867,1.01504871797329,1.01545566561851,1.01243756002404,0.781102737684042,0.795999871348235,0.80979698102763,0.817340257341898,0.831267006247451,0.840017336112844,0.850692474252086,0.859060673383921,0.874889007508109,0.887503498503473,0.895823378662756,0.908064481935058,0.916148656407074,0.928184821781935,0.931472160937679,0.945830482314347,0.960736873060518,0.96740855214216,0.9833357507676,0.990888739510593,1.00616963026609,1.01433075006495,1.03334765617058,1.04721905671435,1.05686075751721,1.07360794252019,1.08564540646475,1.10482708845898,1.10780860424692,1.11129337109836,1.1153345968379,1.12148633589503,1.12134115029104,1.11627848166687,1.12053165898472,1.12273722612741,1.12475508311605
"35",1.33218755821169,1.33083334453826,1.33752866201363,1.26420294571715,1.2698425245621,1.26505766755529,1.27282468720798,1.26497039470771,1.18374139018528,1.17178605686639,1.18101657948656,1.18032362526034,1.18877240404695,1.12163069664844,1.03031047681493,1.02693586618554,1.02657774636274,1.02766602745005,0.957011966727645,0.874443949953082,0.880004928190954,0.888258963684915,0.898024178469831,0.771206631454899,0.777915131373079,0.710286846151118,0.716084516006079,0.722931746078868,0.606079389575465,0.604312283400359,0.607374234779332,0.605991823774004,0.608176682552467,0.617545829142949,0.620035659745914,0.624389197909301,0.624361976998,1.18044073864745,1.18388342254664,1.18775849154115,1.18712610236581,1.19561137748825,1.2079649722812,1.21486240266945,1.22639968918042,1.23036802762484,1.23594947357187,1.24654204643576,1.2266391791747,1.20219328992187,1.17820769478021,1.15226010962137,1.13606778554805,1.11313725989783,1.09554744675207,1.0453986782479,1.00500735357836,0.967619572470472,0.920710536148216,0.891161096170376,0.842961770929792,0.809647953109386,0.769614928478803,0.739239759944602,0.704201166867399,0.671568368748191,0.639892677644225,0.612772509764714,0.582678840544886,0.553314333270198,0.530275620128606,0.502648978903404,0.475711924658232,0.44912183797925
"36",1.30293616859267,1.32020944197609,1.3291396553288,1.34185360694976,1.33157062911257,1.31781361911382,1.29849835328028,1.2809621987329,1.26496663154833,1.27027096462172,1.18079151051421,1.18429303967434,1.10825198215233,1.11120606298334,1.04047488535704,1.03773488189451,0.920693967919167,0.907138648984846,0.896264837304348,0.828695992001233,0.823172734043691,0.772028310320091,0.771324390752654,0.769831930913397,0.720673698541611,0.72855613378042,0.736126374696554,0.708550154075688,0.70986561468936,0.655759347585715,0.652576243729489,0.648617697849363,0.649770510272962,0.604563761712318,0.645597663556512,0.64224851882469,0.63963065777321,1.41179365880768,1.28080248904373,1.23760573465009,1.21047002003991,1.1497276739928,1.11104935222912,1.0741217291237,1.03814050773172,1.02054223714632,0.98297388825518,0.952060723623472,0.937486099532467,0.921810296289338,0.913092177392047,0.896717040534394,0.89330041079592,0.880733807637512,0.872479666642879,0.865011715526755,0.849804813354368,0.894909159290369,0.86880350783169,0.914618724171123,0.895836446875131,0.901364460360516,0.873391632073393,0.893093637767591,0.861457468872078,0.842290673913112,0.922156674674263,0.926775701398618,0.957016051824721,0.997132199397286,0.926100579960474,0.945067840055786,1.00180652670837,1.05010445368774
"37",0.994610163275291,1.07692621516278,1.08212627629315,1.08613613697983,1.08138743631011,1.15035743809665,1.14181558026856,1.08101749821196,1.06683948016461,1.0662583163405,1.06680388232331,1.06814977291832,1.02420736928672,1.02780763792401,1.03215729101084,1.03000314006386,1.02252367657999,1.00603997741805,0.996661701875234,0.986962565126902,0.979167446883242,0.981231919661865,0.917140254290785,0.917521678947717,0.919801403005879,0.926688952166756,0.93829464909482,0.945014275611739,0.905424550880466,0.898419295115121,0.89361997443687,0.890277902284985,0.833449854657898,0.833411028825831,0.828159106061651,0.822107659847553,0.820109448402196,1.1048072927555,1.09666261420816,1.09090958432331,1.08615023855967,1.06952110901691,1.06885764457634,1.06123599616409,1.0488823923632,1.04469263682104,1.04005067423352,1.02735558813918,1.02437576798167,1.01259703406402,1.00560280497548,1.00069771120002,0.995026572582163,0.981630704714283,0.980815949374513,0.977383511586691,0.973931485825903,0.961413649872516,0.961190206699947,0.944496671239506,0.946730899675608,0.944374515203143,0.943236134710151,0.940918406271435,0.942403058314878,0.926459845618931,0.922907387824023,0.921536753555069,0.920280361496845,0.910241701976589,0.89713101212219,0.888024199601241,0.88191031690546,0.872529430910352
"38",0.923158554233567,0.937937332671121,0.944026661351519,0.954037877574946,0.943706092588807,0.932694024584689,0.915935801100344,0.902929608757754,0.891763305994847,0.89816577040027,0.890069976998938,0.893503122677241,0.892471373968665,0.899594780267846,0.902880243822923,0.900711896986732,0.887612165309131,0.897166373919116,0.896529425461571,0.937695935572854,0.919517998646832,0.917056096108289,0.906848774388969,0.964893420749805,0.972163499185326,0.984118274412885,1.00854467785888,1.01653667520039,1.09774958956549,1.09788259847326,1.08909048150442,1.09585782337509,1.18645125551645,1.15845955814562,1.20362334420887,1.19744161871464,1.23194844981373,0.469811089949289,0.488091341755841,0.506776304623332,0.52314359314695,0.544482992223528,0.562364542593756,0.582043635661654,0.604715644482821,0.624404671593397,0.647337603894043,0.667219128469539,0.690852976832687,0.711292244054821,0.735743102312043,0.762307711256414,0.785127676361066,0.813854873377721,0.840964225528629,0.872071317633136,0.896593720731401,0.930485765884611,0.963625565132182,0.997193962670965,1.03197386252758,1.06415593142259,1.1042706475783,1.14259860548536,1.17882885086633,1.20847698344894,1.26273855643226,1.29965127358985,1.34361972837933,1.39947292628277,1.43114395935423,1.49968177012693,1.55686540764034,1.62897603492569
"39",0.559939848624725,0.612763318454966,0.615212598480604,0.622671437346424,0.611266459483832,0.644271165363032,0.65111761405296,0.638255160201593,0.630172198623863,0.640475093363865,0.669044217034959,0.700871052330933,0.697051831185132,0.757346276413712,0.760828555028858,0.809272950066606,0.814608839094644,0.812443823707279,0.830353626474271,0.85572664270106,0.869030285971656,0.857669259357808,0.880458036647001,0.943162695096847,0.961158353961222,0.975583431836283,1.0825299939848,1.13301997303092,1.25679651897787,1.28008814397472,1.34724281028426,1.39595863658614,1.52501201006687,1.42082242769184,1.43287566731094,1.53588978882113,1.70725926944311,0.575369939462537,0.588963302903086,0.599962693911939,0.614406767721453,0.629946976236032,0.64015389565933,0.651923943335625,0.668111044804201,0.679879053258802,0.696906846174915,0.71139822801552,0.732027503769031,0.74973061723341,0.753142625945806,0.771170980061181,0.789688043800525,0.810552352459249,0.829025497791553,0.848251783616096,0.86273479584453,0.865890553552821,0.883408727659167,0.900658147330207,0.920037310973353,0.962583966291806,1.01558051530521,1.06619933471333,1.12421007274811,1.18431996666867,1.22507960082701,1.28404863283811,1.34206716353064,1.40407336707946,1.47918574306831,1.54407307750748,1.59838215656593,1.66216835682491
"40",0.86547392310436,0.87512213514525,0.944990140859951,0.952697294231299,0.944376525812822,0.933721573274107,0.984015006535511,0.970432301359401,0.957373513623602,0.962504636840367,0.955232620078267,0.957632857829612,0.956880779270167,0.963937788765919,0.967209519069559,0.964908686329708,0.951704715285544,0.984691416024757,0.983177204238099,0.966939382735505,0.950569367861407,0.949008817637157,0.976293404949045,0.97980367007812,0.985545575156386,0.996394634759615,1.01798875821567,1.02577269003638,1.03820418211328,1.03498196827974,1.02683940765561,1.02968873592276,1.04078182621969,1.09103138743558,1.0854080769854,1.07806305212483,1.0965196136676,0.876897743246161,0.865969140258645,0.878150217805849,0.869445181503063,0.862305765624688,0.872374016773683,0.863147978715273,0.868075691369124,0.867817776016902,0.861293994349907,0.87019188374384,0.867952523872656,0.862303226404565,0.868249642138655,0.869936659603061,0.865244786644932,0.882348207809566,0.877750884827543,0.872858405295754,0.888427898061454,0.902260782416288,0.914387795949591,0.950537798322881,0.972890002929091,0.996186006020291,1.03053363952935,1.04189541153039,1.06975753350051,1.10088741913705,1.12620498250389,1.13978321307284,1.16549489590832,1.19297912661733,1.2385429398258,1.26781847228871,1.28147278086031,1.30893263234458
"41",0.921460543568443,0.941021524543781,0.947665970769347,0.96075330307364,0.991816605559183,0.978233110932114,0.952908359253272,0.937550059520902,0.967223885264765,0.982777270864549,0.966684482261393,0.972914399070442,1.03440702933431,1.05124496295873,1.05679068769094,0.988866911487403,0.967912173763564,0.930226866758173,0.936300105745102,0.955684178166419,0.932993868775366,0.929081950653458,0.916355088584596,0.95822664118373,0.968354575725058,0.980692910751649,1.00922315400221,1.01683559030048,1.07905636736499,1.08059931136257,1.07153045521459,1.08018637783344,1.02913162935845,1.00440147062859,1.00160361956727,0.996951888233274,0.957398589032511,1.10696072961501,1.10337698982974,1.08871240793273,1.07045498307968,1.07171253975159,1.04715466736081,1.03622651219606,1.01245769346304,1.00570476268239,0.982061790925264,0.966628485463653,0.956433786937802,0.932555061022037,0.923672826303674,0.916309006119275,0.909739664361943,0.894386901665306,0.899401747804094,0.903447935277505,0.914625879313992,0.911390960899234,0.919055644584912,0.911340076829778,0.933090057666777,0.943056353125586,0.957278622348576,0.963086657856545,0.967706890182476,0.981729282756332,0.998126529066913,1.00764264165796,1.01455409935322,1.01858024947814,1.03616043504533,1.03502767993503,1.03792841857902,1.04629347823279
"42",0.598737196120351,0.600741076437423,0.621534011457332,0.62319684139551,0.672349437931557,0.668399345078506,0.63742119960677,0.679095001013327,0.7195163929232,0.717178917809706,0.769987365712626,0.79008335441243,0.791649776525999,0.850098467243108,0.913280687529023,0.911435829203221,0.924497090498075,0.964906082153949,0.960102302443953,1.00941756612671,0.995746194023789,1.0574219686893,1.04897094284049,1.11702637398496,1.12499405350732,1.13832744284545,1.23639365314117,1.19734506612944,1.21317800955265,1.2105368834437,1.27935281394672,1.2847062089046,1.24639475662869,1.2258776295149,1.22053273078851,1.2137970004148,1.23479765452148,0.352038737393737,0.356484348115862,0.355932807993465,0.365009173499663,0.368809575614249,0.372140094433243,0.372162065670291,0.387005054104812,0.398485487681963,0.410159706979876,0.426825443543483,0.434875102722174,0.45344067484844,0.494643667135728,0.539178353356188,0.591068327101808,0.63518305017405,0.686892771901021,0.74840713499096,0.825563094084762,0.907654275027646,0.999515898175685,1.10172447651865,1.21575952183516,1.32885609791615,1.35460622119022,1.38821515720354,1.41601435479307,1.44545426693923,1.48555233434794,1.52468251764367,1.4994873113495,1.47695078908887,1.44966333829685,1.42258407878682,1.3930704394631,1.36244230997808
"43",1.47146121174891,1.42145128192092,1.42154820211373,1.45004846698728,1.39981302109233,1.27467641030251,1.21747378164964,1.19013745840563,1.1749871624698,1.12687267474606,1.10031454576129,1.03812302221739,1.0779146715615,1.09911173139603,1.03606669755153,1.03341658801698,1.00652570743192,0.906767557232548,0.913396640464215,0.895534080309459,0.874177412830029,0.82128304977319,0.81045572453865,0.770264684492807,0.775748630689614,0.783295439322717,0.754655722850059,0.71456613682624,0.721088680812795,0.674040687745186,0.627480143453315,0.627050126382555,0.590960918040433,0.585902412842526,0.54532722191941,0.541249349877948,0.507719650001958,1.35935263460676,1.40260645240924,1.4288725691286,1.40398522630761,1.36587419592599,1.33933807843275,1.30520971299696,1.28075976713878,1.24455989800227,1.20308544459946,1.1652006357312,1.12024185094169,1.08183480970587,1.04038927073878,1.01286456190839,0.980579729749675,0.945513165309845,0.917883766022379,0.888986791537605,0.854991838240621,0.829639218216879,0.805371208953642,0.786569999066507,0.760491015609565,0.745545766678169,0.731653289945009,0.708283636161226,0.692969538661738,0.68725916806481,0.661032117464875,0.645539264773239,0.63431113984365,0.620743211938123,0.602671544288056,0.590553650471724,0.570102524088922,0.551353747322229
"44",1.21626185704483,1.22507349355571,1.14647455821251,1.15114101037751,1.09596208634587,1.08786293513737,1.08510646020655,1.07458249244074,1.06105251680887,1.00832248247349,1.01022627181014,1.01100205160383,1.01362685383089,1.01347940663866,0.969148333053193,0.966369148919326,0.963068923015572,0.953372819575099,0.940534106889168,0.932409540272974,0.92749735362773,0.930819237490452,0.930644384700305,0.929685895586554,0.931470104135165,0.898627668267732,0.907481037940417,0.913830251067863,0.914627518938346,0.906520083589607,0.901552929354065,0.896135987456745,0.897491733100064,0.896800807248402,0.890376312544602,0.885054043027684,0.842253190338564,1.18256824180947,1.17150885685342,1.15712810460434,1.1379230034546,1.11741432338039,1.11557097978558,1.09661267509888,1.08638491288732,1.07542810133358,1.05706277669656,1.04624599641993,1.03516953211598,1.01901051118267,1.00740464814051,0.992621103586626,0.977181186318081,0.967923744132682,0.957628108776219,0.948922651754769,0.938142475436693,0.934590121089523,0.923363905024197,0.91788327339844,0.91195905672596,0.902364014388645,0.898338646269556,0.890577576320765,0.88809444012392,0.886022385166974,0.890553820249431,0.888971423605662,0.888291205021558,0.88426721458979,0.88178782134381,0.886403470447127,0.883364132932301,0.874642669462057
"45",0.66384869489387,0.66339114176184,0.669122763622024,0.670194051617104,0.732016601312016,0.729936470599938,0.733695481003108,0.78911598037963,0.779265163837426,0.834624245050326,0.839447801060907,0.839377891544344,0.909463465354679,0.908075851287162,0.910106362302799,0.908301685253888,0.977568711003501,0.970826641562858,0.957062998358079,0.950076636378924,0.947495073095416,1.02060259173601,0.976825550014868,0.975682032390751,1.04720519394868,1.05868250989931,1.07050358865874,1.15501944897985,1.15885199960534,1.23165564645296,1.22482032753518,1.21975382010524,1.22506047894633,1.24861178036597,1.24047347767343,1.23337610981245,1.32177281625335,0.62622931113011,0.651473278539372,0.679728870827414,0.702653312998804,0.727319127246616,0.750112104519001,0.767247022255533,0.784949507426896,0.812861654497832,0.82948648570106,0.853363622269305,0.874388709699031,0.887753981436614,0.905431883545098,0.922304860826716,0.943296511916149,0.961708565086034,0.97602480488755,0.991942569105943,1.00602095204124,1.02501524772554,1.03943698600065,1.05746205801655,1.07191511733553,1.08273630415122,1.09274308065622,1.10708098903766,1.12631535722076,1.13874102922729,1.16208630549263,1.16922744224624,1.18474035847609,1.18516368654251,1.18605676835305,1.19455094332546,1.20382915081233,1.22613127309055
"46",0.966437340933182,0.965481160518303,1.05780608825213,1.05862142012276,1.06423736469115,1.00487838338913,1.09667338541187,1.08936377986737,1.07607426116047,1.06517161539054,1.0161629736725,1.01557994097272,1.0213633400607,1.01837752124665,1.02002853097986,1.01750476046626,1.01924764981789,1.01811824534037,1.0014021172875,0.996665779970685,0.997759045784933,1.00359975953199,1.00939728336087,1.00775016935826,1.01018001315205,1.01936282066196,1.02616155921858,0.954174363517494,0.952388630252861,0.9442117345317,0.940927209228342,0.860657642246269,0.860684402809846,0.819697003346622,0.815652902196625,0.813880165627017,0.743674952680854,0.635035865408206,0.655992745107119,0.679295014866881,0.706961992477948,0.731402718437804,0.758608197366488,0.781121261351002,0.812982613325379,0.836264374539202,0.862190583936536,0.883891745565042,0.911439881860459,0.935018064357374,0.963546530460344,0.985146506625299,1.0112700635798,1.03114760918787,1.06143556320987,1.08320818727957,1.11034732210645,1.12224779184775,1.12352890771535,1.13821560016019,1.14247100901341,1.15109471841606,1.16246258941573,1.14993163837481,1.13391086077538,1.11867194929879,1.11192750085337,1.10298239065302,1.09143741595584,1.06254376768929,1.03328610396672,1.00439597845673,0.982051773791612,0.951030048154312
"47",0.956941024474147,0.962199504499383,1.18185182850143,1.18515369259145,1.1831903649664,1.17741366431251,1.01621957365066,1.00155657436443,0.989270394523193,0.985289383960715,0.974955135872852,0.967659705427562,0.98197029354724,1.00014649740775,1.00668432651831,1.00629397345986,0.998949553473084,0.994910923407565,0.869255702665541,1.07583363645438,1.07601541123062,1.08107473451875,1.10139274050759,1.11492726551092,1.1412092542223,1.15878902383291,1.17350517982396,1.18601910153167,0.974022486148338,0.848009762373876,0.856200665188965,0.680343671264849,0.690833569774873,0.70060746124145,0.535450009090673,0.552310112722644,0.414823597582556,0.678323642900103,0.672959803958316,0.669447916085329,0.665762236616451,0.662807890107624,0.656194027011749,0.669700863642408,0.691948591231568,0.713792436613303,0.732528324098489,0.748388729398076,0.768314363923778,0.800798457515877,0.832684025722258,0.867072257556622,0.903873211002311,0.942722481113085,0.981667477168363,1.00785465925613,1.0403599290314,1.07407867044746,1.10281733082775,1.1505668995576,1.18432947737782,1.19290203132038,1.18888229554744,1.21061580611325,1.21464769262106,1.21821504923104,1.23786206559789,1.2207978873387,1.20584848577891,1.19316744733248,1.15831903561337,1.14387006455943,1.12414835453037,1.08442656059271
"48",1.65103388331869,1.69831370788005,1.71291295307872,1.62268838321128,1.63338412484112,1.62942679416524,1.64092717081247,1.54438353186405,1.52718860128142,1.385708678392,1.39784308879913,1.27768303294589,1.10258272031035,0.898613234310602,0.808757125916391,0.749745201192904,0.667556135720064,0.672226154081858,0.53731479225486,0.512673755787047,0.445081837769783,0.38166931586388,0.32643381622123,0.331440075575842,0.280385327642702,0.249059846710237,0.311335928859659,0.276948844087955,0.280644631211437,0.282967891960468,0.286408604003334,0.327382877860133,0.330737788262355,0.335641510701199,0.339415258000481,0.406411871112503,0.411802726074414,1.07642514721662,1.08338704079683,1.08808961908727,1.08672432409188,1.09944275484343,1.10650386617318,1.1150596537052,1.11603694122847,1.13196546570069,1.14196907197192,1.14288839905429,1.14996114318642,1.15381694810568,1.15713257461522,1.16523744173913,1.146663542151,1.13643389843182,1.11715422700286,1.10696328935483,1.09267969691369,1.08375769874464,1.0468227116967,1.00717802720909,0.962632924973604,0.925723223073908,0.882675438466876,0.851593864541859,0.804372917413511,0.76323687296991,0.723490486165041,0.68971568767128,0.657642811220392,0.620953526291906,0.596693795675872,0.572050141405157,0.54215215272049,0.517877082318839
"49",1.64548144069192,1.50274212312804,1.51103513665055,1.50826760985254,1.29821875463741,1.17260946551212,0.991869200878081,1.09724227220988,1.19953169581927,1.30700709531806,1.31790259568605,1.53339539796241,1.32722206639585,1.32745816206658,1.20954606321164,1.09111527868412,0.981336316767544,0.985514796651417,1.01017690530797,1.0093400068591,0.977292602998338,0.880460648151701,0.825073749949782,0.733227023056074,0.594694907652539,0.465753662650217,0.350569194202618,0.247289492265728,0.192652802789695,0.160338040601173,0.161890820876203,0.13339027804765,0.105541910479054,0.10646244017112,0.0815241465820342,0.0474724464297259,0.0203798293706466,0.944366199982402,0.966772745725537,0.993520142608667,1.01814844149141,1.05430128116919,1.06610060824137,1.07595093464608,1.08988843787927,1.10889293556229,1.11980838071386,1.1372885272394,1.12788135919934,1.11202815347944,1.10706443913729,1.0929824542744,1.09012839578557,1.0845537578244,1.06606020769357,1.0433117002079,1.02328217523975,1.03174417595071,1.00821305131134,1.01247568756325,0.980685576033306,0.960914962602449,0.933089403827422,0.917507865361293,0.89014782857102,0.867662006206174,0.865877500723752,0.840459765337769,0.820665901657174,0.801734278629547,0.768300594697309,0.74861349892767,0.72997901476582,0.713185959685169
"50",0.780341183940406,0.887475623041731,0.957791460410293,0.965488694433409,1.07201468888838,1.13212507084462,1.05876337546932,1.11168858158903,1.05229150074033,0.952327240605365,0.943983971206206,0.850105045988001,0.850546710170714,0.85607828989986,0.918801980392614,0.916654013693203,0.903942388574844,0.79375522833979,0.84207945568638,0.88437708711945,0.906359505016785,0.960513050573729,1.04512584371045,1.01318310905755,0.962694657878615,0.973024868093779,0.936051178859137,0.886614952076491,0.932236703162207,0.928499213472482,1.088761311377,1.16466378133823,1.13142126470556,1.10932743708385,1.12865532074833,1.16989365477611,1.19750404352484,1.06548343649106,1.06936520856424,1.07633305698864,1.0685242544233,1.08100448658072,1.07237396998511,1.05955171027237,1.05165004365055,1.05197516933339,1.03723895453115,1.03588863011778,1.01795774469723,1.01404392426096,1.00783281432834,0.998781097843584,0.994614341135018,0.991893736451652,0.980902931351245,0.968833598943525,0.965318726842325,0.959489309978487,0.950250169128952,0.949397126632934,0.939213422808791,0.931816560428159,0.931327521849466,0.924239776828742,0.92509117178272,0.928552348745413,0.923803268239731,0.932739790355115,0.926399322128644,0.919130797393064,0.92173587023923,0.919398101170346,0.925069346297351,0.917939410768
"51",0.366848342159235,0.367459130081138,0.389059220161808,0.420131094567352,0.420415054729498,0.417529557708017,0.448497054381827,0.476497002775844,0.470533022114946,0.468764699839533,0.491135321736279,0.514403275673202,0.576544433937537,0.647142893932326,0.678905919943272,0.75574767729369,0.826488401660892,0.882120637468756,1.04473500901771,1.02122268772585,1.09134704590701,1.08229743445111,1.10006148141036,1.11296741840129,1.19216594507929,1.25214609635214,1.37849960709242,1.38810418648501,1.43088641414067,1.41271884943595,1.39838891137032,1.42378750287231,1.46067855593398,1.3460969859444,1.29135495453018,1.23299518171442,1.22908640902685,0.478206255174954,0.497079145164146,0.512070956464744,0.534453977880468,0.553147488673237,0.576065352285451,0.595076739752726,0.620833054494102,0.641967025646817,0.669402099423932,0.691613773355728,0.723890728508917,0.754599488221967,0.790195121470355,0.811900374651417,0.84977149740456,0.880460101119667,0.912578002686203,0.942881467493063,0.977653974478636,0.99989803987767,1.02762271379881,1.05006983224808,1.08559311626124,1.11148449049481,1.14774626032803,1.17432700130435,1.20662476949008,1.23909975471972,1.26544948895259,1.28286172382091,1.31894237049426,1.34954962699013,1.37025041229256,1.38026111298852,1.38530064270651,1.39236307763341
"52",0.400578592138791,0.434191149366566,0.469833836649413,0.508526613465017,0.566548409793752,0.687644214619913,0.730946526769149,0.733588879742005,0.695210953765994,0.675924806222303,0.709257227489242,0.809760259867612,0.806018849683673,0.769988350403418,0.807769522530606,0.859988086788685,0.853158056059232,0.909296632922425,1.04822835213269,1.14353941695042,1.26571606247605,1.26681338882519,1.29032150912518,1.31858832789991,1.3506978482104,1.30085979050444,1.22218128939306,1.162502251013,1.1359195863631,1.22169962029596,1.20937279725716,1.16118377194499,1.14465395566842,1.09550542083137,1.09777266511131,1.05019404545973,1.10737639529562,0.557199856634785,0.576066625228371,0.597359604343888,0.618342704434067,0.641573909939817,0.664216174415511,0.681100004021715,0.696215634451934,0.717351673955729,0.731991595250179,0.756981498987277,0.775014468624488,0.803472396585839,0.821933948651294,0.846396876367127,0.87132435424692,0.889434239346897,0.914461117429735,0.931600236214463,0.951461775613491,0.982632124564566,0.995790522762899,1.02035257437354,1.04086623974857,1.0687662239847,1.09377001616108,1.12094382961771,1.14870419971373,1.16916634228111,1.20798035898178,1.24039379490808,1.27221085558457,1.30237702638101,1.34116410726467,1.36930694365011,1.40800120901452,1.43659925203994
"53",1.55296344881917,1.43978791325166,1.3143475105847,1.29245941046361,1.1912665636639,1.09778116885775,1.03774300006799,1.02443727032602,1.03497342354535,0.991764045735618,0.94571355816209,0.925514406893821,0.927108947769687,0.868210733870658,0.870215615357971,0.929372959284325,0.921190800626259,1.00615864000062,1.00022825518141,0.988084778156447,1.01756545624281,0.956962361781063,0.932508952009949,0.915787007985387,0.919821559805227,0.817555718585529,0.77565845302865,0.698419559797866,0.6516230828625,0.646198190507359,0.658734209707276,0.702189930386012,0.808161991153945,0.919600118370607,0.998101588740846,1.05954391537109,0.915856543975944,0.215702995980502,0.241788025505127,0.266490833844287,0.290022929042119,0.318422190289853,0.343305079852742,0.36602545723436,0.401264150192754,0.431896830757043,0.458894209810973,0.493474317475551,0.53685170651798,0.571034878394118,0.60523612201848,0.651399853509496,0.689459653851967,0.736497931740899,0.785131470628478,0.8282584134506,0.872717302125014,0.916768990485818,0.963292048940548,1.01521682779499,1.07002063512353,1.12230793557722,1.16553184578695,1.2125688398498,1.26371313463386,1.31880502849125,1.36040758778411,1.41035625257328,1.45527515328715,1.508970460451,1.55336410317127,1.60161608729631,1.64786517786175,1.67374678866915
"54",0.935527857994138,1.01406203807822,1.09599676409996,1.10359909683326,1.09488923731311,1.08265054225679,1.14300931746515,1.12761022857228,1.113184420837,1.04561345895134,0.973784963140515,0.976132734429041,0.977200177697591,0.939927128229235,1.00950096643591,1.07767964878565,1.13669374976081,1.17770643977299,1.3055161590654,1.36421382732345,1.38821913394012,1.30522461913759,1.21827512606713,1.02605039899391,0.91205506495632,0.712292078784199,0.64339724150975,0.648161278826642,0.633322266473654,0.628219980233606,0.670276566321226,0.747628389293185,0.750196120707003,0.748214693037064,0.647913473145448,0.559187050382693,0.481018091867324,0.995033116580367,1.00291859248605,1.00327691594235,1.00850927409623,0.998366323823022,1.00253330512755,0.999063931323212,1.00445777153418,1.00424484773265,1.00397810523767,1.01178654382634,0.997731122012412,1.00302144710186,0.99341471878989,0.988546817765105,0.987894849087152,0.994815421617628,0.98315961428412,0.995672286647251,0.985805920253941,0.989676557680596,0.989094270895661,0.982187852158911,0.97220970907262,0.968748730594877,0.968591299279914,0.964849740765365,0.966137636533058,0.974891099006156,0.965127868708462,0.964279049056895,0.964529594647046,0.969321885028672,0.976718460552552,0.972478164239959,0.975228361086765,0.964011033390729
"55",0.90817139186141,0.916373822323795,0.922799153858808,0.885023019760594,0.88196530559022,0.982372606941839,0.972523192848955,1.07222203257225,1.12981975279932,1.13555003908857,1.12666058505697,1.13021003573745,1.12950698367185,1.08955111304977,1.09357994984129,1.1660008456547,1.19970923143372,1.16468322053095,1.16342209204278,1.03237785029849,1.01816383369413,0.977885316272036,0.971858054582063,0.974090342665326,0.920312213792288,0.930541978332693,0.946073198036023,0.952865812704187,0.959769814798814,0.894188606237502,0.831787813908587,0.775191584911346,0.778516946426582,0.741603167873647,0.736168079063487,0.817220116635206,0.85702903565841,0.618670026835683,0.638316083233277,0.660228459294322,0.677489958389669,0.699845609463892,0.722789325736186,0.743010417216595,0.770823735954659,0.788630248666393,0.812704159940891,0.838519877087276,0.850541417470382,0.868467691859516,0.886909041025834,0.905390762085627,0.924277615822568,0.948924110176547,0.967188461357135,0.987291382879392,1.00189862321431,1.01583792880901,1.03799279365649,1.05700538999813,1.06847416690667,1.08910289603795,1.10586181600966,1.12840961299981,1.15148534651576,1.16169560733527,1.17122698556247,1.17898432503884,1.19938510961143,1.20629387303991,1.22400204186587,1.22665798596981,1.22698212619927,1.23623884768843
"56",1.65808866649188,1.42386631855616,1.32420417790637,1.19447718680774,1.16135222788531,1.08649841978105,1.11457281625941,1.16067202848433,1.27222219806677,1.28085034557523,1.29130051750252,1.29965810500402,1.13834682653672,1.0458956287158,0.944198265916061,0.882764755542734,0.777927506706586,0.798511349362346,0.81882327032629,0.803454384050193,0.785868973281963,0.861383849966911,0.848494410580262,0.855216625188024,0.81505237381031,0.705766767656943,0.678750455419788,0.711511243638831,0.676303953369838,0.673550285769216,0.668376696582679,0.641016698122127,0.646252994417234,0.72448950189561,0.767797773060666,0.813042214597671,0.887326377233988,1.03392253985663,1.04425070325117,1.04560606465231,1.05197598418252,1.06118263869381,1.07109093019789,1.06629084277091,1.07290723612993,1.08289437009421,1.09114077004467,1.10186066207671,1.09939702142486,1.09875281629623,1.08361192904321,1.07717787647506,1.06952941765258,1.0642055100798,1.05501109581174,1.04039680755471,1.02434243521071,1.01480217346336,1.0032524379841,0.995853671043086,0.971508689476232,0.953951647755091,0.932556566274492,0.916948531820773,0.899565989516575,0.881022610139742,0.865688301035147,0.844536612297224,0.819648665656171,0.798939104331738,0.786648174722125,0.76600976600191,0.743790954115602,0.721648920307517
"57",1.3237039652215,1.36606923456503,1.27459160702911,1.36065427827539,1.32249513023719,1.32559810892853,1.26794489567632,1.31962457923283,1.38774356556702,1.42712027996662,1.2961181584497,1.19742932179402,1.1182389029164,0.999228446200614,0.88050951755214,0.878302981721569,0.863049117865275,0.904801955075482,0.966365282633447,0.966846122692711,0.943579631413204,0.97532894161972,0.94318636530033,0.931860133998794,0.760117433715969,0.682562236998114,0.627231515104092,0.593488369442259,0.536002930989851,0.532521829022729,0.506993382846465,0.504887970447221,0.542904411146197,0.517044164429919,0.549299016501485,0.468221370736132,0.437689157496861,1.33959985965337,1.32313291745458,1.29308111984053,1.28216377422989,1.2503858402618,1.22065320036808,1.19724300568056,1.16488237359267,1.14496522935657,1.12607246435515,1.09714008433111,1.08380472112352,1.06483823205424,1.04485861664366,1.02679135895694,1.00992005069432,0.994480855058146,0.970392166575177,0.953088308309951,0.922429338380926,0.899104566333465,0.894410742905324,0.87865560611959,0.871213171536356,0.854471229915177,0.838328826248052,0.812310646083829,0.790403176336499,0.771769200939183,0.761176969095061,0.734596258070838,0.719206953024426,0.70004322047331,0.689499326816495,0.672446070920885,0.659384457291456,0.63768296384066
"58",0.815797897177114,0.952441083051074,1.07607801301319,1.14022917753786,1.17180081335812,1.1515940094612,1.11779578902287,1.02953393888192,1.01607415294753,1.02763509520386,1.03540539804041,1.03975489315254,0.994849587986816,1.05017819345412,1.1744689894286,1.17169509039618,1.11915903411039,1.01242126876287,0.956236935533439,0.939696909675723,0.921781697083522,0.884941148051923,0.87589641027397,0.915388671568069,0.870003889209324,0.9142884964083,0.99346709030173,1.06229395973547,0.974573704904742,0.951913363684265,0.887311770066933,0.888465224426495,0.859700162328872,0.848200865809368,0.825950925865469,0.821311605095226,0.777871239516583,0.684220763103538,0.69263152012155,0.723544017520664,0.760463205943257,0.779971686053407,0.794358497402234,0.818516943239328,0.822548537752496,0.848680104661685,0.868153140737751,0.875879903456386,0.878318208916508,0.89821924855221,0.914467333705117,0.940079150461166,0.948228487500234,0.978062930194221,0.986530202747346,0.995466679752177,1.01414842004763,1.01580925671383,1.01951155444872,1.0373939864992,1.05786413885803,1.05538651584921,1.07982899930861,1.10147421441161,1.1030957735078,1.11287704265591,1.11593884926133,1.13257447295424,1.14230169602209,1.15022203348142,1.16061571238859,1.1751653590543,1.19334933562088,1.20564277472733
"59",1.5820169475763,1.66963471388471,1.68491017484608,1.57104508903035,1.42445659109583,1.38145510551969,1.38522697460341,1.31043840526813,1.29528655503296,1.32003795681013,1.26319787901171,1.11369647390334,1.11991837439505,1.03223106879756,0.954427153755573,0.876367286885147,0.854942084768388,0.719139001982573,0.708025024743437,0.706575369004734,0.70962039366569,0.716035060272245,0.723364435822561,0.723491290129464,0.685432473238147,0.632995138872444,0.541549922123119,0.492749958335578,0.442336583063026,0.362930992973441,0.409801701615593,0.440363952227885,0.441195127818247,0.398871261770563,0.478527921772619,0.531619587932266,0.548761462682384,1.2705353104492,1.25591189424306,1.24227157383767,1.22804226787238,1.21501310269356,1.2189886633474,1.2110425249715,1.18991061187237,1.1778391107936,1.15126030446685,1.12719672600764,1.10348765301726,1.09018470155132,1.07579235755966,1.05017171363789,1.0322025890308,1.01398013419882,0.995316379099917,0.977531033726033,0.952924881334086,0.946659414176759,0.912749548424438,0.899482520123882,0.868426666522817,0.847964027820224,0.819098227826285,0.801787412627541,0.775154606908242,0.755719198472348,0.742144496555865,0.722483607625716,0.710491581147788,0.697088698413397,0.681803253413754,0.671372212489367,0.654346886857565,0.640535019671886
"60",0.554603559924633,0.600241199618525,0.686943126479631,0.742767892405841,0.743233131114892,0.738389598094325,0.686567656859673,0.586818797847093,0.579340041630627,0.504707039740338,0.468704717712225,0.443709334906052,0.446247954423076,0.52304883168893,0.611896998749514,0.657906769736265,0.74045821034062,0.820910802842874,0.848988707706071,0.840612710167934,0.834739367485486,0.83772047708805,0.801614571515968,0.768106934868879,0.822405207402372,0.886444862742461,1.00068058612419,1.16619872638351,1.306158843607,1.44579686527839,1.59018698598612,1.70498990895144,1.77018642228753,1.65848413370449,1.58501489380664,1.33133751342222,1.26614194280171,0.4258807207854,0.434381881308962,0.465134702449413,0.483369697820151,0.50433478345721,0.505797471380538,0.517998594229973,0.539880677055115,0.562324696161525,0.556490678915036,0.584550124349129,0.595705566332722,0.605553727791945,0.63425746555178,0.652243596061931,0.6832485513231,0.711245719488228,0.756875962431435,0.801197090595158,0.834804900427864,0.864661246705314,0.891001711559043,0.896434259526235,0.94073037013638,0.981160456979419,1.02327906415095,1.08927009844389,1.16236137312299,1.22850132184719,1.29390863928979,1.37999980630117,1.45338268245838,1.51474333412756,1.57123895679311,1.63677051050332,1.72684629248361,1.81848321880471
"61",0.302743505768705,0.263864363832841,0.230135030279875,0.145127254568983,0.112648843398065,0.0879694309926935,0.130302056542495,0.211874365451603,0.271548609759389,0.317632651082987,0.374502580921795,0.409332208223217,0.438354596752667,0.49035248884306,0.533945739746454,0.607764420074483,0.655534393895029,0.736161795258543,0.780201548505452,0.830319967517183,0.883824762270918,0.886682943029712,0.829411077185744,0.886770512747355,0.970055402397271,1.06504553736965,1.22688364575982,1.3420492485708,1.44065289341501,1.43384172262146,1.33529894657572,1.30457593271016,1.37196066628132,1.60222219573035,1.77001316810444,1.95387466676713,2.09844913043403,0.164918912602897,0.172508911560201,0.182866637675864,0.180705160088941,0.199523986669339,0.22305911047815,0.256097198202632,0.295825387347112,0.338917597882937,0.368890806324361,0.406117576532827,0.435667201032492,0.466171616076978,0.498731548427123,0.541461066645918,0.582964146813905,0.635538443068976,0.68427749538148,0.730125097550681,0.777728690785329,0.818969794084112,0.877104697222978,0.931471070671676,0.989369659743709,1.04298755976571,1.10090600740467,1.16478012146766,1.22867159529553,1.30317398864798,1.37137015690271,1.43397730939285,1.51203491280398,1.5865422240944,1.68478973543219,1.77282662487208,1.84807234981889,1.90561788951244
"62",1.07568936151054,1.02998512548053,0.933739003134104,0.847862288238467,0.783898694785263,0.808033831213373,0.825087995984673,0.876764455233027,0.947708030410371,1.11839283672429,1.09667038924305,1.19162176233011,1.1587684250775,1.18222114386507,0.991834871906443,0.882114807816473,0.899568646672415,0.878432025488503,1.02430269239388,1.08387927363464,0.994913743307077,1.00800297327923,0.976995482092105,1.05797919303789,1.09188474464916,1.03646114057617,0.992341751148772,0.870280872600125,0.896443213777101,0.969739229314448,0.999320962103808,0.993202757744394,1.00961090131142,0.915781801439277,0.954645649638092,0.896465737701659,1.00261808587018,0.987961776303002,0.992172534664928,0.999105939020729,1.00209927107233,1.00977102204614,1.01188314628564,1.0098303038773,1.01670601512422,1.01584099866614,1.0265455592346,1.017016482373,1.01556317217332,1.01680505369609,1.01218213759434,1.01185959808597,1.01131256145731,1.0145053104406,1.00968654788624,1.00892340008774,1.0066092084737,1.00144772690299,0.999648160391816,0.992890588012307,0.986028617722755,0.985866869930134,0.985454177166375,0.986148037585385,0.984771119699475,0.975989249835182,0.967536544679671,0.954174026142524,0.948461995955159,0.926870121876453,0.923443827525146,0.901303457874128,0.883702561746102,0.868552247330937
"63",0.322734806012045,0.288334690395215,0.270342296045961,0.354556887882125,0.416718801640661,0.531324424827933,0.508171982689975,0.532832126552553,0.5614272501528,0.724680621222745,0.719935669226592,0.652912481914085,0.691715213728999,0.837489928990118,1.00108020588089,1.24521699821602,1.30390667501715,1.20102849186397,1.29216962034198,1.33790572858221,1.39679111137143,1.38492847899859,1.39394518058879,1.51460387933804,1.54181215167605,1.54748459869273,1.4005495827127,1.20959708043434,1.04065844700747,0.895025150590368,0.851254003670864,0.796702965895345,0.732055514704926,0.708346295110807,0.754405812847609,0.893971512852907,0.737437365653287,0.54160905341706,0.57632468506471,0.612878556529698,0.651181272062423,0.689344657281858,0.720747361061375,0.754127818715714,0.807660115376472,0.85961905556106,0.915324193757868,0.972056251289887,1.02319906903611,1.05518345562677,1.0834121874573,1.1228968332548,1.14746514318825,1.17178678613465,1.20187143582854,1.19644328793299,1.18518091059198,1.17905570819892,1.17531630365304,1.16850810693411,1.16615389664198,1.14383994637547,1.12228946393136,1.08238380381389,1.05541309018611,1.02136779422523,0.982845359136126,0.972613987031048,0.94191852705936,0.925276511182292,0.914736944454234,0.903566367504838,0.884536561162883,0.887570159381421
"64",1.21181680426962,1.26965926521162,1.27365207384774,1.38656477284598,1.63196684211326,1.74986185769937,1.77036630396505,1.83522872896629,1.59688864958475,1.37881235928657,1.21258230127262,1.05122948905055,1.0069665020357,1.01799700755276,0.957396459179627,0.934240046108049,0.959121884922974,1.04927211848015,1.05502360800465,0.975041907217642,0.735707880890452,0.572497555751705,0.469159104531897,0.352714578792555,0.287536856081456,0.259850700726622,0.269276458714619,0.264123912022859,0.271291209975258,0.292352925064027,0.316171238118035,0.356910800351754,0.339688317961065,0.300078427085026,0.219804730134681,0.165901590348076,0.149746691484187,0.831978931747706,0.853473494845509,0.865603166638677,0.885081994689402,0.902435818285386,0.916826038055258,0.926286486418994,0.947306358248407,0.960955577879493,0.971672585470306,0.989180734267911,0.988135198582595,0.998710212913834,1.01760120559088,1.0305780565705,1.04434014408574,1.06447858869712,1.07631124458437,1.08553512583545,1.10834373323754,1.10258675050027,1.09632259574651,1.08968451188002,1.09299086630581,1.07762063339438,1.06515584426371,1.041723352129,1.01774021763207,1.00049049498523,0.978127233361616,0.964171454196169,0.953612690695762,0.929135919236376,0.912932160392713,0.885027846559348,0.857273065053462,0.837714205740542
"65",0.72133127713296,0.722377452125861,0.785694645559138,0.826821048539645,0.86899663045753,0.904736684095947,1.0848519613307,1.22573529503197,1.38063178024407,1.41985174981156,1.43814886003009,1.41458657456551,1.35456878498823,1.27508395908406,1.04334827814069,1.01600220502521,0.879638993844583,0.870170981026121,0.920439549056183,0.93280995079101,0.988419025052063,1.01239948453927,0.968842860792106,0.991455742869799,0.974223849708573,0.86455785691342,0.763472647785995,0.803876541264475,0.804937523167978,0.762120811626705,0.723965923719275,0.735987075658683,0.771680382480083,0.825788313406515,0.858093294597523,0.872691439457858,0.814522413955679,0.611136049532937,0.643193561803535,0.672021902427155,0.715135882180149,0.75007887878878,0.785728457922438,0.809798995763037,0.825574801163015,0.844596368038887,0.862718524975382,0.882751096893446,0.889686564999629,0.892725194870897,0.906949360056385,0.915563391887072,0.937563355259648,0.947336777440449,0.963802858304212,0.972966250700674,0.976698434406103,0.98684573901189,0.997845852254004,1.00731249300729,1.00950604652324,1.03141042163678,1.05307849614735,1.06201201996532,1.09535142587217,1.12024372966952,1.1279825031217,1.14440261528585,1.15780188841515,1.19953381737677,1.23043222862135,1.25859397887797,1.30089756965338,1.31521344850129
"66",0.525259065369444,0.571872721745228,0.574282494936979,0.621687984883741,0.656148220599816,0.617067918768012,0.602745044007658,0.568680021565478,0.537778360643187,0.541260064541875,0.53657994857528,0.574101036770304,0.651350800217581,0.735819982918483,0.78979463522418,0.738647632060064,0.720536757409432,0.649993205200895,0.628701802604252,0.617285280922212,0.640424240480352,0.66237446811144,0.652581377814667,0.696371466952495,0.744657266607874,0.797696907150589,0.82510205753814,0.830951770939257,0.903820401950539,1.02825873290883,1.15193187328328,1.40115120535792,1.66791562675288,1.81659161269451,2.10392140771448,2.02020650951207,2.01350882203289,0.611128527039228,0.632682714771473,0.646260631968712,0.668867750339127,0.688523923681246,0.699106066685529,0.714883870431818,0.732110818046161,0.74443070797393,0.763163652247836,0.780173330109231,0.799913030839448,0.819669408063506,0.831699800898805,0.847990657529633,0.867839097299065,0.885458857489131,0.904316251551516,0.918345557679602,0.929298886470937,0.946361847400229,0.964248305118439,0.986202180575992,0.996537345121312,1.02814396429024,1.05006963674573,1.07985908543971,1.10998984215374,1.14293153770078,1.16809586048145,1.21124815984289,1.25913828823477,1.30723722487773,1.34925864244864,1.40000693083716,1.43708252520799,1.48147679840462
"67",1.12347471561756,1.13755412684577,1.20073137470719,1.12681934425734,0.97186605072421,0.963019205718363,0.913726096107359,0.843845276969471,0.778080467906619,0.756024610710656,0.811333426256893,0.81293615433615,0.726041653243998,0.708503596965462,0.76248680835493,0.874783870286123,1.06092748723278,1.27326790884517,1.41274613737099,1.44322839419171,1.41201622754307,1.40725243985697,1.31346046322099,1.17658331483206,1.11605697664183,1.06328887525266,0.95523391222947,0.902691057911329,0.869457973162976,0.883416833263109,0.786399755107448,0.748113724663019,0.683672146884069,0.59316739470796,0.548465429956316,0.546002376690994,0.544213736073993,0.157300598057399,0.16972525663901,0.188308406722805,0.207299705285695,0.22645580463892,0.24642205825224,0.262588680608263,0.286089236300756,0.309404740051696,0.334581953035251,0.360825635927323,0.383996936970679,0.411650070812835,0.439140985331672,0.472096806780801,0.501318989028094,0.534220175065323,0.575374627687787,0.615069987157373,0.661004090433321,0.698161166112518,0.742074613638701,0.796038666822684,0.844317415940094,0.89805034171814,0.951816973036943,1.03468594688855,1.11065657816211,1.19620481546565,1.29911490506945,1.40063164218386,1.54096559428439,1.65700387306692,1.76445991000842,1.89584809896301,2.08842980533433,2.2761280352846
"68",0.3197271581635,0.319524595586854,0.284095225681794,0.284505770349694,0.311582309210327,0.423662054298526,0.42602831205411,0.521452892409178,0.623809143682538,0.636435187743022,0.701102381681491,0.661209875511185,0.572081757971113,0.571321746308533,0.609584734634355,0.707093352442197,0.773284897550121,0.797418483528521,0.743707498815971,0.805385839034394,0.830230989706762,0.928855505741512,0.889323528707191,0.845277170198029,0.871542939254986,0.881364581949453,0.843449016071352,0.827643144153975,0.895196243292229,0.95871442679632,1.19131336421343,1.36336102341279,1.60660494448094,1.82586585684323,1.93783941407324,2.05817084506342,2.07972921254389,0.75655159520028,0.76361939696076,0.762705995049131,0.768757829657949,0.771322107297754,0.779627706471283,0.775081802802095,0.7790627131351,0.778984578651279,0.782819091723804,0.786418291920312,0.790167010617779,0.795073355658484,0.796535840379351,0.808555013578644,0.823657550182605,0.838588351777927,0.848771723251185,0.86074874124915,0.875373407246825,0.887394492993942,0.904978478156451,0.926942767296181,0.950563380194495,0.970803640010124,1.00345327096634,1.03183772010335,1.07297429209198,1.11139742582882,1.16601523415849,1.21224516619759,1.2554278004046,1.30940381718742,1.35556354474185,1.41142834533906,1.47916847097668,1.53692556852117
"69",1.14907300024657,1.09081949619757,1.02079907982565,1.02843296050063,0.991384822402954,0.977421004304228,0.919597005404912,0.967491836094374,1.01891433851311,0.961165699075395,0.818730377371056,0.785587684889714,0.704184700187153,0.723203192030858,0.776451129802658,0.774158047552047,0.800406777112004,0.735276875901205,0.714102364241867,0.736633488132124,0.728772586885571,0.72973420326707,0.741784547218008,0.839633007764515,0.896462017637787,0.960944355985461,1.00213721221848,1.13754942390811,1.2772379502099,1.33050557573602,1.2387325687337,1.12176096677033,1.18428866705287,1.23380055743361,1.22871773394068,1.22148203201605,1.22496462986547,0.802293653098067,0.782697532424848,0.743920828320906,0.765034404644515,0.75719814199853,0.743646571346875,0.696556797633484,0.725095136313288,0.701719241344551,0.699075147202152,0.660106824052744,0.635273427742685,0.618952255031909,0.604875125779783,0.610299146812354,0.636625538698542,0.672080418785656,0.683548744223193,0.714355165210886,0.767081070279915,0.798938889821334,0.832825948693736,0.801427229812538,0.837797324185238,0.880995895927419,0.919199608165064,0.962711804076054,1.00587441151478,1.10373369165032,1.22162230252853,1.29956671921919,1.33725342142724,1.45073174052953,1.51449865678379,1.65138802012586,1.75579432718161,1.86311148238182
