"11","12","13","14","15","16","17","18","19","20","21","22","23","24","25","26","27"
6.60185383695684,6.56980661370205,6.54594625463108,6.51472555779823,6.52724313288428,6.52367634688941,6.5119018492139,6.50060905832488,6.50142210761219,6.49376158745352,6.42722577713038,6.37594217736365,6.30499925710355,6.23820679384322,6.17216477089277,6.10345360866782,6.0561449888693
9.91063769236298,10.0924160901939,10.2923963531214,10.527084718347,10.7472605015945,10.9660292774427,11.0205520313995,11.0646721232767,11.0806618744867,11.0816460276186,11.0901158809121,11.1030682409591,11.0130709758429,10.9415371741722,10.8361154222879,10.7421148329948,10.6410784960499
8.20361122959146,8.4407403560621,8.67733584529421,8.93870510356441,9.19009118449572,9.44597495825447,9.61231869450304,9.78694671798625,9.94813517681439,10.1060056925044,10.2684109217741,10.4263234000746,10.2216548569683,10.0136233207415,9.8103612043594,9.63523912388848,9.45295513132053
11.1737150712637,11.3754057665097,11.3793608650279,11.3955634197995,11.4028689027157,11.4185699427796,11.4264147986538,11.4347739075724,11.4668042561525,11.5014446786703,11.516097424218,11.5469697431026,11.5838160951271,11.6201598854693,11.646849674795,11.6836081015776,11.7073917027673
11.7822251490679,11.6065635790097,11.4353821465551,11.2560049534202,11.0953826840901,10.9282074611826,10.7628540895149,10.6004645612896,10.4325180582986,10.275964952146,10.0257221153085,9.78110657041446,9.54250331293681,9.29753855649845,9.05923685110514,8.82430347860496,8.79912562915972
6.9808775276162,7.01370241187151,7.03878341828322,7.07833774658988,7.11342690216335,7.13064768563256,7.2647332948339,7.38471286972138,7.51325661912409,7.62085736745268,7.73885480186293,7.87622496763742,7.95452903974134,8.02982888234228,8.11287410981766,8.20113893981952,8.26787435782816
9.67838484568487,9.5924727940275,9.48315195671072,9.38491083306839,9.30332159483311,9.19553885160588,9.09941042372846,8.99838677740908,8.8855005614953,8.78580130857882,8.67286712917274,8.68330430732034,8.68140271424722,8.6923572149352,8.7092969913284,8.72608796351556,8.72874600254314
-0.155539403614843,-0.147622128119109,-0.154834898058794,-0.0736348060708559,0.00891686499850238,0.0801282598226257,0.172002224785032,0.246631465254056,0.325909292989246,0.398872029024865,0.462257236544776,0.523690940529125,0.603209684951371,0.672007363774406,0.708074292147872,0.755261423164678,0.80934438225139
1.54955094519536,1.5271488689638,1.50501451719745,1.47347489695944,1.45722001755571,1.43359008349103,1.4163682799894,1.3867438175265,1.35312511577563,1.31981265956475,1.29843461623662,1.28417293471319,1.2599592823878,1.21806718511259,1.2027340525136,1.23433039914788,1.26347088372088
8.71556418603484,8.98969916908982,8.98509247191799,8.98580149613371,8.9817086853419,9.02888118140783,9.07086125567925,9.11760575517824,9.04776278085198,8.98163301131494,8.91158162020001,8.79588330561773,8.68624828029117,8.57311191119522,8.56277017033854,8.56933245037618,8.55761062380935
6.20040660259382,6.38046139787493,6.57212006958805,6.61640786233903,6.6576969297948,6.69168608191443,6.73624920087687,6.76192516817122,6.78608966679367,6.31026185320403,5.83897039956931,5.36109246801456,4.88717066195903,4.40217031854385,3.9161851215541,4.29791466152584,4.68253812749265
8.06637231493861,8.25275356837414,8.29572300473543,8.32816478215945,8.37212915394428,8.4368447026158,8.46960931128452,8.51160697154462,8.61226093849024,8.72173271469508,8.84032765243492,8.94183276770425,9.05500027287347,9.16804526847323,8.72724948694586,8.290255414135,7.8479787555909
2.55100668080769,2.66009560959168,2.77129924748544,2.88627489858046,2.99267203700013,3.12467386980183,3.23615105578456,3.29235693562704,3.33832644099,3.38402653207629,3.42798023674913,3.45982177605493,3.50318949586001,3.39971158383371,3.29098634007329,3.18432624690699,3.06213029482417
9.97795233803249,10.2316779184935,10.4794618213385,10.7169971834538,10.9645940371268,11.2014142813948,11.4485824707466,11.9278831852851,12.4133194106423,12.9093777083471,13.3943847832252,13.8806566642755,14.3825979209518,14.2398365707256,14.0977051495361,13.9539905286917,13.8097455191556
8.33256468695524,8.14509460926393,7.95157151609862,7.7647201438248,7.57871369397181,7.51275034461292,7.45944670969446,7.39515173689636,7.32372175123257,7.25717255058185,7.18178180206462,7.16187193564414,7.155175822058,7.14056773329622,7.12663055980886,7.11632227318894,7.11132227398035
7.19183685510063,6.94817695272639,6.70216022418037,6.46051512711686,6.21504224269405,5.9813222098527,5.79304541166783,5.62842998396745,5.44765038052666,5.26441529360389,5.08619192482761,4.92222377876588,4.79497208179156,4.65316761180433,4.51766028021039,4.38829832152083,4.2510963203151
3.75450900757746,3.80185123700607,3.82018843421908,3.86969508739488,3.93421223076312,4.01152936463725,3.94139570444899,3.86117915788533,3.79585910371903,3.72529149631122,3.6351170650334,3.54961244471102,3.40499767160668,3.25786831453704,3.10930311633451,2.96346883471521,2.81811021671881
3.62729501584304,3.44575758001826,3.26386360576771,3.06755043965038,2.92993355410923,2.79261840806967,2.65685558534495,2.5318855347435,2.39124208538609,2.24871178326441,2.17316604974899,2.0859561710967,2.01230520236495,1.92102671139178,1.84209403295171,1.75718206261815,1.83783646816637
3.08272801953981,3.32865537206458,3.58810211776468,3.82929421720537,4.07523953612651,4.32291213197373,4.56418291241058,4.56954328993897,4.56814178935452,4.57624569139541,4.57426561210397,4.60464482314271,4.6245123202801,4.69185571851373,4.76562373386895,4.83758272991739,4.89995588277301
5.66137315015331,5.55601561684328,5.45758526114796,5.31267372861067,5.17205818374351,5.02161309951055,4.86695736379318,4.71898208312827,4.58089971682167,4.39476744467827,4.19215768156208,3.99466501619446,3.80316859978904,3.60089042247499,3.4015011134916,3.14262286258965,2.88502296399938
5.5380611456936,5.20801854234237,4.87759495696866,4.56345894465488,4.5661994795501,4.57845293825518,4.60039374212196,4.61097261888414,4.62154652103,4.63163929907223,4.79098739951998,4.94861462054164,5.11765939951302,5.27944054274431,5.44163009556872,5.61385452183841,5.62921679233641
6.84534521722802,6.85558726850869,6.87139496577299,6.92254580670953,6.98943125723505,7.05717331619299,7.11169945169622,7.15817597595523,7.22629793408285,7.32238219766003,7.44341544932028,7.5519231341226,7.6479272046858,7.75814070575276,7.89860808307579,8.02020031839386,8.13229585013264
14.8529274522332,14.5786248744854,14.2922295406854,14.02173608769,13.7420087148295,13.3423639889113,12.9450088129605,12.5402155400585,12.1353869902418,11.7399941374785,11.3314966509649,11.3277785006258,11.3365430959221,11.346879956553,11.3593485081785,11.3412966849704,11.3517070024268
7.6900469150266,7.58127639171034,7.47337328979766,7.36463432424256,7.26143695356906,7.1520357031822,7.03014275696965,6.89017329289104,6.75229007869611,6.61390983118742,6.47880999692783,6.34486424585308,6.21705066771022,6.11389114240857,6.02070263466404,5.92759758916252,5.82335072411876
-0.533502186935244,-0.0990638683759918,0.327332137582663,0.761127281625489,1.33710349424563,1.91446533945396,2.49504126099033,3.0522736628628,3.64446021658724,4.22498526401314,4.35222197616141,4.50667248544742,4.65645111905402,4.80222267238711,4.95526978390816,5.10126771710458,5.36278041854013
8.02050620856695,7.95195912709679,7.89030030800528,7.82860646190277,7.77307653717991,7.74672449447912,7.68299822323449,7.62846999771457,7.56550467240846,7.50657962675877,7.44897891229829,7.38464927804612,7.33345295007385,7.27856542091609,7.24591918701294,7.19266192206172,7.13289861318207
10.97521873411,11.062906787313,10.8257223526316,10.6482448825759,10.466875088577,10.2869378574569,10.0983208145789,9.89292307749224,9.33372528380839,8.78826532910198,8.26295759691969,7.72968600948525,7.19179853687699,6.65934267554742,6.20273715715802,5.73535489437148,5.25139475085037
9.59174133749203,9.4006232630481,9.21299547368632,9.02024331884244,8.83769320130099,8.65568401180738,8.463885997043,8.3610265746611,8.25469281030489,8.14110163362121,8.01013959300892,7.89390199053426,7.77835270653677,7.80506581733604,7.84430828879569,7.87833861568387,7.91993808451898
9.76393639292826,9.83575825386046,9.8050146051366,9.77167397979081,9.70791466419185,9.63390854082106,9.56759782802769,9.49492186566855,9.51199106227698,9.51697369867027,9.52556187524277,9.54761171333128,9.58323026756836,9.60871179595309,9.63712103899971,9.66410060822897,9.69144567984132
3.46859205740801,3.39803413484731,3.31588640551895,3.25743217548646,3.18367109331318,3.14895143574049,3.11785862376324,3.08933316206286,3.04348453035241,3.02843827499256,3.01617034601136,3.07638059502195,3.14812375238237,3.2182490111803,3.28304650317312,3.33191541304204,3.38965180986803
7.81619740610833,7.95608604960616,8.09510045556923,8.24910622779872,8.39837154077205,8.54257001109332,8.69135264592886,8.80492107721384,8.9272890610374,8.92092068075457,8.90375568459164,8.87050714264225,8.8672671224685,8.8345372461092,8.8063458425104,8.79919516675857,8.78519912097267
8.11556471360173,8.1534202295826,8.19404174617173,8.24204410229476,8.29476460853363,8.34186773305903,8.33339834749612,8.3142922079013,8.29326136845381,8.27640182766352,8.24669741154935,8.20347438501636,8.45989307789347,8.70772457907066,8.96152729039317,9.21168569455608,9.44898003035673
9.22368500541626,9.01876358858172,8.79201177069336,8.59208471510102,8.3977770642993,8.40683820102965,8.41895870876743,8.44033023349939,8.44335041432071,8.43842250635209,8.43397681024937,8.53242988578628,8.6440111481233,8.75030567741243,8.84461615956035,8.96267424550389,9.06945130391402
1.16689144619256,1.17321710078711,1.18726016958058,1.20702790989385,1.21406145417903,1.3145351594646,1.42912832277936,1.56510072639184,1.69843324482314,1.82336620835205,1.96571951573896,2.10700076643173,2.32627025690754,2.5158497293303,2.70595618310143,2.90826401699382,3.09597341820653
6.52243114769946,6.35820160190042,6.2064020894913,6.05671048536082,5.78444942790825,5.51171223551812,5.23784123394431,4.96542812522142,4.69224677506694,4.42129399633354,4.15279381138547,3.91386701043699,3.68800682716091,3.45234047339783,3.23480407475446,2.98495329072605,2.76848057715658
3.31013222776494,3.14267216675707,2.98352383615756,2.8149966194858,2.66149062149173,2.61385611427113,2.58771186524093,2.56556723699129,2.54341661814997,2.51038512407676,2.47797049817762,2.67904998498508,2.89446808266611,3.09739915067569,3.31593692477484,3.50459269105319,3.68953921471756
2.73075367529408,2.89272749872663,3.0717787740731,3.24883770062658,3.42075684156878,3.60752671864078,3.86830567479411,4.12597237584583,4.34698250493414,4.57682039565758,4.79864294365322,5.02582309673311,5.07846219623061,5.11855340499077,5.17104565147554,5.23237865181549,5.28493785998513
10.8157465653909,10.9391672492122,11.0632756159871,11.1873810986674,11.1324969721278,11.0765326828532,11.0158065644872,10.9539235002914,10.8987649651083,10.8295847110125,10.7386165062419,10.6485706099248,10.5518937091847,10.4484321507838,10.3547665714673,10.2590668375659,10.073158697121
9.17469298505092,9.20276384376799,9.23656694144952,9.26582182015793,9.4804347488066,9.68683272438596,9.90020713469251,10.1198853100081,10.330052341455,10.5502125945442,10.5447100207297,10.5399584401159,10.5314054554657,10.5298920486897,10.5230379766154,10.5209984131865,9.95408953981715
8.86490351501398,9.37872100317302,9.9061530869368,10.0203005263378,10.1236435568595,10.2305586211668,10.3674993883526,10.4757651641176,10.5705330954755,10.4410196695868,10.3103627631912,10.1626587512386,10.0198984127499,9.89074652648186,9.75116360763924,9.57289169377726,9.3459153244088
0.639746062472574,0.49584272062903,0.522123785975725,0.551553423617526,0.571393003295487,0.618121263516195,0.648504251309483,0.671915390741279,0.466397588334733,0.260358056571924,0.0531147484554667,-0.154870625382369,-0.361943677931669,-0.555810098200139,-0.755004666765361,-0.956887046708375,-1.15677798160803
9.79546744552447,9.84018775177151,9.76889016163953,9.6967397818948,9.63186691638602,9.56926537311331,9.50438516206352,9.43350763179689,9.295257165026,9.16806329731146,9.02614914063731,8.90829639536921,8.78430394445765,8.67319790407995,8.59228681948845,8.48345499115489,8.41213439007307
1.58576685056077,1.33440802488284,1.09143802431904,0.82407288099854,0.574994919506618,0.342483587975697,0.0478588969136016,-0.246078197957327,-0.546756366849211,-0.855464383657266,-1.16405457201911,-1.47050879336164,-1.66255142419138,-1.85257060521368,-2.05911746685615,-2.24606099067182,-2.43616923854632
12.8123087691799,12.6479641285873,12.4270920522397,12.2008639718669,11.9867181659167,11.7657421413707,11.5426887132214,11.3114955268356,11.3908533060321,11.4683232339596,11.5596887375831,11.6401311265418,11.7281618269383,11.817346424162,11.3930760158729,10.9623304498163,10.5218336937519
9.16110566156961,9.0135155666535,8.85819152162036,8.6973475153845,8.56606867785308,8.42893527459272,8.29860968796292,8.19587949942668,8.10867941324891,8.01825077880026,7.83842213340279,7.64495108127946,7.43697003317242,7.35437462382165,7.26562804383433,7.18761116862593,7.07447067758823
7.0848231439541,7.14021583408334,7.25871706956433,7.35372537027991,7.44507572012367,7.54110549954581,7.64542139376559,7.74870799273101,8.00102246660776,8.23553532575568,8.50423200361611,8.74659365543902,8.99552176732285,9.2568965550868,9.22658039325901,9.19770190202456,9.1517975108086
-3.91136918309693,-3.88218641998002,-3.83399979946786,-3.80461975692093,-3.7627038777289,-3.73176268450831,-3.74297557234702,-3.69309880018388,-3.65118052249048,-3.59433043557384,-3.54990032232697,-3.50057117272322,-3.45299893246786,-3.88575118193707,-4.31891563621106,-4.77096660662212,-5.21831758312416
5.31666116341105,5.53698062770023,5.77886096961392,6.00115377295315,6.23598415472329,6.30885874596016,6.39439248501554,6.49759490944928,6.58059941094869,6.66853850981204,6.74242180912555,6.87487570910306,7.01446159095082,7.14292855403963,7.26932067596672,7.39960378966547,7.52080775706439
7.74064685981399,7.68999842075062,7.63763167621565,7.59823049099303,7.56093596459404,7.52281699604045,7.48697762980236,7.4420683993251,7.39357869209608,7.36209459206097,7.34119996301942,7.31771923411083,7.30706581165466,7.245641710445,7.20266586085989,6.86377536677967,6.51878454836818
10.6290678465551,10.6678656174716,10.7195096538264,10.7575506488881,10.7744240489374,10.8186440642337,10.7923635798294,10.7732404126309,10.7453428690683,10.7244301511897,10.7064935955398,10.6791048204947,10.5016208155061,10.3239545510395,10.1482760922267,9.97508816530425,9.79577376899367
8.92346057836335,8.36413400877781,7.77301061530208,7.16904520900811,6.58559126409875,5.99971534161267,5.41077435499616,5.0964499303392,4.79115166388217,4.49165183969332,4.19828719677481,3.90747328333992,3.61687420651036,3.52900296666916,3.39135313266558,3.25310111005059,3.10284795625588
13.1172473394476,13.0225165726444,12.9509258585065,12.8829151017003,12.8245570621337,12.7516562838386,12.6912539926143,12.6413988173166,12.5898538292669,12.5266257561923,12.4635739491684,12.4014800529886,12.3221097095668,12.2284062230778,12.1443094642599,12.0556149106182,11.9670889958504
2.27637532265733,2.27535263266735,2.24378328882268,2.22504910459664,2.32809643059639,2.42525175173918,2.52975554240056,2.64020482192334,2.74050747744596,2.84990447195458,3.12296246881345,3.39274213970371,3.6618108537328,3.94752190560663,4.21865782122666,4.48634152548787,4.7673715517732
7.75351905639991,7.80378253743044,7.85623204564972,7.88080011341275,7.93898467781356,7.999839398943,8.06484148276052,8.12658427964404,8.17721719619561,8.24071097256966,8.31263905478965,8.53266084121077,8.74512104793128,8.96479259243284,9.16167166276417,9.38789420277644,9.5944021448193
3.8693090337725,3.8953640232735,3.89303701715125,3.91832866582579,3.92710149957666,3.93950886502093,3.92905885785408,3.93971973408343,3.94912535108936,3.93917996144549,3.94586738817794,3.95601646354216,3.99699749787343,4.04816993808539,4.10924246069931,4.16378834716504,4.22465608232027
7.16969461212526,7.33426621111954,7.50764027500514,7.6710954531313,7.8444746933948,8.18375574418205,8.52129565962788,8.87393292632195,9.2057938819385,9.5321335944806,9.86531276050619,9.87479881461445,9.87475924893069,9.88415152567488,9.89656360600844,9.91310821504029,9.92640932091626
8.95533067405034,9.05446596463869,9.15869889423279,9.27851148536295,9.64478368180669,10.0206582778183,10.4034251190298,10.7709347371642,11.1521721067897,11.5313195725653,11.5416132399614,11.5699198273985,11.5880988797292,11.6046466246375,11.6380579819657,11.6458013206361,11.4968833218578
4.10518087097864,3.92648263917649,3.74640721887592,3.56592427087999,3.54713517510589,3.54516225035054,3.5461401925437,3.53774555967143,3.53192147352159,3.5145443036544,3.49753780236303,3.4879275157091,3.47676184304014,3.44822932150608,3.44358045892728,3.43691904516043,3.64479120194435
12.9274154435777,13.05002517667,13.1708495772237,13.2943147238602,13.2255768425585,13.1497378104321,13.0678593199823,12.9940922980874,12.935907918781,12.8677134551451,12.527453579077,12.1807107693445,11.83513979736,11.4924943925539,11.1485151228387,10.8013863000983,10.7295902666984
8.45214375127534,8.60625603937382,8.76514903530796,8.9283760211237,9.10729695679866,9.16024392977757,9.19980488890324,9.24465561544048,9.32344680768418,9.40717311450869,9.48838532510081,9.49212560759258,9.48941687178715,9.49267409223386,9.53483452177219,9.58672414107904,9.63432538307531
4.74314867739498,4.62151366970238,4.47834093193769,4.35319624141531,4.21408784489576,4.0839819081229,3.96089457141077,3.88249457421979,3.7944730512882,3.71207932276408,3.63137446244681,3.54566442527294,3.45486403969876,3.84479583466773,4.23916549068496,4.63235816967815,5.02156395639621
9.64945942670282,10.3442226464916,10.9259153883152,11.5081825859232,12.0875783878005,12.6534494280895,13.2305125642254,13.803056648321,13.8640164424023,13.9292466644676,13.9942042911054,14.0647234664835,14.1289719396912,14.187784078695,13.65276609834,13.121925766144,12.5944907467664
8.02893175822768,8.18001575270402,8.32475181330479,8.37190730327469,8.41884436025641,8.4646505276016,8.51217027727668,8.56747627105044,8.62523575023429,8.86291740118505,9.11690519251718,9.35590378577895,9.6040993057483,9.86062814295367,10.1637704683963,10.280472976316,10.4051059831644
7.3617486154061,7.66575686592952,7.72982508837124,7.80151464047046,7.86758229640703,7.94133036461311,8.01819147275849,8.09198830413372,8.17202553784223,8.25827949403499,8.34798949974452,8.42404918192864,8.51494645002402,8.60788796853613,8.59711789511464,8.59022651429119,8.58181926670329
6.50248561142689,6.2657683515122,6.05328454143868,5.84688806496272,5.65669027967963,5.45581595047914,5.26220886419933,5.05027758282589,5.09990736347915,5.15112970550108,5.19721924226191,5.24396612584775,5.29662372642494,5.34237349925753,5.44879632073278,5.55302456088932,5.64158131201614
1.0017634127465,0.804782952673869,0.602740034649524,0.402992225757141,0.327929134194319,0.248399639765416,0.175129268899832,0.0957239265390389,0.0118766923340502,-0.0634622638849671,-0.355865986982966,-0.638682461774511,-0.910356136755181,-1.20235380809127,-1.48211193312796,-1.75421528535331,-2.02255383035386
10.4405486047442,10.6261747534605,10.8132471304984,11.0072522861178,11.0618271636002,11.1157994609265,11.1726077420223,11.2383595939102,11.2787503294796,11.3403127234762,11.1996513863041,11.0617242074558,10.9219844675979,10.7828044349649,10.6449896350256,10.5074462628242,10.1701093875047
9.64061607090897,9.82799284127587,10.0174882962448,10.2093539016685,10.3364626666369,10.4679353297446,10.5992501946963,10.7338793658915,10.8580693574705,11.0089796116377,10.8526200015184,10.7089474238572,10.5506289610681,10.409790039798,10.2815362618947,10.1220923822679,9.8569964001663
-2.17016774270949,-2.19754508826873,-2.23147540471178,-2.25748551645567,-2.3539617246438,-2.44132817169876,-2.52895258292566,-2.62102312585755,-2.7074470730434,-2.78938831209951,-2.84533734894265,-2.90988994297989,-2.97544162652071,-3.00460815936805,-3.04452624590675,-3.08932239867289,-3.05536389078329
9.04265202766639,10.0983218081749,11.1782039259133,11.3631916598127,11.5482576943018,11.6959633404559,11.8295499193444,11.9827432326485,12.1353475108966,11.533328811276,10.9291738557168,10.3644667437036,9.79196730499105,9.23562750833711,8.66504383004896,8.35722648344895,8.04289009959959
8.58423472568293,8.96236624770343,9.34561131312443,9.71308264515727,10.0965165528693,10.4797527635177,10.8587967374059,10.7314290999822,10.6115343079707,10.4940934253409,10.3790381911727,10.2498929980771,10.1298058176183,9.7797177644269,9.40273631135392,9.02187784954317,8.64266405454972
7.14433047615463,7.36197843992143,7.58379295119802,7.79871959288971,8.03094484178687,8.20707487933426,8.37954320818304,8.55126367096786,8.73008249890949,8.90764581101987,9.09201011237179,9.10771340664877,9.12033636963097,9.14595957810036,9.16208929325057,9.17302607221728,9.19825901600425
5.26366534098016,5.36039436283338,5.45482524505335,5.54170983283472,5.62206160520855,5.72608830400688,5.78351885283277,5.83971281193476,5.89042907324252,5.94466140439797,6.00863829558877,6.04302890033905,6.0669750275052,6.10350043980123,6.13948283058522,6.16260712425503,6.18613465323309
9.09064695502255,8.88930245097994,8.72327018372514,8.55120753347328,8.37480983654635,8.20505143404845,8.04231154192298,7.86955933719564,7.76938069582767,7.67393575730316,7.57426784397642,7.47881641985968,7.36777856056154,7.26979787538608,7.16498831259976,7.04957955147683,6.92854141937911
12.0288081747966,12.1375484229918,12.1974106716903,12.2594874869946,12.3261917872001,12.3784051902533,12.4460639555429,12.5061074639425,12.576285297985,12.6449321300906,12.7135740077715,12.7831266412137,12.8324240687289,12.9009412484922,12.9209891142731,12.9459418445116,12.9664287500532
8.3262809870422,8.29780459316729,8.25735241492671,8.22667948356489,8.09008674432632,7.94894551980664,7.80988673315128,7.67511103187161,7.52061621203874,7.39554003517482,7.0666485900278,6.73249063385175,6.39137599184066,6.06351712259747,5.72547778593078,5.38785130458999,4.97492326582473
12.4780462225408,12.8192367922355,12.7412060158149,12.6694233256621,12.5890262306525,12.518847967274,12.4376939690412,12.361360243459,12.1319241297493,11.9225074302029,11.710062942552,11.5099061055996,11.2959559040271,11.0747229591863,10.775414919206,10.4689090392191,10.1677505382244
9.0120683007748,9.26555659472544,9.52661771997865,9.82113520604242,10.0148918292739,10.2126889782947,10.4246008139958,10.6157871267096,10.8035403968536,10.9979075474393,11.1002236744783,11.2058574935729,11.3064917236838,11.4317537741562,11.5342471034363,11.64811529139,11.6439360766491
10.1393530396869,9.90577046152171,9.66314310088918,9.44190701827947,9.2173048267987,8.76334129214334,8.30873174834952,7.8600446122111,7.40043793342438,6.9660438305404,6.52053115594583,6.07178607396657,5.62880783000158,5.1848621455887,4.74799570874413,4.27894809869448,3.83625182973596
11.4744676653708,11.4337569919759,11.3590295055985,11.2987462344398,11.2395957980637,11.1904378028163,11.1319736523145,11.0676001384843,10.9984766181102,10.9447626054204,10.9112070445896,10.8608994552683,10.7685973725291,10.7369723936406,10.6755403075393,10.6126482485367,10.5473950053389
5.34435661389073,5.46389842868446,5.28574785322588,5.12382562981468,4.93363265211362,4.77112670464964,4.59068190548718,4.38583904033115,4.34381459636873,4.29389284416107,4.25756675808393,4.19484238399431,4.1470404529584,4.10510580123122,4.09299735254875,4.0768628693718,4.02876029953234
6.63982562296812,6.63736856563761,6.67895650774752,6.7307151152793,6.77797737489168,6.82927545034605,6.88237471724161,6.92343592969746,6.60142728885867,6.27917271781872,5.98453760933382,5.66284006343971,5.35729590944121,5.01288334975266,5.12097942228369,5.22349784324487,5.330096466164
6.43860683768067,6.38260477592329,6.32110793426255,6.26355717297421,6.21103160082812,6.0374633696102,5.86334238764825,5.68177579834696,5.50792319064236,5.31913615971418,5.1477050787494,5.11737327344653,5.08606118622396,5.04588957316447,5.01519231733188,4.9875922864628,4.94499600035691
14.7598515822946,14.5300960767645,14.0628867759089,13.5817285872278,13.1287161839009,12.6539349862794,12.1656378184273,11.6913935232046,11.0789963050316,10.4714201456961,9.87231101386726,9.2442387792229,8.63573769601333,8.01332324107809,8.09578404786337,8.17590959403895,8.25431365612009
0.349412891718715,0.196745665283236,0.530034110739316,0.855685937774163,1.19756729745352,1.53445533468547,1.87367391200534,2.2316333777146,2.29659510135474,2.38315420001423,2.48483076848141,2.57227511764346,2.6716462047867,2.77301753842913,2.79586859155425,2.78919261374138,2.78711805338769
1.04041099614731,1.21163505169414,1.38560841145766,1.53218503313593,1.70205625221839,1.86783795014401,2.04007349924814,2.0759994256301,2.12263057570138,2.15811811678298,2.22406820348146,2.26145944322705,2.29775327187529,2.29158449590732,2.28890067147403,2.28714795093535,2.27259212448419
-0.51393630394528,-0.696126875416434,-0.873663566905174,-1.07356756071912,-1.27980039807262,-1.47437407941769,-1.6679299947233,-1.7753882450165,-1.88118178635271,-1.95769137822194,-2.06287656056772,-2.12201280745153,-2.24432962062355,-2.34350487406276,-2.44050692605318,-2.54780812548373,-2.66420972445318
8.21923046930717,7.77150575220809,7.32597883739252,6.88774105632722,6.46864309695229,6.04948632986885,5.23879451129727,4.40897961625715,3.57624699849113,2.74211852277168,1.91363632137337,1.0719079892563,0.460253476314375,-0.149902557204136,-0.7595614591816,-1.37752227288522,-1.99709794204863
2.30322770588748,2.23566684885628,2.1821739884337,2.31006477139503,2.43419960153855,2.55959200323635,2.71678616532045,2.84429912566183,2.98654445198885,3.3698350340967,3.75395353207911,4.10763856989453,4.48829613875773,4.8710328299648,5.24296023366595,5.5194132830013,5.79721496485682
14.2780349750898,13.6644294954935,13.0319252805508,12.3936839912348,11.7351828348692,11.0772993872304,10.4486036458167,10.1217777788181,9.81585869805677,9.51621374195148,9.21759717781661,8.9166218346999,8.60879883904541,8.48302534809353,8.36429843191532,8.21785565283043,8.08549449165732
3.6382760186513,3.57744462685794,3.5241234924105,3.45453132946842,3.3844321105416,3.33448540838723,3.25911696967193,3.2083095747909,3.05235943866251,2.90858700219252,2.7569442639176,2.62618666140152,2.47305914152197,2.32574755781083,2.43164076692082,2.52749278507325,2.6318119469564
0.130875622885432,-0.0629326396246871,-0.290053562646626,-0.521606867390824,-0.744564628055728,-0.975304005714349,-1.20526370771113,-1.29398737102615,-1.35448204854084,-1.43666968128749,-1.50022887364543,-1.54682534438832,-1.6002448254041,-1.60667251840744,-1.68400914959886,-1.7286755022462,-1.80512022643893
1.82166030153113,2.04430318204664,2.25297971310011,2.49353809792802,2.7404706084267,2.9636779158099,2.59275536084424,2.18406927564256,1.78467428448805,1.38389685194521,0.97424486166851,0.545728789705461,0.368112869239933,0.179379371246349,-0.0168627732196481,-0.208369473052371,-0.402895923074976
13.1887893995345,12.6315185257035,12.0941754407088,11.562554141822,11.0544346019561,10.5431441685699,10.0539541301362,9.5371411018412,9.02750899490805,8.50040251597297,8.41086431439783,8.30649683832878,8.21670470262904,8.10942287592608,8.00111370108412,7.91568786929611,8.14107765406922
0.596297476250592,0.554003186700243,0.528228340196737,0.504097754284466,0.475658022260172,0.454633267727516,0.450319340952487,0.493021833385051,0.543105485826701,0.564658931500129,0.590681520468425,0.602944411836577,0.598688342999203,0.665645370118933,0.749997065716144,0.837933847452373,0.929868708910143
11.262449065304,11.4750767216373,11.7177333897777,11.9680680284212,12.2004064807964,12.1344908941135,12.0666164216193,11.9835626718768,11.8919545667793,11.8003216012541,11.7241036691719,11.6862802465845,11.6365814877118,11.5917070718845,11.5521735934598,11.4994858751097,11.477246132103
9.04071356575885,8.95625083663738,8.88875305731933,8.86630638450742,8.86530707459815,8.86435867708272,8.86567779296025,8.85826169280027,8.83683903215009,9.06442777114881,9.28466601007046,9.52520172443269,9.74381721168051,9.9758465595168,10.1773826161444,9.64005688795135,9.08751845842052
8.9528620805934,9.16461551555476,9.28891624437061,9.43757814493456,9.59920630912001,9.78040213185722,9.91632472716866,10.0787574946607,10.2045304300636,10.3357294714387,10.4634529766057,10.5934599508758,10.7129558494516,10.8341534531138,11.116414746021,11.3925422520355,11.689414281332
11.4999223426744,11.1477342254274,10.8065436520825,10.4578258985429,10.1026783519753,9.73823068652664,9.63959546446156,9.51056489294992,9.38869705850035,9.25436890625993,9.09431235476686,8.95717201012672,8.61912266918304,8.28024194257305,7.95369081888336,7.65868010893432,7.36862318215759
14.1004767515486,14.4051146714117,14.3308333072843,14.2878319004216,14.2438095139148,14.1598335393796,14.0523439980531,13.9666961616699,14.1177477358441,14.2504672322885,14.4076094453768,14.5585839492931,14.7101168099833,14.8638257572302,14.0183525508034,13.1923826937373,12.3417979995262
7.70509248954852,7.90916303079748,8.07664319142998,8.40450686715139,8.66240917591854,8.91226504294223,9.19014992285954,9.4567375738583,9.73289074922338,9.92895939981088,10.1352929895648,10.3423509631615,10.5516244161089,10.7380507027094,10.9354649374774,10.6100568022489,10.2495372670419
12.9584694821327,12.3224016529464,11.6995788036873,11.0886482921535,10.6527708888756,10.228133665341,9.80711494556038,9.36589635752278,8.9201572533133,8.47923974015458,7.95288332438985,7.39548178615989,6.85213240812236,6.29705215012836,5.72953416300996,5.14844849850606,4.89981497874418
10.2933981854117,10.8628848382073,10.8929702219911,10.9608579793403,11.0291224275761,11.115180523252,11.1603064717823,11.2119450424828,11.3109113252765,11.3527984101247,11.4128523456317,11.4321212609126,11.4356603013035,11.4330043983378,11.1905929745145,11.0159730263868,10.8435053087532
11.4954262559251,11.8302869222395,12.1479769718388,12.4824477565803,11.610025839894,10.7278666260873,9.84228223256943,8.9720730828882,8.10358204422776,7.25634683137393,6.87905380720981,6.48851946321731,6.10869265196001,5.72218651344805,5.31969957431894,4.93319538308197,4.44911144834102
0.376334914877601,0.449341097726015,0.479718664962513,0.519321581740142,0.589570654277104,0.668813676771159,0.746092205876901,0.829398112580202,0.913748650023217,0.974419604584039,1.04176771632609,1.10738552149158,1.14403839105217,1.1691339959478,1.16753664413343,1.16847523993661,1.20098490387256
6.91086279442451,6.98822723958549,7.09130813981885,7.17306050378348,7.26354904972631,7.32823626288435,7.41688013496534,7.42843390009735,7.39874772380907,7.35933944792231,7.32576670132488,7.29638927331744,7.28879667206593,7.50822058705957,7.73448456292554,7.98118575900556,8.2222938978541
12.0618992790046,12.1720372411418,12.0216014345671,11.8957288072234,11.7705605116412,11.6639111443391,11.5533378994265,11.4287686545767,11.0737367811562,10.7133997803199,10.3653778339414,9.9923253078033,9.62356937267467,9.25311461503356,9.25379298917137,9.23875826783578,9.21977012308845
9.79747765059151,9.94015479300076,9.95606565401543,9.96333260462417,9.95222063794174,9.94766738703703,9.94771849200851,9.94321386136635,9.84929221659341,9.78321129529131,9.71140084144581,9.66060857798048,9.58524265228728,9.5174015683002,9.79244337694155,10.0599685604889,10.3302043281
7.92394315009909,7.90489922282229,7.87759319985562,7.87744133662506,8.70820338557291,9.53553843740722,10.3709985807189,11.2229434819293,12.0661452797716,12.9094288454738,13.0505737601502,13.2058116636938,13.3484021524113,13.4921706186022,13.6454673264534,13.7849044166561,13.7645068863007
11.8708438959677,11.6371673072994,11.419622648319,11.1987049639168,10.9905089732735,10.6990478338827,10.4087691876374,10.1329264821808,9.83793933763102,9.55468242207199,9.24899738009853,9.24151384819027,9.20382387301777,9.19913535284267,9.19782632093794,9.2075274242347,9.18824400494107
8.28433128954613,8.27707128668021,8.25855527830909,8.263285325808,8.28710240283615,8.39464488085315,8.47962111353498,8.55280773403634,8.62655329353049,8.70218464327229,8.77502776381799,9.23773191693834,9.70645740857892,10.1646419248265,10.6338669077177,11.1100041018605,11.5588179263982
2.4389205137545,2.35702776121178,2.27271508382768,2.18986766284792,2.1106407238885,2.06726965348568,2.02744744085917,1.96854342911838,1.92541117301307,1.88992707385905,1.86204003507186,1.82326576252413,1.75969427313013,1.71977048918189,1.67883620652747,1.63564142635794,1.57396181000756
