"","Hs","Surge"
"1",0.572580143109875,-0.00573424911075744
"2",0.719056312922733,0.657190642742737
"3",0.936658322905529,-0.000985981223077312
"4",-8.52699201461092e-07,8.85923567071502e-08
"5",0.572830408063083,-0.0057202489034143
"6",0.716637557815738,0.657304312506987
"7",0.935226452094842,-0.000987051906519706
"8",-8.49235324068028e-07,1.16867049856526e-07
"9",0.57384403009149,-0.00565152508611034
"10",0.704011136459735,0.656279906161003
"11",0.931569783711769,-0.00105279437294529
"12",-7.50847507995852e-07,1.08095965872019e-07
"13",0.574095748735007,-0.00555260227740873
"14",0.703052549526252,0.655509572331858
"15",0.93028699122171,-0.00129045185867492
"16",-7.21123699476942e-07,1.17314687030403e-07
"17",0.574834538062716,-0.00552778741516865
"18",0.695411822827652,0.654435115402527
"19",0.927543226230831,-0.00135382345468327
"20",-6.16045811382593e-07,1.13435271031708e-07
"21",0.575256899348867,-0.00549615689377802
"22",0.689624427142681,0.653907736061089
"23",0.925773609720773,-0.00149279708267685
"24",-5.65883381145995e-07,1.26202155602969e-07
"25",0.575346249879209,-0.00551587115416486
"26",0.68936741089368,0.653741039374878
"27",0.92488369914343,-0.00145974625145351
"28",-4.85173885656198e-07,1.26645814365889e-07
"29",0.575386576062192,-0.00552800080447446
"30",0.68758902170061,0.6540216348154
"31",0.924116688445274,-0.00139856501896038
"32",-4.20243905709791e-07,1.22471426153002e-07
"33",0.575387476641896,-0.0055522325434874
"34",0.688703169397901,0.653604551155903
"35",0.923548340038269,-0.00133743709067236
"36",-3.78754091022747e-07,1.2669384895566e-07
"37",0.57553381993728,-0.00558637179649326
"38",0.686850439011057,0.654020031401989
"39",0.922531544480986,-0.00126860384951148
"40",-3.07783218273838e-07,1.36401007256005e-07
"41",0.575383233273838,-0.00562137481325736
"42",0.687261783177265,0.654766055993787
"43",0.922268212250819,-0.00117311389416669
"44",-2.43932741393947e-07,1.53299698500855e-07
"45",0.575779186498507,-0.00564253632383
"46",0.68123541237095,0.654466425208795
"47",0.920740234111278,-0.0011558717038035
"48",-2.18247582818119e-07,1.78640842374027e-07
"49",0.57576944312026,-0.00571119874231934
"50",0.682187806247639,0.655078988872478
"51",0.920232297804002,-0.000965177462113055
"52",-2.0390700276632e-07,2.05115691633229e-07
"53",0.575895970570984,-0.00575669841548217
"54",0.678975883012841,0.656400264153449
"55",0.919205083164418,-0.000721487416995308
"56",-1.51653046681474e-07,2.19708554423517e-07
"57",0.576011759434423,-0.00578832816625653
"58",0.677070642340762,0.657363724181737
"59",0.918430926318808,-0.00058238215834201
"60",-8.85728916030173e-08,2.31420317072579e-07
"61",0.57640608481622,-0.0057891320399378
"62",0.670248779705265,0.657776325625908
"63",0.916782633885279,-0.000501732302625223
"64",2.39746240954085e-08,2.22683471280474e-07
"65",0.576313080747747,-0.0057191321633899
"66",0.669717131861982,0.657314281906963
"67",0.916522103288091,-0.000570613346087376
"68",7.94201900894346e-08,2.20179859155436e-07
"69",0.576819527766934,-0.00575908210817495
"70",0.658615162033249,0.657097969868178
"71",0.914444337778441,-0.000378515622607448
"72",2.16194679533033e-07,2.05577503888575e-07
"73",0.576606681656311,-0.00582430120480994
"74",0.661653059253211,0.657978622156311
"75",0.914630427252822,-0.000128714412941922
"76",2.95620913634614e-07,2.03448644318114e-07
"77",0.576402214444774,-0.00590886205852596
"78",0.663325369039748,0.658459513757981
"79",0.914847087002087,0.00012081944613359
"80",3.59223299703459e-07,2.08620394713254e-07
"81",0.576458755619385,-0.00595976037624403
"82",0.66195485417373,0.658625236215487
"83",0.914252554487315,0.000329731192142353
"84",4.39138623865095e-07,2.09900670201745e-07
"85",0.576533851793748,-0.00598328525026998
"86",0.662497309622938,0.658650772557368
"87",0.913803677711207,0.000477370090614257
"88",5.15508946473791e-07,2.08999912656509e-07
"89",0.576586798541034,-0.00600514992051994
"90",0.662205164832408,0.658424443300141
"91",0.913433780694033,0.00063262418786896
"92",5.72377393285197e-07,2.14795558805091e-07
"93",0.576759284420056,-0.00613743924699082
"94",0.66347809037258,0.659231689419623
"95",0.912947219707433,0.00105251448294656
"96",6.59288309942779e-07,2.03922999906803e-07
"97",0.576595529706596,-0.00619504729022969
"98",0.668678976917295,0.659261790049302
"99",0.913347489278345,0.00124219661485848
"100",7.49672507344004e-07,2.02157594627895e-07
"101",0.577237945496792,-0.0060626161476006
"102",0.662911116325096,0.657954735477497
"103",0.911758584824153,0.000985206909754614
"104",7.81170379698775e-07,2.13541387407584e-07
"105",0.577432514695413,-0.00607789499092333
"106",0.66693260957251,0.658111533390834
"107",0.911515295318761,0.00104407949080062
"108",8.62102521040263e-07,2.08562609715991e-07
"109",0.577401450365535,-0.00603649612972959
"110",0.670513435914758,0.658007758417604
"111",0.91183926640088,0.000934705236900732
"112",9.33071643646666e-07,2.20491678007876e-07
"113",0.577984039402558,-0.00594508034587004
"114",0.662274336621301,0.65724663870859
"115",0.91050887747184,0.000719879007760368
"116",1.00498954646476e-06,2.21503195327797e-07
"117",0.577994879438502,-0.00593167277941307
"118",0.660376140866151,0.657337711180533
"119",0.91078470478276,0.000635742859006189
"120",1.06782688835598e-06,2.29281610271344e-07
"121",0.57815744315414,-0.00597864654762239
"122",0.657006885295934,0.657379377634081
"123",0.910807034327219,0.000694503035309845
"124",1.13254901546333e-06,2.15518655945127e-07
"125",0.577942909570792,-0.00593511638892017
"126",0.662152292888926,0.658130725060905
"127",0.91187020110077,0.000598630737467203
"128",1.20980905900824e-06,2.11269097717619e-07
"129",0.577812263359275,-0.00591628593193434
"130",0.666096232612522,0.658340524498608
"131",0.912812609763085,0.000509175965667599
"132",1.20173604769213e-06,2.23504736121046e-07
"133",0.578091070118033,-0.00598607209864388
"134",0.664266237976853,0.65907384565883
"135",0.912649038306331,0.000637493081330208
"136",1.28875712967438e-06,2.14512860982402e-07
"137",0.578091329615292,-0.00605785684941691
"138",0.666504866540523,0.659279979775823
"139",0.913341210858965,0.000757374458807619
"140",1.2805028878321e-06,2.41893820857824e-07
"141",0.578647410415985,-0.00610862666320462
"142",0.660830702855687,0.658604986005397
"143",0.912487478379234,0.000837032983406638
"144",1.30473693396338e-06,2.53516965518549e-07
"145",0.578573881665972,-0.00609987527309844
"146",0.665075365876347,0.658435407102367
"147",0.913128446414509,0.000883000848893032
"148",1.39141049020909e-06,2.39968741867476e-07
