"","1","2","3","4","5","6","7","8","9","10","11","12","13","14","15","16","17","18","19","20","21","22","23","24","25","26","27","28","29","30","31","32","33","34","35","36","37"
"2",7.97664733042953,7.9135168017594,7.76283502760304,7.60642223633445,7.46379671385603,7.3091214610465,7.15645902526731,7.00106412185269,6.96750397233084,6.93277438401937,6.88793698616353,6.85005146327827,6.81431273764806,6.77714979152803,6.79246182100674,6.78385807692518,6.76719346705492,6.75292490238996,6.74908954768096,6.73737498718197,6.66640366556538,6.60609890297277,6.52762851076368,6.45092047635834,6.37632803552017,6.29923670113488,6.24484827319115,6.17524677025292,6.096655124812,6.02949657130811,5.95106392419564,5.87721892901578,5.79122614379787,5.71459518826324,5.63623136905928,5.51910760922275,5.44086915760288
"6",6.82298095247061,7.16719784159977,7.50087272177552,7.84125036746187,8.15227842434496,8.46193544917211,8.74949806154396,9.0056895272422,9.29173642931165,9.57750114972981,9.75290134829498,9.92841541784201,10.1422089061303,10.4001799351263,10.6488741360886,10.8983408532303,10.9771480871982,11.0392061920841,11.0476350143035,11.0473926424368,11.0536991957761,11.0601015541953,10.9686249223567,10.8886599961597,10.7667197212455,10.6547189515132,10.5326890635432,10.3876695877227,10.1460795197406,9.90878430894976,9.66001594679712,9.4002757448273,9.15121925366915,8.89430647584816,8.65670556912494,8.41001925546655,8.2259854402289
"20",6.25182789821336,6.42687773960702,6.60438989704691,6.77886402017693,6.80011773321482,6.85186782195331,6.86849872773353,6.89522810444491,6.90879655390559,6.92346673988513,7.09001930166484,7.2132277115334,7.34842045872823,7.47361969898096,7.61160955042723,7.76993476009894,7.70792061768122,7.63670011509992,7.56103815514353,7.48790777541052,7.45470214046971,7.37903489105887,7.35989050707402,7.33916331219839,7.32016426108298,7.33546789060679,7.31615348511798,7.29554099264134,7.35060958154713,7.39434749272172,7.47829272481948,7.52059631962177,7.57346721009349,7.61893625502545,7.65588780385181,7.68337420903451,7.71240635402296
"28",6.72708246553772,6.68786505837235,6.65560926414471,6.61881432306879,6.83735801790712,7.0869308816219,7.332784267419,7.5727721586719,7.81800742008421,8.0497725978025,8.29647749220839,8.54555790128686,8.78749795353035,9.05718359857691,9.31603831467019,9.58766586769532,9.76474352020794,9.95296490317325,10.125146265075,10.3050359076627,10.4838594532586,10.6577181616683,10.4691563947946,10.2784649110667,10.0880944595756,9.94209527368672,9.78926679847732,9.64642422147914,9.66048581362798,9.64917081699616,9.65016880016659,9.56820692763414,9.46307697446359,9.38867442500097,9.31427951180894,9.25885566415614,9.17552615991477
"55",4.33399376124928,4.50768096871933,4.67507242502542,4.87980563654693,5.02588815165515,5.17014363125196,5.39220183539901,5.62390402713574,5.88300094121648,6.1075692328801,6.40520226024458,6.6943905917861,6.98461203958855,7.28787259926472,7.58212576869309,7.88848098439277,7.98373527501285,8.07781813601491,8.20522281995554,8.30318772790094,8.3991934779089,8.50698554872693,8.43552711424025,8.40647707220671,8.34359104438771,8.28132923783305,8.21753881522434,8.1537901845371,7.74615108414559,7.34413472149118,6.94075053503026,6.53303343085848,6.11660989642718,5.74466386828833,5.4674623692074,5.18642494364414,4.87569751804777
"156",12.3136543432473,12.1403028820058,12.2082257684187,12.2609879357541,12.2948013174596,12.3590615807525,12.4098249373315,12.4709692273957,12.3061945629135,12.1307843317657,11.9646842268114,11.8016988526923,11.6364000705875,11.4635892744637,11.3090205777924,11.1449883315616,10.9820971936483,10.8282154606357,10.6634492274443,10.5097170364747,10.2613781042895,10.0251646461829,9.78875701381653,9.54350635501209,9.31174035354227,9.07789675655551,9.05547973807016,9.01102706124908,8.9984628302738,8.98256157686949,8.96671401043419,8.95117816365252,8.6552820849851,8.3705274692836,8.08614528777068,7.79392241027615,7.51134188670497
"179",5.91934141403144,5.9246133422854,5.93435958053517,5.94541101469779,6.01663449139029,6.05856887384268,6.13079174794864,6.2017220594066,6.27164118312377,6.37151376499766,6.37044016007962,6.41262200021194,6.44727472399175,6.49025063700324,6.53401263501832,6.55655011094251,6.7106925257126,6.83325641467508,6.9858067704064,7.10677913660244,7.2497037348917,7.4092635877225,7.50879610388667,7.60950931565902,7.71207828606898,7.81637310912106,7.90594366552972,8.00506200263616,8.14669438585172,8.31861221278129,8.44795241384209,8.58672140091671,8.72440288996233,8.83385494195904,8.88303559105265,8.94510985031862,8.99588261666509
"218",8.64177324954742,8.86983921536294,8.9186220837173,8.95412626124872,8.99831151435731,9.03248494657231,9.07534727366,9.08774711713659,9.09548965351282,9.11141814156966,9.11847697031884,9.12300272528169,9.13031490317499,9.15330263454384,8.99675679742486,8.83079752900463,8.67496274565603,8.51087780344468,8.35576991144943,8.16476140214844,7.99072220663028,7.80957247824109,7.63963023677217,7.45939326038124,7.26069984192951,7.07858399923503,6.94706380286251,6.80472488896091,6.67209576724915,6.5357336260182,6.38857233186832,6.24957776258803,6.139533237056,6.02438835220083,5.9187669396472,5.78253433497799,5.67872169958567
"266",10.110226634995,10.128484813912,10.148286017379,10.0672132561071,9.9951803274045,9.94258503788943,9.88792444591977,9.83126051526651,9.75333613387851,9.72708752235392,9.70905021528642,9.68043991513833,9.66089374477571,9.60503091330139,9.59037122417404,9.61871583525481,9.6483630951009,9.69071836272476,9.69859713394178,9.74863960966383,9.78385140420667,9.80481610676381,9.83016900341835,9.7955646538627,9.77343568685351,9.73890695458114,9.70584472890432,9.63537071364493,9.56753391152321,9.38837096388608,9.2411289689083,9.0536173406054,8.91328315601781,8.86548302100815,8.79458660852861,8.76114587800135,8.72016479188312
"325",10.7864774728218,10.6367704097357,10.4590447080436,10.3086076987628,10.160293131771,9.99831430950591,9.87365686839155,9.69546118338563,9.54828139944626,9.45987780298826,9.36003126116042,9.27350878104762,9.15496465663519,9.05987696567969,8.97765617522573,8.8760399469813,8.78559618564969,8.68783692139979,8.58389566801613,8.4981807125257,8.39755224327749,8.41519221103663,8.42554627123346,8.44717123368748,8.46958687001124,8.49516340060612,8.50848200783297,8.23363911577424,7.9640595578165,7.68498648908565,7.41608609592373,7.09909218918223,6.78867886361353,6.40254835543726,6.01292871849534,5.64166814322461,5.25353091502957
"398",5.1979771585889,5.76438608007501,6.30812880594374,6.87940459274487,7.42265555351161,7.95970385544853,8.23887293956251,8.51528329658505,8.7850462604562,9.06343435476968,9.33761820760448,9.60831517629177,9.42535861997657,9.2540700112222,9.0401036398222,8.82918083338758,8.61463251527252,8.4108249382863,8.65618257227322,8.91495280719188,9.14603538749308,9.38393229848561,9.61354121897461,9.84749992987938,9.94184913904836,10.0278864282694,10.1092042261184,10.1985197222368,10.3015283938813,10.3815320509771,10.0547973717872,9.72670466263054,9.42609866751443,9.1094697199731,8.78890783479065,8.47722818919757,8.39812206169623
"401",3.50761637382309,4.14105751012996,4.77572472522752,5.44235596058429,5.84698036047801,6.25279305523148,6.65881313871466,6.96851505565666,7.27647975724896,7.58036563212882,7.55659810619347,7.54686703135441,7.52534436195043,7.55743901974066,7.5883797507192,7.61103807488403,7.65040308922348,7.68998959922793,7.71888538284732,7.76243538601878,7.80148152075274,7.85143525719554,7.86327746476741,7.88301148389083,7.89503838999834,7.90097379855076,7.89561338051517,7.8979537237231,7.51662674582908,7.14479619254416,6.76635995494755,6.38711030987811,5.99911013106989,5.61966014905292,5.55791734848035,5.5014516682905,5.43089066285245
"483",3.36502794227116,3.58194301514677,3.81027055056873,4.02583597680719,4.24016688824014,4.36625122260479,4.49103297609177,4.61427202000553,4.74764764852418,4.87054060161994,4.9906695824114,5.21162784686136,5.43032738630786,5.661222001056,5.88480822588954,6.10679520042784,6.33995473677555,6.42096726904538,6.5092552979408,6.59842605956724,6.6753889725081,6.76252390800738,6.85125296166126,6.94916709915991,7.05847657846301,7.15571582629461,7.2545487757412,7.36307329525322,7.46303456384329,7.53782607974043,7.60074898878582,7.67626733603846,7.74275740237905,7.81957422824013,7.8871585302779,7.93722004646653,7.98638109436916
"511",6.76563126451962,6.80930735705417,6.86610032797917,6.91005139883317,6.95640360426935,7.00232492602936,7.26585163150281,7.52063482062981,7.78474681031042,8.04496121279558,8.27091770146735,8.54091975136944,8.53175290700692,8.52275362355553,8.5142724906154,8.58894803128254,8.66350305442962,8.73942637859042,8.70507972434307,8.67164221731162,8.63701264638661,8.52476425888774,8.41380905296593,8.30222379822535,8.29416032971519,8.29566623424479,8.28510052005677,8.26805858845831,8.27224337231364,8.28510201740435,8.32567073210177,8.36931271144254,8.38951413657217,8.43254221679159,8.47635189060424,8.5207199302394,8.67614121765351
"539",6.68929120999023,6.84648476661618,7.00560048500026,7.16218699832229,7.32875652630585,7.51828936256791,7.71134583690905,7.90277300287676,8.09168106163514,8.27975537183357,8.50898193286101,8.69772914240817,8.74687269722529,8.78640424504688,8.83664570058555,8.91909646913657,8.95936366290183,9.01035016011704,9.11634251596954,9.22493575814677,9.36188773092855,9.46826068553345,9.58566078567115,9.6961263450801,9.2549174379103,8.81556398390087,8.37573900272557,7.9335297644531,7.50465443841873,7.06187530981978,7.40533944074534,7.70537243126868,8.01858779651483,8.33455432541696,8.6471830648579,8.99709474786771,9.16334253389048
"570",8.58651466651867,8.61299669652783,8.52770629809106,8.4494834856825,8.36050822964287,8.27298300194748,8.18824956847099,8.14470065353668,8.14961511775504,8.14497480734705,8.14056158766771,8.13359645383533,8.1380569953859,8.15427714754769,8.16093608368426,8.18848729856572,8.22811259186068,8.25800796382608,8.30017057603765,8.2726555583961,8.1196988069894,7.99058393053817,7.8722019521834,7.7462382224307,7.63144954945683,7.45494237279011,7.43986859324418,7.42575044882252,7.4082710188125,7.37860629254574,7.36030603935101,7.33572102518821,7.33355885751832,7.33358305409738,7.30117105624439,7.3010159610192,7.30252971334458
"763",9.73932706757614,9.69182856814914,9.63674759094928,9.51738240323022,9.40144401824032,9.24754385883899,9.1135880238668,8.98539549441392,8.86044367307678,8.65589098547175,8.44913394715089,8.24609372078815,8.04240787157257,7.845696188302,7.64979017043913,7.57634886650139,7.51502163613817,7.44496001540228,7.36704725501084,7.28867658634518,7.20741644722206,7.17299731362279,7.15176635172058,7.12123701479391,7.09170278406457,7.06476373595885,7.04444676679975,6.97553421540797,6.9448023733423,6.90637917321897,6.87188246060837,6.83151066320358,6.76238238624969,6.71883505790235,6.6707084754317,6.63217080528088,6.58503098946036
"772",9.1927722836249,8.71615086784832,8.22967940314949,7.75048286642123,7.27262549730707,6.78166889049162,6.34549737094114,5.90589481036729,5.47157785235006,5.02569364567785,4.58719089525615,4.15107946570519,3.81100273464758,3.48639692596647,3.15009049927321,2.82664511018941,2.49331060813359,2.17398450734202,2.01768935249434,1.87160517272312,1.71255758349297,1.56312796755469,1.41475357720433,1.25972821401757,1.28789831710886,1.30639086397088,1.32387938197137,1.35303828345073,1.37277108466618,1.38410888735999,1.6569708699272,1.9555795473385,2.26714630856216,2.57052976288175,2.88469852437172,3.19218994304039,3.15181526705139
"920",7.92170674060893,8.11076507204315,8.31356242309955,8.5020788839796,8.70928242106809,8.90893305668497,9.10119794439611,9.16337959097215,9.22111838445803,9.28575463612078,9.3240697753706,9.36809061710056,9.44948649327418,9.17848121888434,8.90607460043488,8.63651387760514,8.37453176141079,8.11304452579214,7.84267986390764,7.21545332631009,6.57013315612605,5.92192179122648,5.32859142551001,4.69645192176274,4.06236875965359,4.06121078626912,4.06804847017659,4.10303726938264,4.1686759569796,4.22345415042896,4.27921648331289,4.43247417450581,4.58339089001262,4.73733097946058,4.78842443261667,4.85133898517585,4.90343466860319
"957",0.988793413926322,1.22037427503449,1.45225826062657,1.66001421556754,1.89143575700076,2.12437915208624,2.35961760425543,2.60148245789856,2.87199135523291,3.15259015416756,3.42443903023639,3.6970065003347,3.94760661218717,3.96957845027247,4.02972956551567,4.08935198289484,4.14758801645459,4.17249048795731,4.23884609388768,4.51368374835414,4.91222438789043,5.31031538640235,5.67553998082645,6.072722210121,6.46883626880038,6.72903207373788,6.88801945678081,7.08459030777331,7.28525777954017,7.48747092131915,7.68035749807383,7.80866556044138,7.82988929375779,7.85488596943974,7.8848777053608,7.91475751926278,7.93537109875935
"971",5.59675022466004,5.81696921672776,6.04033880753109,6.26145174501792,6.48257894733323,6.50448981792084,6.53869146832791,6.57189465372831,6.62573478834778,6.65698865698988,6.68908856612794,6.78067212708287,6.86677539736292,6.95253921050652,7.04885839059673,7.13305971744665,7.21839486719771,7.18330604194897,7.16077930716378,7.12989246447864,7.09822573175687,7.07777818856793,7.04791934274242,7.26060016325836,7.45198738086654,7.63359889010563,7.82471526252033,8.01324026417629,8.19587619846257,8.55698398470981,8.91707951604165,9.26509670709176,9.62397222180373,9.98134977920925,10.3301491127346,10.2979813848512,10.259614449212
"1081",6.18640280663114,6.41261007021376,6.78641412011498,7.19368390334632,7.59725970949944,8.00675551694143,8.41754993017839,8.81732250979984,8.76450090352428,8.69751605437499,8.59862250300569,8.52722372507221,8.45914731312124,8.38766518042914,8.03876256246595,7.59065758341586,7.13349259298753,6.68672095636085,6.23913144718367,5.82452559522105,5.36973873292162,4.94595882761662,4.52193548620286,4.10162536822074,3.68087801382374,3.24861481847412,3.07775774119721,2.90157359863335,2.72669973595709,2.56117885922377,2.38484854806278,2.21129420072539,2.15613643770179,2.10181435494611,2.04808220265486,1.99127190649518,1.93890374269101
"1175",7.98329148268951,7.72961597446313,7.46788229489004,7.21437003266409,6.95386187681926,6.69100777278071,6.41463133428498,6.40490725748127,6.40560129148998,6.39479729013102,6.38509728396366,6.3854832402751,6.40234916183139,6.45849876612124,6.52543027330418,6.61403872547392,6.67059858130465,6.72537648985923,6.80541612325311,6.91706810991215,7.07093208815534,7.19176524203204,7.30586559752208,7.42744875905875,7.59922900097533,7.74071695884389,7.86967446547509,8.00848799904481,8.15390116337595,8.3266399184514,8.47253517646507,8.37600926469976,8.28025345098649,8.18615998106456,8.13180786174395,8.03914953360784,7.94558160469362
"1180",18.1565423272457,17.6881347801934,17.2233894312917,16.9541160123805,16.6579871730839,16.3865200578614,16.1215641189793,15.8471822268357,15.5417176376807,15.2604068618789,14.9670542595737,14.6886390621636,14.3977263560376,14.123017053114,13.8390600434969,13.4222364193677,13.0070898107709,12.5906356402282,12.1693614817623,11.7572753010178,11.3331323405751,11.2974336920009,11.2744442008934,11.2523025771356,11.2334442464068,11.1729121717035,11.1513842578857,10.957767460965,10.7275611045945,10.5362509460799,10.3384823903311,10.1128999853415,9.91274939837867,9.97815361523273,10.0602768099472,10.1269980162272,10.2193586229724
"1231",7.33002430138652,7.40522440097311,7.48183182443411,7.55869259443103,7.63252832433775,7.69509754944042,7.75946299705001,7.8328039761481,7.85954768790764,7.91728800469054,7.97735464415404,7.87056452799813,7.76251695340405,7.65513996465861,7.54637721200819,7.4392049994262,7.31812335828461,7.18348812219384,7.05024116101417,6.91541516110998,6.78438900782448,6.6547722501072,6.5256775076624,6.43030506885355,6.34477708959783,6.26058595593129,6.16643679144191,6.0775296540121,5.98294833191445,5.65921922128686,5.32515224062318,4.9986095225266,4.66090983727444,4.33354327881789,4.00445756478299,3.9771971726934,3.95958480341468
"1233",9.43248367501425,9.14745675037724,9.09669724315988,9.03219178271626,8.98045359031835,8.92715089939685,8.88423258608187,8.8395164838768,8.74240308693038,8.65353636733725,8.56553547394388,8.47000325537534,8.4035999334866,8.29659996130706,8.20042655785222,8.09409494648977,8.03032971112411,7.92309480415343,7.81553422401357,7.71581905194126,7.79605591331023,7.87786887505553,7.94903194282801,8.03006935226581,8.07471352009911,8.12141858731465,7.99532292897143,7.86989692374715,7.74952981189813,7.62643394011858,7.56349449783295,7.49703231030177,7.4314589158461,7.36739546892305,7.30017076806361,7.23812629612188,7.20884578706828
"1248",6.53368743664093,6.56674189786024,6.60958980988918,6.65284181595267,6.74744220917677,6.82561984209432,6.90182180928496,6.97395380946365,7.05182007583015,7.1360916266982,7.08003537480977,7.02585487444409,6.98078000479185,6.94071860812289,6.90351442982384,6.86671760453453,6.83274869496666,6.79215350262105,6.75127017704725,6.70267778601755,6.66000703530252,6.6023533195177,6.57740124726791,6.58495290275061,6.58272910135985,6.58248735637504,6.57672301259673,6.57911377369701,6.59633451089142,6.57668904842356,6.56804773959459,6.54497538671318,6.53916921872115,6.52723129464769,6.56035134594622,6.58078497933878,6.59392342131906
"1250",9.79853899078692,9.75059751512718,9.69432585719128,9.58730653890751,9.49078761881739,9.39466633714611,9.30909867729182,9.21287930213107,9.11427537200841,9.07851279096379,9.00451667806154,8.93166033447337,8.85889272085031,8.78826391195783,8.72630043154467,8.71904684933867,8.65895999383376,8.62838236869618,8.56649881050472,8.50371141204778,8.46439418449892,8.396332128596,8.34108126475034,8.28322784584694,8.25901543700229,8.20631975532403,8.14954391481567,8.1037264711744,8.30196813844472,8.49941655978653,8.68598207238953,8.88243995541956,9.07873181924939,9.29895001711061,9.31909038118641,9.37236998995661,9.39369516539229
"1278",8.68167248339026,8.97909697947934,9.2891121304017,9.59709046218867,9.89644519490267,9.80135496670487,9.69660968942621,9.60350176777077,9.51009594584733,9.42853724255372,9.33380916535371,9.14240009144749,8.94839938360471,8.75102103324669,8.56416180245852,8.37963047677233,8.18453816416212,8.07940852144951,7.97167420352005,7.85444671298912,7.72271106299652,7.60077783170549,7.47985968625963,7.50070486008096,7.53466060010709,7.56284918336706,7.6003970571611,7.63050874505864,7.67019546719205,7.83893825596058,8.0157698370641,8.18931303480687,8.37389644839677,8.56032230719838,8.7350075862165,9.0917248718939,9.4473390829421
"1492",7.97918230629397,7.89850274990185,7.80699165541537,7.71389699876671,7.8322797286677,7.96872514353961,8.10097480637868,8.24163949882374,8.37877647554109,8.52259257165431,8.53392364825688,8.56310010959571,8.58949212812405,8.62468488673547,8.66850880200916,8.70262710849907,8.68124054386719,8.65240036612536,8.61396712031072,8.57950521584353,8.53762037212096,8.46411281707946,8.70420175917556,8.93366786177707,9.1757066305884,9.4099307351402,9.61656452100165,9.86205366433201,9.69277423835844,9.56029343102966,9.44117461729722,9.31875856572534,9.19807989480817,9.08239203312431,8.77201606073356,8.42095822570045,8.06160304113417
"1494",11.9289856741571,11.8273130300626,11.7608331200268,11.5283614006072,11.3109336874023,11.0728142706231,10.84196142031,10.5973508561742,10.3691328425855,10.1011891259098,9.82979382161993,9.56921475738595,9.270707390638,9.01444747915137,8.75689991663686,8.70208170678107,8.65175818565389,8.62486096562913,8.55965116465123,8.49236189491971,8.42687988079672,8.54062917892636,8.66674496199449,8.79191223150738,8.88492835760717,9.01521477127495,9.14100262339351,9.08303090590062,9.03825135827572,9.02454744223959,8.97457307307226,8.92351934296781,8.87433042544376,8.71281683631645,8.53850071739399,8.37834627426111,8.20186665408944
"1683",5.40421869141894,5.64806671601504,5.86500912870367,6.0832945421162,6.30420335144998,6.5202416749063,6.72915361997498,7.22708425127181,7.77446030465639,8.32052754308667,8.87348284056027,9.42448154095327,10.0040607430292,10.1606010967696,10.2876811116576,10.4132221637073,10.5896574759314,10.7246110846781,10.843107563474,10.7358632207794,10.6295462174604,10.5043854092399,10.3834613474916,10.2744288266215,10.156350004477,10.0003761976287,9.75811859448477,9.55181423902536,9.33134167564349,9.0834154345398,8.84810180396611,8.56978217964018,8.2440418896863,7.92348489288362,7.59462598216433,7.2821753497603,6.96299059625451
"1739",7.83496409055155,7.83751769349676,7.83843506483069,7.83000311253281,7.7497466784491,7.66593867048009,7.5840027862608,7.49905747861783,7.41561445522582,7.32957432636033,7.40377202562045,7.34575314440965,7.27623413070598,7.21886272632944,7.14972899295302,7.08985197161428,6.81967745650809,6.68672742141294,6.55609127506779,6.42623827956565,6.29793790941015,6.17305057725647,5.9758300452801,5.78845268989851,5.60058367135848,5.40549716967879,5.21692298823386,5.02813512637826,4.92060085124655,4.80590273638512,4.69023871463849,4.57536041688075,4.45729866260772,4.37368934426035,4.3443239226586,4.312806895885,4.29222835887865
"1745",8.98302337032135,8.99189820366719,8.6888167731628,8.38208352643064,8.07388684282423,7.77208006228511,7.47051988716549,7.16881435867225,6.81285564922258,6.46873306865798,6.11526820061467,5.76947861297226,5.41767561076639,5.07015043904834,4.88264639599832,4.72679756272547,4.56758995515646,4.40608696662579,4.25082441033973,4.05999778428194,3.73078224832852,3.40441437393459,3.07760626375527,2.75996360229264,2.43687035216717,2.11259909556137,2.01215677661435,1.90723767327509,1.80583337988588,1.67769658566564,1.5864346035425,1.4912478422996,1.47981667902412,1.4739877769345,1.46025580635874,1.4391697549118,1.42581316558348
"1920",14.6905980421775,14.5304680568112,14.3483653782059,14.1324362269555,13.9489956071577,13.768202781737,13.6002990455495,13.4251548953919,13.2632438986235,13.0694841160262,12.9185986738871,12.7560079304399,12.5360401931876,12.3111843113784,12.0970055384443,11.8821663219954,11.6652912209718,11.4347519738113,11.5201661570297,11.6033025832616,11.6969066007445,11.7858918051093,11.8812489521802,11.9767171201808,11.5543121012311,11.1311706393603,10.6920622019592,10.2443748190611,9.79768281835951,9.36819665672478,8.89166057447054,8.42401601626482,7.9743486261826,7.51281439545438,7.06224788589244,6.60695353798214,6.29695675725322
"1980",6.14047105973278,6.23559684434102,6.35151727785724,6.46413178718586,6.57107914461123,7.00240473828005,7.42258534435388,7.84917750944741,8.28619122336604,8.73270197056039,9.16429130661608,9.03124255000131,8.89565599181001,8.7539079446787,8.64766597564087,8.54008412095628,8.44051119653927,8.34862588930904,8.2903478297351,8.22856472978494,8.01526989947523,7.7886894163096,7.53484500819768,7.42437082889521,7.30359073772225,7.1936592546611,7.04100365515235,6.87202135641512,6.72791529966584,6.61630306160373,6.5060742305479,6.39615200945768,6.29664227705499,6.20149605033036,6.13471849398395,6.07110789628355,5.98978777444457
"1994",8.00386975828865,8.04254912344,8.0941291386303,8.14305204881462,8.15181856669647,8.15018428234678,8.15649027829608,8.15165469715571,8.1485544459344,8.15645435248482,8.0334955035293,7.87934940414878,7.75797267589318,7.63066179674356,7.51401925922793,7.38482288136901,7.18036884263747,6.9816656252792,6.77051701447195,6.56008757108116,6.35530155243896,6.14339510676785,5.93280261464273,5.73312948644244,5.52420421268805,5.32726570753843,5.11744027615798,4.92409794274692,4.67787573250198,4.41606156872553,4.16820986241246,3.90556447823585,3.65662494166673,3.38032004986905,3.2224339605064,3.06662876984453,2.90868921910692
"2040",6.94082491543166,6.9268947651503,6.91413174746144,6.91043606229602,6.9305813126669,6.92926275351694,6.93950180700113,6.99503055272692,7.08112474081867,7.12159733429948,7.20677330422303,7.26201302740762,7.39781203776918,7.49211246024993,7.5871385278998,7.68368475019308,7.7875654280169,7.91025341341265,8.16225340769502,8.39915514515386,8.67973907240488,8.91976919882891,9.17182098978196,9.44351336282809,9.4148982931725,9.37438676075104,9.32197997338948,9.2706275848421,9.23118649768921,9.18211998169972,9.13649676249131,9.07664064054709,9.04862669138824,8.9903635917383,8.9180181913582,8.85606390192188,8.67595623812796
"2052",5.68734873095354,5.59067291542687,5.52619736528667,5.44032228195331,5.37376345481812,5.28051806732038,5.21903877682839,5.21297085969667,5.20199757239443,5.16039040243072,5.14139213098405,5.13331993360311,5.12457195958614,5.68825779882586,6.29507741958542,6.90328697970983,7.46576078958997,8.06769604438914,8.6309254738989,8.32108892926995,8.00738279111411,7.69293638923262,7.3803256136055,7.033441271273,6.73191156556217,6.3362971709881,5.906575524965,5.50829598422514,5.11257753526226,4.68810116271329,4.29860092737982,4.10280062168637,3.87240920252824,3.67315327216227,3.46991634189032,3.26775756527541,3.06651864500896
"2072",3.87334576817158,3.50635217416779,3.13742996232142,3.5617225832101,3.95373728468081,4.34498174611278,4.702627048515,5.06918823264748,5.46774564933318,5.72391763277744,5.97975670136765,6.23562492834474,6.51112099638835,6.7530877118088,7.00766656826091,7.10031250277947,7.20467513652759,7.34218460245653,7.43841465149963,7.5340651652036,7.61911961540538,7.76326769367547,7.92684967134567,8.06393459296996,8.20121492136582,8.34755966877179,8.48160726649477,8.60280468257846,8.68188801286456,8.76579928657706,8.84564604405505,8.91767410317877,9.00455501515856,9.04227696759141,9.07761723641244,9.12662026868813,9.14609869680071
"2142",8.40793495934437,8.36483022821242,8.31285190961689,8.26005702406898,8.20946925496776,8.15622351409336,8.09875835840169,8.03213463059315,7.96699674793177,7.89035241885736,7.82307094533528,7.76213974196276,7.69908750821874,7.64822437279378,7.60015332547984,7.55182530279819,7.50633771628492,7.44765057930441,7.38615377062851,7.32199497227209,7.28899524594241,7.25219180259298,7.22905814254329,7.12481260055727,7.05300391920517,6.68434566367454,6.30978566051385,5.93963241727522,5.54414248161266,5.25116857963316,4.95902537067935,4.70176387746625,4.4579125983625,4.20265761009438,3.94497706927383,3.71572107383361,3.4905083223271
"2201",12.2996530805838,11.9606657732242,11.6315226997002,11.2591026646639,10.9275513577433,10.7327319760619,10.5448175556529,10.3470477325191,10.1229855159564,9.93055399754795,9.74123124090034,9.17016787391058,8.5473232941683,7.89835163423627,7.28235684798172,6.66521067140008,6.04392137331544,5.696468894314,5.40216167651596,5.12379110610806,4.85317013861073,4.58524973024452,4.31633597328112,4.23412765377982,4.07079296254633,3.91162868243806,3.73891017577256,3.57123195346069,3.37662888238359,3.17245231113934,3.07046032923689,2.96219094779821,2.8596171992987,2.74313100450508,2.62642034579756,2.50114339076903,2.38218992094055
"2203",7.40401051199254,7.40875429061168,7.42500607360078,7.51955061951558,7.60379025342755,7.69968343665194,7.78610790736426,7.88455793280588,7.98039009995905,8.06091169290976,8.12168763920988,8.21396446104283,8.30465091559291,8.38673891800716,8.47927001863328,8.52209600795362,8.57418803902947,8.61444563691248,8.6536437312265,8.70423405969867,8.74667308887017,8.49038750879634,8.22152727871312,7.96578644903742,7.69939405939954,7.44317079274993,7.17867747041774,7.34433502972458,7.54259502801406,7.75638185693101,7.961723299883,8.16694396404957,8.33746646935854,8.56317443291371,8.78003134391223,9.00226514163856,9.22936817706709
"2249",11.4341071864687,11.8266932967739,12.2076743996805,12.5999267872675,12.694706570152,12.7931841808015,12.7936617929868,12.7931642512267,12.8123475226931,12.8185650715792,12.6711833675834,12.5402983933511,12.4619130555839,12.3815086160953,12.3117275929956,12.2322360561504,12.1471196155592,12.0923301507639,12.0347878750235,11.9680038964724,11.9058198136578,11.8379365418553,11.7542297563382,11.6610480046096,11.5671086789416,11.4651895746096,11.3700524285173,11.2394727425547,11.0361883996123,10.8139186812245,10.5930364407596,10.3678062472848,10.1495412990977,9.94403334229681,9.87120131606237,9.79869360170582,9.72348616004973
"2330",6.95162628640256,7.33408456329569,7.71587382305366,8.08453355515561,8.32592196788588,8.56184754614959,8.83909889768193,9.07283674531464,9.3063941641903,9.54605432990174,9.45252754944943,9.37646689116254,9.28541372378009,9.21202935552462,9.12944860438845,9.05046249353263,9.19770453086826,9.37324178189654,9.52094501878697,9.65772755363801,9.79315166309171,9.95699642105293,9.87449762777764,9.80082377227994,9.717306217403,9.63651858209119,9.56354908568619,9.47984487138574,9.0625779604362,8.62808382129785,8.1974143317891,7.76066437307917,7.32794777839453,6.90749958315116,6.62154002899909,6.34645012459891,6.060194830077
"2433",6.07049679612488,5.86128453390328,5.66006672091833,5.69914363280058,5.73834249763227,5.77896017199843,5.82255850005164,5.86416949348389,5.90432761705463,6.06582677552827,6.23902591337409,6.40460779947169,6.57827628606274,6.74114313843067,6.91458004063971,7.26636620962253,7.6176172483245,7.99948447428894,8.34884892409839,8.69735913581791,9.05048488570235,9.07555028316692,9.0923473948379,9.11947630221703,9.14769558444953,9.17492974513644,9.20224624522808,9.50698350774369,9.81789298597263,10.1269991319783,10.4372496617541,10.7556056168264,11.0636923666409,11.3186912658132,11.6135376323494,11.8664209828608,12.1167011319049
"2442",8.02724917604843,7.99681328719894,8.08732165324754,8.18468890533418,8.27304925884388,8.35207131911623,8.4448853003213,8.52612048089243,8.52788820091373,8.52800980214042,8.53203578901294,8.55415408374812,8.57585628362459,8.59636705578611,8.62721096791422,8.64539774467922,8.70476009726875,8.73306174617133,8.76577141029325,8.80725988245882,8.85481365415222,8.89228070392841,8.93814863498707,8.97679932689521,9.01684925604209,9.05398584662665,8.93370138742224,8.8097204142833,8.68659950024835,8.56557699610971,8.44655686657534,8.32677896325573,7.73444930267194,7.17556857469158,6.59229629635888,5.99421598102631,5.40113360260133
"2598",10.9212188247672,11.3330438417324,11.65430280907,11.9549388369108,12.2767806500649,12.6105348744889,12.9312399077577,13.2632231860515,13.3879661373473,13.5198021701507,13.653461277491,13.7892212051091,13.9215736374265,14.0583888685234,13.997892336181,13.9350836743975,13.8666726871946,13.8061969866863,13.7717287038213,13.7091348958272,13.3498085891524,12.9894313262273,12.6295589707349,12.2713167608157,11.9136614614629,11.5573752563806,11.4960273018503,11.448767958745,11.3935547569325,11.3774851975004,11.3216642836607,11.2621443283348,11.2062864627475,11.1496422559998,11.0915588769715,11.0375619400013,10.9773208002816
"2726",8.34640353557563,7.99465943566112,7.64142864016323,7.27741268757451,6.9221806126455,6.55550874621374,7.23239185909582,7.9198241728748,8.5959101241955,9.28239918282117,9.92806170668209,10.6139473838808,11.1911993259967,11.7635317692661,12.3382419614243,12.8802926289844,13.452419563274,14.009407555234,14.0598072232375,14.1085895902749,14.1637414801899,14.2188341126717,14.2725395636937,14.3080686632188,13.755266206367,13.2026530796807,12.6578411445747,12.1002708757931,11.5450670030127,11.0864736755529,10.8086053598772,10.4975530452543,10.2148913632822,9.92036781331035,9.63523550361807,9.37479130803333,9.198453895717
"2954",4.82489965816437,4.81231988197763,4.81003429466595,4.80719781766765,4.79261087553072,4.79029739607603,4.74233675680398,4.91834755078571,5.09498933314354,5.27437556736897,5.45252091223438,5.59579347360629,5.73589316147417,5.61532694686157,5.49707801891571,5.37658989802444,5.22801391496075,5.09778014268375,4.96588453754934,5.04276187969765,5.08672169071109,5.16138317292221,5.23543984693104,5.31235830618387,5.41895606202486,5.69303789322413,5.97685730481654,6.25161084659899,6.53974321889674,6.82520071174063,7.09201570711968,7.4257707811803,7.78431749087317,8.15119763435757,8.50801517570935,8.8743874588695,9.18585006324657
"2971",6.20396888462173,6.15414649770879,6.09379829776083,6.05008179421846,6.00791517019113,5.96428916524327,6.28080309888623,6.56479708924394,6.85119431531259,7.13877900808402,7.41738617657777,7.73082891933291,7.79024731357914,7.8624479375333,7.92307669074613,7.98932230276337,8.07761176184546,8.1438805054185,8.21532735739936,8.29785467695262,8.38015862798472,8.45531128920602,8.5403184415926,8.62766510528593,8.61719645943472,8.6052700066506,8.59165235736682,8.60926224776946,8.6094708175871,8.59471463263251,8.50215862115054,8.41725355957608,8.35852391324824,8.30509713849393,8.24062086568582,8.18857887909021,8.27374727223031
"2975",7.79753046575259,7.78631036358456,7.77135216654664,7.74588045943852,7.74900433357929,7.69193553917811,7.64745102858083,7.59124844509392,7.54754932336595,7.49222010412727,7.4640582235756,7.35450849333475,7.25339612087597,7.1431968061127,7.04332795440056,6.93095769627453,6.83040345966294,6.68598271404044,6.54520731126796,6.40235915225387,6.22918192706334,6.08947418256271,5.94223208430783,5.72107595957442,5.46894818994855,5.22411093380411,4.9713359145629,4.71598671447016,4.44715625914812,4.08956910361792,3.73174112079324,3.37530070334261,3.00617103322044,2.64883730771752,2.27572835120152,1.70811474367427,1.14459238037627
"2981",2.45434573872708,2.48190455584198,2.51156167987169,2.5490329698234,2.75708558362136,2.97832080456447,3.18752032327115,3.4167531018256,3.63742755956813,3.86492499962902,4.51333707934083,5.17366321089524,5.82300906447664,6.4999457789405,7.16753673721681,7.81255260019922,7.67908047795636,7.54429298588885,7.40763989416357,7.24196244743154,7.08860742337975,6.93210593640789,7.00781737199012,7.09210295181382,7.16698141377216,7.2481791713809,7.32407862318882,7.40398784307078,7.34961441831589,7.29185163365211,7.2381449439444,7.18317156592755,7.08877065486041,7.03471370432751,6.98856905225364,6.93394252788848,6.85478081643281
"3008",7.74571642066878,7.66134877386959,7.62041107123889,7.57179620085281,7.53009229320272,7.48376128713201,7.28027680724253,7.07418441064809,6.82263242182303,6.60111041917162,6.38364722734294,6.13522592185734,5.91921818901272,5.72284504329955,5.55202160129754,5.35585193053787,5.18312051513114,4.98163047033586,5.05172978378981,5.11905952045894,5.18143350294209,5.24343290028234,5.3156513611119,5.37576328747043,5.4951087528504,5.601664954653,5.69274505979092,5.7817227614023,5.89251731837648,5.99533736469306,6.15096085511434,6.27875941151679,6.38109547042005,6.50592297252,6.63396062727246,6.76700347018155,6.70376764055548
"3013",4.78532067688294,5.12204437754725,5.45688448357614,5.74118938188375,6.07285209887866,6.39535365556491,6.72387904577981,7.0523151269185,7.34445781910184,7.36725275523919,7.39055602494176,7.42450870474673,7.44939802952203,7.4848683322469,7.51068398406283,7.46665572307841,7.41376375662848,7.35824828786651,7.27078323615112,7.2149215751986,7.15596307337424,7.08291359862752,7.00152429995357,6.93226411952203,6.86241767665878,6.79158107351875,6.72053724171497,6.77452506716637,6.8325101001856,6.8742187630642,6.9218600474186,6.96409839164753,7.01014205314464,6.98883244765272,6.95222293395352,6.92142117089262,6.89456376820687
"3021",7.99580872952046,7.73865752254544,7.4696777731423,7.20230191231753,6.94211301081711,6.67448671981941,6.40785164757088,6.26597498934097,6.15407886505212,6.0347995300102,5.92639943347337,5.80621743794427,5.66233100577525,5.65887511727073,5.6577524476596,5.66390886290737,5.65879852517374,5.62000155430491,5.61502247392031,5.64070167936546,5.66692998963331,5.66522303420405,5.69129317358285,5.72080898413227,5.751495743007,5.70647178459113,5.67109028960296,5.62500814611151,5.579141741887,5.54809055197799,5.5102394896734,5.49091607829783,5.43647489647614,5.41473969910559,5.38985620646779,5.36097823602803,5.33558061851089
"3180",8.6268274106938,8.5103064365,8.71204228360907,8.90347876005261,9.12470155263606,9.35213689007932,9.57944599137562,9.80752172442024,9.95178565850886,10.1205843399086,10.3137969523913,10.4968720323316,10.681159480761,10.8723411355133,10.9238547750356,10.9745379791131,11.0316007376736,11.0980084716009,11.1249905800355,11.1840748830894,11.0446932510325,10.9086585293868,10.7708578217288,10.634228456498,10.4985934432416,10.3628858848818,10.0287137096682,9.69035590918749,9.35846923732945,8.99592126551984,8.66791847454749,8.33764321931394,8.07776390355127,7.81683360859707,7.55021268851009,7.28106972828109,7.02596709357528
"3249",1.85341066071864,2.08451435832468,2.3469148591942,2.52938860766266,2.78471617788664,3.04073807787228,3.29842788811842,3.55391368615346,3.77826480122599,4.017781255716,4.19526741988126,4.38601823078948,4.57602677221071,4.76493663413874,4.94634603823147,5.13507023146678,5.16681867667956,5.20329656953565,5.23115259175955,5.25679212175505,5.28498092089787,5.31651067909814,5.48530994274988,5.66766954598137,5.84065162104944,5.98264000509612,6.16260381307151,6.35406184531826,6.58968577067723,6.81600454637269,7.04359650249506,7.27741206929815,7.50310717303601,7.72792577722143,7.83979480894781,7.96389941153386,8.052644337252
"3277",7.08348636659395,7.06134343948581,6.97603542449446,6.89073989668432,6.81698442289348,6.73170005471301,6.62572873983082,6.51970199497114,6.37876941722532,6.23547669415176,6.08134127943841,5.93935541279553,5.84567693189851,5.77683423186782,5.83592695105065,5.89474101899663,5.94625141289489,6.00558648095314,6.03701864437859,6.05756825002788,6.01549833549333,5.97396249696514,5.89842309719305,5.84897650582961,5.78225929457618,5.74854443131749,5.58122744695302,5.42903133735987,5.26791909893179,5.11471732360206,4.96671777652372,4.83015889859656,4.37294911204959,3.91612598537372,3.45594155207682,2.99743438376361,2.51578674758242
"3281",6.21683667018037,7.08821780834338,7.918150535553,8.73588213013886,9.56449713170242,10.3948151880497,10.5019648392244,10.5992308765745,10.7026963815448,10.8083658474208,10.9013950324593,11.0052547635146,10.8084514115984,10.6148665330675,10.4447772740519,10.2864055271882,10.1296982549852,9.96879617336405,9.72891388701917,9.48999439299536,9.26218112142239,9.03532335789867,8.77385699757849,8.548607868339,8.63320088317086,8.71575032645472,8.74912617150887,8.78368910427855,8.83050588083711,8.86466170831551,9.29881747471311,9.73343242405816,10.1492710958265,10.5678280041178,10.9812346173607,11.395704353287,11.6382594637031
"3414",4.81925131312543,4.75098295946872,4.63879407002383,4.55911546287578,4.48911496587901,4.4115564214918,4.30468856878196,5.39777448915085,6.48098661139177,7.56000062009596,8.64966534808762,9.69453345177227,10.773755833786,10.9627390043342,11.1521363324778,11.2831600033635,11.3905900511387,11.5262610343197,11.6643354707922,11.0495385791988,10.4365588079437,9.88077298078566,9.32157271357424,8.77566409823667,8.21831679346134,7.92171404183611,7.61559232345942,7.26200024258025,6.94661051844636,6.62089805291808,6.30853737744559,6.06280815273344,5.79605368921183,5.52392496680762,5.25109646902406,4.98728797458452,4.71337737030988
"3433",2.27645386898167,3.07037789813085,3.85569598977072,4.37880318006804,4.89330025252049,5.40841693346534,5.93637750492314,6.45495566667406,6.9820591343462,7.19203101413672,7.4103770944568,7.62879812812514,7.8704627465093,8.08557692281777,8.32991804045933,8.51174876443398,8.69540279315896,8.87754852718165,9.05998986048523,9.24501004896906,9.4277451055336,9.44284253869067,9.45382309199449,9.47791821805415,9.49426661318334,9.50711855582224,9.53469990963899,9.3407325907462,9.13885153893722,8.94496864276077,8.74934051805178,8.55833130278089,8.36766271031592,8.17950692673534,7.98761916437322,7.78442001884756,7.59415101770276
"3671",10.575266816972,10.6411280993367,10.7032993494846,10.7579180158062,10.8216115152668,10.88671732031,10.9607424190476,11.0451152912669,11.1241926769755,11.2110407943692,11.2875971240912,11.3777823863824,11.4380276413045,11.4996133012899,11.561618573809,11.6130175409279,11.6761212956686,11.7359535639396,11.8265566865643,11.9200658772496,12.0104315584328,12.1013873773842,12.1576225493614,12.2497620134372,12.2915972747799,12.3361881146168,12.3765462677893,12.4232476939666,12.4713710633947,12.5155286802372,12.7116270959775,12.914695083707,13.1106125753567,13.2856191958962,13.4783815248955,13.6862985050259,13.9422684478748
"3730",7.55559719769688,7.73064490133237,7.82204395878987,7.92388345370732,8.01664256989642,8.07962163225906,8.18139132903745,8.28993385726524,8.25074166611156,8.22335051060936,8.1506864237094,8.12242009068264,8.08252332073759,8.05742663122209,7.92074971243723,7.7836225658812,7.64941345029965,7.51436040701311,7.36441162932433,7.2574487017436,6.94566555233067,6.62362404464531,6.29874868704755,5.98883371903081,5.66826636826463,5.33330434931257,4.92822715160422,4.52669711555354,4.14066539906032,3.73924470015918,3.34529073160609,2.93043506035121,2.64720129586677,2.33533031384238,2.04887288490214,1.76985339978515,1.48432893582598
"3802",7.96167188913416,8.09776589321508,8.23329919141517,8.36750411994574,8.1411236258971,7.94920281066741,7.76150012618966,7.57188237073193,7.3489824873963,7.21104088833039,7.03355639562832,6.85917521311077,6.67401220036601,6.49802670502281,6.32276119446112,6.1364060036716,5.8326879653978,5.51223742269318,5.19178697484159,4.882738227977,4.56377754464887,4.30394569137594,3.99978738506607,3.70815515293456,3.41668630507141,3.15939882338281,2.86647706408815,2.57894388570086,2.6795839457333,2.76600251880156,2.89730040852264,2.99295303222391,3.07828559996307,3.13091405907217,3.20868969451294,3.32320566156354,3.39781108167009
"3865",10.6364678604851,10.8739732667989,11.1523086931882,10.9990285046546,10.8519505433393,10.718933987995,10.5779810945498,10.4036828197617,10.2617422723381,10.0194178744631,9.80251395390824,9.57696636282981,9.32728939706604,9.107691217693,8.89059714550449,8.42821736085472,7.98454327039056,7.54583164829251,7.07863943031665,6.6716809394403,6.23864036024494,5.79650447489128,5.38205964839779,4.96756121126,4.55406677667481,4.09807785940988,3.68347829952252,3.36517083688262,3.07926623307888,2.80539514736298,2.52581794505387,2.28499518549214,2.00795934521928,2.11075771412737,2.220881683362,2.32758396565712,2.43638785482155
"3970",6.84312015561222,6.85009569826136,6.82245343271774,6.79749692380764,6.80230957459327,6.77926255225091,6.76254459518054,6.77832411619727,6.76502816530398,6.7496005137181,6.77877260996486,6.76158623342795,6.79836734207352,6.84537429312802,6.89274240428123,6.93724867952056,6.98474628892155,7.00999887586178,6.68656989419342,6.36118137798787,6.07930536946399,5.75570523896582,5.46220345249808,5.09928217061462,5.19806564485224,5.29751371076171,5.39537259887802,5.49477305698807,5.63177935016444,5.7416799761598,5.71413305451672,5.65401147126416,5.56135554349643,5.51022708907655,5.41578007976232,5.36699599076286,5.36510532029495
"3985",5.77054742004585,5.88763054834914,6.03315754783409,6.13903320829614,6.24499328943632,6.3528938904763,6.46096695181085,6.55938528663083,6.66867961388438,6.59998850889524,6.55630961969706,6.51076466229503,6.46488888784944,6.41812911794613,6.38128750759115,6.22813198042045,6.07445493986972,5.9172497357103,5.76224104614228,5.57606872816663,5.42255242363303,5.39406037235667,5.38253200079532,5.34448079451971,5.31655124973765,5.30747991656031,5.26887996202348,5.43229064448137,5.58410301763565,5.78200913313926,5.93409640920601,6.10055417532851,6.2564226336713,6.28311629264019,6.31007097980176,6.3350068811865,6.35089021664348
"4008",15.7880078604279,15.783589382463,15.77538467657,15.7700192777931,15.7947834926116,15.7997114884133,15.5329789499496,15.2664396098147,15.0005453366689,14.7340032894559,14.5002186428576,14.272221811791,13.8010891600744,13.3206883273964,12.8828877528464,12.4038248144191,11.9019912513696,11.4259127354808,10.8172494275342,10.2102530280376,9.62564988952896,8.987978723281,8.37825249926963,7.74673631785816,7.81355083050326,7.88223483103537,7.95041865515702,8.01735324295215,8.08960797272867,8.24754039351679,8.14682049765824,8.04274811050037,7.89368135979958,7.78779798364437,7.67801025558774,7.51482524725773,7.45878500561314
"4025",6.47432814014374,6.55736063541551,6.64905615326896,6.74582431988138,6.86560560017108,6.96360419556408,7.06080496750806,7.14799249969269,7.24697557790035,7.35168400577603,7.45405809962284,7.49852939848883,7.55135114548048,7.60614192363098,7.68564586020894,7.7649302975457,7.84679198142939,7.93527878078372,8.03170298943041,8.11920758089746,8.20485640371094,8.27103763310208,8.32431692573304,8.16839339461088,8.07772888058833,7.94435838190054,7.85089649901483,7.72732443278812,7.59770866746974,7.4157131741132,7.23415118420632,7.05140406340086,6.83830469008404,6.6475494262332,6.45237979200086,6.3601520360056,6.20138625845462
"4076",5.85797637630834,5.9996229082575,6.1400356892622,6.3214786827148,6.4920188229486,6.64534010216851,6.77009303868951,6.89833126273156,7.03666899476955,7.17049784206503,7.31674419895672,7.48042877704923,7.62407264508899,7.5036588309813,7.38126548167587,7.25657660212321,7.10785921918367,6.94391209115005,6.7899325565778,6.67069996697625,6.58888946262738,6.52909282511239,6.52608037376446,6.52744491389912,6.50610513871263,6.56482015647193,6.5954099401588,6.59589902873668,6.59770341962542,6.58604528892733,6.59539962409155,6.56335375222238,6.55146865882503,6.53871612890561,6.56073207825571,6.5293399344026,6.51605381131808
"4083",7.2001710211398,7.33389452926288,7.46827419107973,7.60141925571605,7.70115597500205,7.83866382047012,7.86032104307453,7.85068729345014,7.86958959200028,7.84534055597775,7.86474761999578,7.85336951841693,7.71562644662379,7.55043987074637,7.40848509255043,7.26729272390562,7.13332275230585,6.98643979992567,6.39753597557004,5.80689889311655,5.23281747418215,4.64662693866794,4.0610592084966,3.50509430389494,3.4532445245697,3.41583525371666,3.39552912283494,3.35418842241887,3.30698309056082,3.27676678749066,3.25243378392828,3.22400466951314,3.18334400790573,3.11782793136006,3.08124479669722,3.04369627371333,3.03975836370451
"4193",6.82290044390494,7.04882561916167,7.30746725363445,7.48167227709805,7.68935039040786,7.90152381253006,8.1477142066838,8.3929490588654,8.6063633308031,8.52133606580217,8.46142014448179,8.40998068468054,8.34966390019688,8.28292365761675,8.2281068067147,8.0520909655902,7.88593587236251,7.7037627959127,7.50576600882268,7.29591616704096,7.13452058585484,6.77638207885055,6.45013394562212,6.1229788983592,5.79976739197136,5.44555767525299,5.08878912551023,4.79179276660765,4.49629918455771,4.16654241151893,3.91240551107696,3.65873393518011,3.4218948094008,3.48985491725491,3.55626781327983,3.65948183709159,3.72460625434629
"4209",2.46150225844117,2.84451823592664,3.22699292740115,3.62079312279028,3.97147477370149,4.39023384529909,4.77925712432273,5.19716259703827,5.60136932387508,6.03425513613054,6.43968275059319,6.7365735246378,7.01217588385683,7.29240023391686,7.57495011872796,7.83179469434356,8.11222809604589,8.29357748532824,8.4885185323535,8.6237677772773,8.74140739671152,8.88177551761229,9.06033933963851,9.20951574825969,9.3697641877105,9.59413880381329,9.79193605070064,9.98122735019495,10.1192864411084,9.91356250294266,9.70732012401597,9.51946698277048,9.29811256064556,9.07495786404948,8.8881783707938,8.61178712385823,8.34300795646393
"4268",2.85403781687413,4.99860942981047,7.13929783664571,9.27079454169325,11.3802593841277,11.9736644495913,12.5651318825049,13.2005669266295,13.8349146007907,14.4587899119296,15.0947921679226,14.4927205867602,13.8501668287065,13.1966369523092,12.5134697452533,11.8299610928881,11.1889786645462,10.8348743046842,10.5163091394933,10.2006660793968,9.90262827563893,9.58366016227216,9.26148686386176,9.12166794559235,8.99767990071518,8.83080847443786,8.69510665486596,8.53191651353734,8.37190977157982,7.89039033200509,7.38300177680078,6.88273262464846,6.38572905277909,5.92384499478558,5.44394653765454,5.27022336015865,5.05933232041054
"4308",8.37075047976037,8.66852071582242,8.89637109019205,9.16937080758151,9.07073913890777,8.98237180122157,8.88135874068004,8.79349104381803,8.68771238348028,8.57029220171067,8.17512883571826,7.77818855721111,7.38317071467491,7.01790457474418,6.70308424504104,6.38946702929937,6.14560889369104,5.8762964939338,5.57778542386392,5.3003599446208,5.05942342878147,4.82007038356497,4.78630132805624,4.7671722911228,4.73576709532927,4.71630361376778,4.73638905759183,4.71625847975885,4.93041392149874,5.10046037032406,5.27137398275006,5.45293135949041,5.62312146863352,5.80526885492303,5.9023476090439,5.99954966019525,6.09539942052541
"4338",4.1252546110796,4.21528156041743,4.29561654187848,4.38498194663284,4.54070289252067,4.66980344703081,4.82014837590146,4.93001982696231,5.05485808609871,5.20391780196066,5.48655250457328,5.7643479390444,6.01486776520517,6.29449810024939,6.58249029414949,6.86223432621387,7.07487528786368,7.31769599596493,7.56324544425091,7.76305644653693,7.92485442281186,8.08401371995949,8.08241264466128,8.08467401471716,8.07614468768106,8.11166224843165,8.14529556379181,8.21475230834969,8.15687585043788,8.08535145653864,8.01333162453675,7.96515324844915,7.87963887999148,7.80265505555762,7.77354244328106,7.78673085911149,7.75409573188011
"4359",7.63578705642297,8.15805682638542,8.67116682586621,9.19344523816416,9.72065818750102,10.2345936926394,9.93337210696417,9.68031837457647,9.44204971512178,9.23719236466139,8.98559927216365,8.74909079613709,8.42870454685516,8.01810961307099,7.64264609966139,7.23477408061371,6.89449006441516,6.55115978605745,6.3274080469154,6.1493772667538,5.92520592155196,5.73888441124466,5.52125420624175,5.26280057152459,4.97514096116536,4.71569255617103,4.42016951039135,4.17432941239079,3.92661318087349,3.68100465448739,3.45889669587073,3.17358485003641,2.93654052643049,2.69032001258097,2.43582700816235,2.19987425026699,1.24323872803705
"4373",6.66484008385107,6.79980312216023,6.9351184805843,7.10170448963891,7.23945739006929,7.40652277317033,7.50241004429957,7.60632363070854,7.74547807118582,7.81198737340495,7.91778041537272,7.99345127040504,7.9119710806989,7.83126947835411,7.76310305532627,7.68225621446094,7.61703779381901,7.53808829782371,7.3231815255967,7.15312170129193,6.93680092645072,6.71977379470324,6.49953079129305,6.29460427017403,6.10495756741473,5.92400496430257,5.73254671267515,5.59019025201789,5.44116819851309,5.29448789103478,5.22949704216345,5.14262854736192,5.04733723416115,4.96532441588599,4.86861279780142,4.78381130263727,4.84318392919782
"4491",13.1618617558012,13.4226560196384,13.5592617159761,13.6950866768413,13.866029633168,14.037329450893,14.1761599981555,14.2435031640523,13.6969798124869,13.1055499814699,12.5262191117811,11.9493451436372,11.4012768186025,10.8676320298148,10.3623834253815,9.84810293601309,9.37713722793294,8.8567850948769,8.34737840468541,7.82961799774935,7.74295988229943,7.64514119475722,7.55820406912193,7.46039389043676,7.34074586706166,7.27030970754587,7.49192282775448,7.75034762925914,8.01541243182822,8.24898265599221,8.51689318909157,8.79856316266044,8.798565122097,8.79708453625018,8.82327911524512,8.81839874635776,8.77801582767314
"4493",7.4151390975864,7.04259586783385,6.62823163688681,6.18046103593258,5.7639509747684,5.33365004829376,4.83440897650986,4.79196519875239,4.73932247913381,4.65303108716996,4.61297771032686,4.59498940730052,4.57740347049983,4.64630270596148,4.79122854424294,4.94375587319221,5.08288827763685,5.19279712084747,5.32854962058334,5.53036987267581,5.84766413158523,6.13285149066078,6.38555181427463,6.69787343957878,7.0135460407737,7.08951964560245,7.00956310946061,6.9298197297871,6.88677332961699,6.88472369762464,6.81914609827622,7.034305427745,7.19509827257385,7.31772663871958,7.4074001249323,7.49162207315663,7.57901615357121
"4762",6.81329060690305,7.04950176477892,7.27341951388544,7.44495505412051,7.6853670913984,8.00363803240309,8.29137472427389,8.64405058301566,8.93417586507205,9.20257790312159,9.47607961985198,9.71418920167625,9.83647204922301,9.99345726164231,10.1813519531165,10.4026694153743,10.5406749117986,10.718563287545,10.8424819169261,10.9676333314643,11.093165801434,11.2148896119809,11.3197484088927,11.4263325064703,11.6822505887903,11.9356917452657,12.2219065699363,12.4782935284054,12.8553352033691,13.2292526702766,13.3492736414468,13.5134322427735,13.6805876157298,13.848643584782,13.9244366403978,14.0102709968697,14.3144817098051
"4764",12.2265183194518,12.7504164425972,13.2910535885855,13.8006823690933,13.6311600126276,13.4566810316155,13.2940356044619,13.1569376087192,12.9655496475545,12.807261096357,12.4376137226826,12.097889091127,11.7687150168762,11.4288293622216,11.066986196848,10.6946226561313,10.6159712084436,10.4897353480487,10.3685833943199,10.208814489975,10.0075120333294,9.84955923325959,9.49836370424667,9.1525008904875,8.81512702440165,8.54872904413328,8.28481516603827,8.0280279457058,7.42587451538971,6.78434648140158,6.15087148036543,5.48178197462736,4.77809383196867,4.10501091696485,4.68844001915999,5.30911352992928,5.95568779058169
"4780",3.09621348261565,3.22075603053027,3.33982300191335,3.46227110252977,3.59071416879308,3.71739944918632,3.99017101307249,4.23452955222372,4.50778772021944,4.71957093103085,4.96346749829474,5.24861432154522,5.44664667563549,5.68050358948626,5.91618312285085,6.11835662375927,6.31849788958701,6.50297719561963,6.48535401561215,6.46679735670572,6.41089045486499,6.39428604308962,6.39774643559172,6.41370008214028,6.4719011861113,6.56168219385526,6.62728310164096,6.6840337416385,6.74246886072729,6.805892586771,6.81682166942332,6.80439254412087,6.78208297274194,6.79004493306567,6.79382343020885,6.80552455715512,6.77596117446111
"4785",2.94845929727551,3.15391169082428,3.34596939907558,3.58203838449898,3.77850630953697,3.98496836784467,4.11737255979868,4.38874162251662,4.65082036262939,4.92163291623865,5.18298216620098,5.49013759948784,5.79510117102727,5.95642816285277,6.16251208109952,6.35695828744312,6.56255433492133,6.72845603200047,6.82335617603775,6.89062839771641,6.9686861055366,7.03268738999756,7.13919773456311,7.23663073006707,7.33421924670496,7.48276778444575,7.61823392734802,7.80015114822535,7.84643903614226,7.87431160729337,7.86367861509282,7.81884234803456,7.74311719018967,7.62334741144317,7.57082861707237,7.58776756389397,7.62985723344455
"4786",10.815712477769,11.0814386838751,11.3708938063686,11.7023322134565,11.9723116946004,12.2005873076552,12.4611578848617,12.7767994956913,13.0843117250642,13.4200356664649,13.6951164813941,13.9725052022542,13.880173615943,13.8404452076678,13.7989185683671,13.6934056626128,13.5459395566093,13.433032149552,13.5602761210544,13.6778284141613,13.8277024724091,13.956410298122,14.1040895176088,14.2524387404885,13.4133385000532,12.6073726117089,11.7646295745476,10.8896365726451,9.99697628300921,9.13661127191759,8.79422763714812,8.4292439318217,8.08667665561818,7.77585805877161,7.45522865964489,7.17326752745737,7.06758236969177
"4788",6.42164584237865,6.61897228252111,6.88825526757999,7.09482571567919,7.27105677566803,7.35329457563799,7.45447824534856,7.51674755170018,7.64417944031522,7.76895308407135,7.89665585582328,8.12364153963486,8.28989086147205,8.61218279295595,8.80670114914007,8.9915509202423,9.22574301253461,9.4349351117235,9.68762647058534,9.86013986294385,10.0388559110344,10.2365755229732,10.4362625985082,10.5992944115479,10.772296881059,10.4226222574084,10.0094836256777,9.59274214971849,9.20172626301283,8.85189222422014,8.54949157460374,8.81746928419681,9.08676466864138,9.35652576301582,9.63643367383321,10.0512361498065,10.4191415269703
"4791",10.9278930585556,10.7432173790788,11.4952487711307,12.2487654753955,13.0343856232644,13.7582929523359,14.5120620230723,15.2685146628873,14.6173524379649,13.9340216588352,13.2395545383068,12.5255695199881,11.843747872147,11.1818297209915,10.7419748596826,10.3306004901151,9.91841036950838,9.47073870974004,9.02311085912355,8.57407250175527,8.05849160519839,7.50194789136334,6.95509010357153,6.39713153213598,5.81756449762566,5.2072537588708,4.9344524009626,4.63194734058232,4.37644483197844,4.14644088128994,3.92145399053048,3.73274758862194,3.6319895813302,3.52852384815832,3.42271926202076,3.34667816479836,3.26857458346813
"4801",6.83669744594919,6.86928318955915,7.22041684617277,7.5382639532842,7.83706289971071,8.13784504547415,8.43875119941357,8.708776358388,8.52131435884801,8.33439167093279,8.13859722960686,7.97531057019593,7.80929819421366,7.66771891882125,7.70374469498699,7.78074231145517,7.80548382178924,7.82702168905254,7.88088785804166,7.93498405322775,7.91943237422711,7.87383940718292,7.88659247470785,7.90268142463233,7.92893815374615,7.94532168048975,7.98153125600701,7.98636370159344,8.02223114699587,8.06095605879063,8.06467907508779,8.07092723315894,7.76464407751606,7.49158789136101,7.16899509374519,6.88756721993121,6.62769967411307
"4803",6.38424196676537,6.38597707287645,6.35361528072543,6.35352422611498,6.38041825136897,6.38297882824606,6.38052035286992,6.30391322393171,6.24011951257635,6.16525811170807,6.13320157029323,6.07193871817708,6.0317435778067,6.05762162377703,6.11866258196207,6.17688534736065,6.27385755891691,6.33180106898656,6.38627535078513,5.87920812990485,5.37035577453443,4.88711060735511,4.37209745460841,3.87196310893497,3.32670320136039,3.86106024357371,4.40376002258687,4.94199491744665,5.4656597181654,5.97199285394377,6.49064127554566,6.51419500052498,6.54393551356257,6.59685804651149,6.5889377137006,6.58572683157093,6.5756280173432
"4862",4.56370124948779,4.5990024479906,4.63121742885082,4.69707840232217,4.76083903540799,4.90580522479603,4.99428053789604,5.10745380389756,5.2337532160113,5.35067200574975,5.44594327872591,5.40347830105787,5.36790864087398,5.35748534639943,5.34478581930741,5.3010759069287,5.2628999637737,5.5812964001159,5.90995406282314,6.19640806371583,6.52474998532767,6.85184004030033,7.18331574215386,7.508590401921,7.8310525446955,8.16510854662138,8.45407047360959,8.78093200279105,9.07629528445828,9.30101877858471,9.49501359668481,9.69779249015104,9.92440350144667,10.1183630049074,10.3427863670305,10.4955473972363,10.6479620299267
"4867",5.85172320538691,6.00190557818741,6.14839913052457,6.40649809159155,6.689719925926,6.98031016121641,7.19108895024863,7.41150701664773,7.59615276505818,7.77974500348818,7.96239532837848,8.10620337268139,8.25775070425177,8.44713748906763,8.62705207480684,8.73862994560153,8.89887139030601,9.01295596762838,9.11691391886258,9.25704715729232,9.39015972610785,9.24981054407429,9.07780494232889,8.8994071044203,8.76114502187825,8.623160287605,8.50574915010984,8.3997206804002,8.28948161886958,8.18008048168397,8.09518568512096,8.01588192042484,7.93363761346249,7.81026589083647,7.63608343850923,7.50348366845587,7.32926215534631
"4909",4.78710660734092,5.45882645603162,6.12941944869391,6.80951006853006,7.4471222560626,8.02332282191884,8.61374723382231,9.18046281563954,9.73679338662064,10.2901708088196,10.8713785559964,11.4508376613331,11.476161112673,11.5688744071174,11.6602664128543,11.78266234152,11.8256512009196,11.8815022834593,11.9969695603985,11.9997961453477,12.032705009114,12.0013802440004,11.946707307278,11.8914637605878,11.5836540988208,11.3842091534039,11.2038783713093,11.0689212845545,10.9238182954869,10.7597435869517,11.2874329993618,11.7909400105352,12.2830272846581,12.750203579008,13.3040664816679,13.8240701869848,14.0657905624868
"4928",6.41979321475234,6.55716633134813,7.18879196556542,7.79148351518442,8.3926305837673,8.98654011449545,9.5195700866631,10.0877296111029,10.4101499703832,10.6889736788357,11.0110304876296,11.3336040219966,11.6450995767916,11.9675546738068,11.0880998050345,10.177998281705,9.27072125000942,8.39139193181175,7.51109866848142,6.67486725440652,6.3073727556854,5.9056149835918,5.53523050942983,5.14705576544066,4.72686536703289,4.3403831862221,3.85099649370036,3.37634286699844,2.89180292935071,2.408217681159,1.93041176344203,1.49356125862657,1.88486372921241,2.31939646752779,2.70667295494436,3.0595700395293,3.42798402496175
"5037",6.70653077223623,6.80836336758302,6.90696433193541,6.974782312015,7.04287851433511,7.22342523845723,7.42979960298211,7.60708676881982,7.78092045490753,7.99711478784818,8.23950954060959,8.32577083240099,8.44844707705719,8.53788600519229,8.64771391833997,8.7021031674285,8.78854127731917,8.8007687309367,8.73017521792284,8.62804212477433,8.53773318196804,8.46536078993243,8.42397567497667,8.61484535997034,8.82296963253141,9.07238833959607,9.31319007542528,9.48966053304437,9.66939434796426,9.74026619927579,9.81317816747374,9.90465106133685,9.974264008628,10.1363554259637,10.2851429852511,10.4451388578682,10.5495611487514
"5042",10.6596927252283,10.8750427352577,11.0866458912791,11.3445568826014,11.59311971184,11.8401681126846,12.005853613269,12.1277825133745,12.2670874428804,12.3632418934012,12.4674017817252,12.5324328239896,12.3461192435182,12.1984268598175,12.0512544266761,11.9350776158396,11.80185493291,11.6525903398264,11.2756413558871,10.87668955468,10.507525795815,10.0932345763807,9.68839558821807,9.28316699257192,9.29451160761226,9.27767337454856,9.25539105457242,9.27115865727727,9.26490371213392,9.22203417478365,9.2858977798404,9.34378454165791,9.47036805891251,9.5647536834716,9.6860083812346,9.84498223916982,9.55166257934341
"5060",9.95909022576309,9.85433708899662,9.74473804292616,9.63636042820872,9.52740064758373,9.38890195331643,9.52233304718281,9.63787311566818,9.74724600332754,9.89838332544618,10.0505637358693,10.1907933279097,10.1988856879235,10.2098763616089,10.188248385534,10.1659175166215,10.1522278890168,10.1276945486961,10.0043657378816,9.92091510821746,9.82897892851239,9.77618766375601,9.6809297900487,9.60027701488588,9.85705886155579,10.1140481522961,10.372355468272,10.631322616322,10.8995876193489,11.1613521446419,11.4493344900425,11.7877350107702,12.0928076254026,12.3660261201149,12.6680945801664,12.9324594907401,12.6803520014926
"5064",4.25443903547946,3.88279462142798,4.58037058107098,5.23534252011417,5.8952565181599,6.55207561778417,7.17340461564066,7.82424235346698,7.82127974690916,7.83994750338873,7.83160624964357,7.82054134167869,7.7829161900059,7.80461100761731,8.61207718211011,9.41885624716407,10.2292641478137,11.0888619347309,11.9206922305462,12.7519286232798,12.8970922954759,13.0510312480498,13.1916953033763,13.335817571876,13.4887563095529,13.6331997886032,13.6153764399036,13.6167696805621,13.5789006792256,13.5482950469273,13.5077938387141,13.4625680748266,13.7458686818173,13.9876479162752,14.2329639275887,14.4745323281202,14.7174634598001
"5080",7.51950739463302,7.82910394669535,8.13803894118698,8.76771363858235,9.36377386957179,10.0175673096996,10.6469457960826,11.3111473006574,11.9757014227502,11.7620061214145,11.5056632396788,11.2600991402514,11.0455440633771,10.832058034563,10.6410734795122,10.353036579159,10.0673928247751,9.80860918007836,9.51781680303949,9.25891944664678,8.95807906540401,8.94663765669048,8.89137727771804,8.8808446340223,8.89159583670042,8.9130589805964,8.89112752373037,8.64507097598287,8.43409765569128,8.19125788451388,7.93793235032119,7.6624083426842,7.42007239126042,7.55199359171247,7.67004903966044,7.79769196236738,7.9214640631212
"5092",7.05498635206686,7.16968481506901,7.28398003092332,7.37012915698528,7.47812567719831,7.59916937396611,7.67736129889938,7.76870877275895,7.86021877582867,7.82920134284258,7.83183539816537,7.81244549980956,7.78226142867632,7.79223727214482,7.83683758479136,7.96756445777017,8.05850020129719,8.12048320593717,8.18615033664714,8.26790613543092,8.33312702952549,8.7870069047935,9.24639375200813,9.69885432003011,10.1607913907244,10.6320389171883,11.0572803554193,11.7518471261335,12.4289001936743,13.0984159377845,13.7728579758212,14.4370692104982,15.0705925095229,15.4738763809189,15.8723357193921,16.2787411126185,16.6744997552681
"5145",6.20239570368538,5.88374667097702,5.56874499328721,5.3851379613789,5.24240620329849,5.09672139916509,4.9527728060431,4.82255343262809,4.71324021506538,4.63073180034407,4.59354297594442,4.52092538104489,4.47146605152364,4.46342538203766,4.42084484492468,4.38719729231609,4.32342966299632,4.3479888113533,4.34305136752479,4.30863828515143,4.30811968484702,4.50529672822354,4.70058256574183,4.90108372373997,5.1308103808406,5.36098187542023,5.55735986425134,5.91594489522433,6.27335917696137,6.64801628123624,6.99139473020976,7.33523631196679,7.68042468217551,7.81193766852714,7.93143329746471,8.03451256407783,8.17015029755516
