"","U","Surcote","Hs"
"1",4.42186570699502,318.233743190987,1.25255053025035
"2",36.7934956556156,22.4458122008456,6.72040997511168
"3",1.94539328158805,0.815124214931884,1.34275868147407
"4",2.24024834775454,1.97541317738709,1.71671544148017
"5",19.2407236114587,6.13793896946053,38.7857379557981
"6",0.719783952641326,0.850831383088832,1.47019682739905
"7",1.31595207737648,0.639105716628328,1.73148358497927
"8",1.35622880300134,2.53956757358525,5.61884508365296
"9",1.23660707732082,0.555984788133126,1.05189966290669
"10",0.743735836391421,0.632947380373358,0.35751997833244
"11",77.0389721925242,3.19307913141744,32.6740382409867
"12",1.43150587166761,1.04316833002507,1.98017273357253
"13",22.1201963405506,1.37633760280659,4.06610521658584
"14",1.10197489234561,0.278387762662864,0.832812731351575
"15",0.887387350576827,0.784466134677281,0.683446633318461
"16",0.331257378690639,0.364701290429015,0.742147327008176
"17",3.93918620272639,2.63250025103547,8.41166626915668
"18",56.9041262538392,10.9045879246861,176.247464784211
"19",4.01617169323432,0.349311297692906,3.39991398034197
"20",3.03902286792146,1.05510104203515,3.07417373239299
"21",6.51351529020774,1.05355603623861,1.45070817966385
"22",1.47803654127907,2.46952088534466,0.71659532043482
"23",9.92943058484605,4.57615106097683,31.0782811307338
"24",0.492373664868392,1.35127707705882,1.20014204105741
"25",0.867473977207537,0.534929391174636,0.990788735706765
"26",1.9863609653656,1.95966984815388,9.12345111596952
"27",12.8496233795256,5.02551202666947,2.88062699629008
"28",0.939010429727074,0.272978058492516,1.16093729422083
"29",3.34233214105135,2.67212934310597,2.17400501114969
"30",1.78265324084886,0.558847842124152,0.626852657419039
"31",5.28382496382155,1.01669033623634,1.06628681910246
"32",0.31524794877866,0.538249570029073,2.77126676941432
"33",2.18703802896979,1.00696970284852,1.50089255712691
"34",0.394867443954498,0.256994314929055,2.8329711060338
"35",4.30439555341042,0.7354272208965,1.07612219229041
"36",13.1738190167494,13.6118211757677,5.56481434445795
"37",1.01310899334064,0.377217238532115,0.43102177966704
"38",3.33477150165875,1.65490218471567,1.59315500461801
"39",4.25319564952328,0.441572476518537,4.12369575223822
"40",2.62947009617388,3.65651372024116,2.41638892504344
"41",2.30645888281658,0.885610146547796,1.01477407131894
"42",0.977672609764189,2.4881162443399,0.513471089634245
"43",4.72352254853998,2.05756912076215,0.791142755800255
"44",0.936813386977476,0.395484635005117,3.87195697487773
"45",0.518215132566837,0.6043527125701,0.590598627803147
"46",4.41020893881617,0.893113793846608,6.22931313191475
"47",0.958877351771549,1.58481406367172,3.66725679153374
"48",0.593392166972534,0.822152004143791,0.552684302593798
"49",20.9547346578567,8.61873528453771,546.069825353602
"50",1.00481917209859,6.53719259580273,1.23025584879875
"51",0.466828807298186,4.49009983890537,0.58559387708393
"52",3.89287243260305,1.36224185072977,4.93462064712194
"53",2.68212636529924,1.35393828392291,0.597155939240934
"54",1.78683469807224,0.407662333331859,0.980753159339942
"55",1.52278521236032,2.24403175329512,0.696055870652094
"56",4.04708836570352,2.31933918612091,1.01750318712868
"57",14.7434644166936,14.3619456822936,9.60122884329082
"58",1.39353859505209,0.683841837293758,1.17709247968833
"59",1.30809366045663,0.947009493889545,2.97893987091741
"60",0.733182817753467,1.92729067008256,0.353946444364866
"61",1.30867096978138,0.978889397809609,0.489042981399634
"62",1.7688505533937,0.275128026621124,1.67110389568672
"63",2.16105924652793,2.38725706011655,1.54707431501506
"64",1.76995538560735,0.341425650042364,0.70413323108127
"65",3.42324029133527,0.659909636006631,1.16891784152063
"66",0.508650930931685,2.3579960329965,0.489467306001789
"67",2.28978796217273,0.227565205859359,1.02992810594413
"68",1.26625582556512,9.16638905353337,1.02026493950382
"69",0.484551479660069,2.55416710033091,18.9006039551527
"70",12.653778590248,55.8433644302965,0.984374050340351
"71",1.13972530058029,1.35467620012101,1.0045592564297
"72",1.50942336717058,2.35719674532711,1.90650294871935
"73",9.77447639085376,2.78184311276235,5.87154928562832
"74",3.56580308576022,0.954672154865589,39.818655891374
"75",1.51330462358247,0.434350855184725,0.874569280299707
"76",9.95943907745014,18.8345122385706,31.2099593557222
"77",1.60745162407398,0.414936401111834,2.14438158318361
"78",8.80062277782274,6.43027544143952,3.90787679989257
"79",0.840846644679626,0.782381577206251,1.0546055399721
"80",1.58942346000738,0.380982804449799,2.06224558114168
"81",3.73109357681427,1.46953072692057,0.286573120332664
"82",0.77717438466706,1.55097135767333,0.715362436948595
"83",1.13739834234769,2.57092549304233,0.87336002301065
"84",0.583492526054075,0.543089937877991,0.355878598970946
"85",3.59802559996836,1.64584554788428,3.79164276007866
"86",0.729599472412771,1.47856477596575,1.41531445537697
"87",409.56170441295,1.54214799628321,4.77031960200083
"88",11.0758984435152,1.35686549263749,3.75060318770961
"89",1.47485782742787,0.638581463434168,0.801808070939529
"90",1.01256109960484,1.3688288187038,0.821678389049411
"91",1.06268524980765,4.05121284880798,11.6774750588073
"92",4.82408429409228,0.91773663084266,1.70689876562504
"93",0.338278784929127,1.30741109828081,0.572645450426812
"94",10.1314102165615,1.99243815172511,4.09409001976256
"95",4.24531233072379,0.627001821908274,9.30571380361829
"96",3.06850692913975,0.623727101370894,2.64693932381366
"97",5.03987406890412,1.66373461529617,7.15441264876851
"98",7.73570141001292,1.57675092435191,2.10949838983935
"99",9.24966011659589,2.82110180937521,11.3781866427015
"100",0.895884339473325,0.763639906901078,5.53060309714424
"101",2.80946601115973,0.770796173975654,0.834399556315823
"102",0.65976025633085,4.46570840908642,2.77759782462393
"103",0.381572421973619,0.545210325559191,0.758242185088358
"104",1.36968057040988,1.48847903255406,0.797748651070728
"105",1.5191350401263,0.734021641587003,0.638808265921226
"106",9.72512380803993,26.8331884445231,0.712213195684857
"107",3.66763152437517,4.79995191315952,1.51601438543725
"108",0.998888674935726,0.793489514542337,1.96825487083506
"109",0.706400462332129,0.650968044631053,0.254796067593463
"110",0.856344736545847,0.626910244581421,0.53172362423176
"111",5.01292888728794,2.14908070355602,50.428589939272
"112",3.54318940785633,1.45835775085236,2.70005423656009
"113",1.03052527220266,24.7670183884198,3.01206800806794
"114",1.45841749645149,17.8884206833916,5.55636329985958
"115",0.823713267631142,15.115836789892,1.91064330156467
"116",1.88947786502468,3.65557373269766,1.06840051702527
"117",0.449605902316238,1.03113438654712,1.49013892573654
"118",3.20897058352054,1.18423104300172,0.622895046926622
"119",1.15186117107766,26.4459897224401,1.67954389415348
"120",0.338744104858555,0.439318876740691,0.566727677428351
"121",4.23209285275353,3.18436084972301,13.1983210292278
"122",0.92538694240204,1.13427575865989,0.401243907399102
"123",0.443440851316487,0.828291301705823,4.712631041291
"124",0.85062170179339,0.248973843022012,0.738644921635641
"125",10.4855549366462,7.98913202497752,3.53116353640966
"126",2.13615092632312,1.62796077376096,2.74164866619844
"127",0.657886373071729,0.580433915885068,1.33471980270325
"128",2.08072868191124,2.9603259231513,14.4877436301499
"129",1.40988376219277,0.968502929845631,7.95960387765198
"130",3.77669274249225,10.8465871965164,1.37645711592238
"131",0.890342986242436,0.738130395732793,1.53293683929096
"132",0.519704660085566,0.986754182981207,1.17262954740858
"133",10.0329206072477,7.69504927072216,12.1879879815276
"134",4.43772858425523,0.395485797855621,0.254085834937716
"135",1.06596572364887,6.39513541582507,6.32153439884178
"136",1.03003975723354,6.95651057922431,13.8781993253718
"137",0.924732386659251,0.771965683293434,0.498899593452858
"138",2.28471876392798,8.62814339974833,43.2178851670902
"139",1.96911049595529,2.53146304706645,4.08090335519142
"140",0.626078672816061,0.284317408337237,1.43116483369977
"141",1.55689250734898,1.01822289669685,2.01751539087047
"142",0.895411824686712,3.01101889882358,3.06818348200797
"143",1.90320500366153,1.11006261709464,6.92011272272643
"144",0.411635067495768,5.12701437073149,2.5589314005867
"145",3.07815865935723,1.76257343011363,24.1594603286326
"146",3.34867420277464,6.6495588777091,7.1755477423254
"147",3.85380463728065,4.11475272068804,0.939382928099417
"148",4.3557499947513,1.01693541583211,3.77052959496151
"149",2.47357655689533,0.372332882104183,1.33993653109503
"150",0.95046712799581,0.550785684112672,0.888486874210064
"151",5.60856318013499,2.18184698582192,0.364693964975936
"152",0.950581790748255,4.21128109922601,0.474662736133663
"153",1.2180629782935,0.92151277846769,0.383720299152145
"154",5.49354536867184,1.81013251861573,1.86246297818841
"155",2.60849597565132,0.727265208330546,3.21635124117399
"156",8.46375433645792,3.41515683503326,28.511945199079
"157",1.33380586968747,0.288741615753906,0.83876496708568
"158",7017.04482003844,146.164520998688,47.8830686914159
"159",0.535431569666198,0.891314373686538,0.687363216304781
"160",0.963289870481038,4.81093831355903,5.56423153440434
"161",0.547652506949268,0.443839349394792,0.775893369582376
"162",4.3491772692292,1.16350408277976,0.429408908347938
"163",0.839419865821053,3.84410282643553,0.409047979612576
"164",1.51647542877718,0.661324021592639,0.837694247058629
"165",1.09857821118864,6.35236331579635,0.80977889076726
"166",0.960937285724073,0.32393154958217,0.512415534536245
"167",4.86800453907378,3.64410219051625,57.6234214770578
"168",4.90208202882548,4.46695889894442,0.970707482992075
"169",0.626009630299177,0.889929098986123,0.594238865160448
"170",4.51581483462785,12.3981536824816,13.1452963522928
"171",8.61022985612042,5.82168979756957,16.9695549119948
"172",13.9293706846789,2.47267952478493,6.27835312674278
"173",15.5284176297634,6.56289274933062,33.7941761578761
"174",0.750860271971317,1.07693949818394,0.780096382842237
"175",4.21511118515152,1.20089999089508,3.60914391170687
"176",1.56752115384101,5.7597657379151,1.23561246713425
"177",1.20431760572524,2.50916226273028,3.25864872012782
"178",0.415021230408775,0.776609504692562,0.531408005442966
"179",2.93530613111966,1.46086582944825,1.33430009313597
"180",3.9021079375616,0.89108540088094,1.06103263250068
"181",1.06714793299824,2.72638428702267,1.4852718713066
"182",2.304823208886,1.74420808408783,1.90362158131461
"183",0.529929918756271,0.39562729042391,0.919823561625502
"184",1.02228465812743,1.91842566641472,0.432297449800114
"185",1.74613214181945,0.953652725305924,1.28527255326792
"186",1.25909812465731,94.6589507454944,4.03035502121001
"187",3.56866241620673,1.9475454011496,10.2438573632773
"188",0.566506575065432,0.657219786953834,0.610295579702011
"189",11.6202014389376,0.57297906355272,22.2550973783404
"190",2.55248348920793,0.487493752727226,8.76914403162869
"191",0.833289625006859,4.30768124940425,1.90556222644939
"192",1.89324996021403,0.981572569070131,2.2816526454922
"193",0.564079918812218,0.706057316477365,0.433617558097738
"194",1.5517787937096,0.80079289233434,2.1395665076587
"195",13.1601804655122,4.18726816279476,14.5459251848562
"196",19.2847081288538,16.7742553225713,541.494185183805
"197",0.791622999034423,3.04209429025317,31.2518069398208
"198",19.4910148413806,2.22499354350273,8.80749179768005
"199",6.45900107297761,2.16272902321269,1.27080869156777
"200",0.779195066635485,0.785887214306649,2.97658082002943
"201",7.08407659037085,2.15250174771213,2.6685451348215
"202",2.96309285976973,2.60181945592736,8.85102987569035
"203",6.0802755540329,0.778283481949354,2.06173131111114
"204",2.40894821543344,3.40969956436386,3.00166917964244
"205",1.68961228374178,2.10446575803643,15.7877790594047
"206",1.89412904982106,0.56064378728016,9.67396734955565
"207",1.13819752005791,0.423436857103167,0.649296442966187
"208",0.9985729986837,0.690283354331867,0.615603219891287
"209",1.32552751652108,1.62935098360981,0.457416286627152
"210",1.8004755672068,0.486765178787197,0.466549367317851
"211",1.52264795119692,3.30082654725141,1.5553017206927
"212",2.08097257520869,21.5606621665061,4.64714224169529
"213",34.3105514426612,2.13892640475656,6.24500433376756
"214",0.630513276384084,0.226142582470947,0.395878369999881
"215",7.61339277242792,0.930815632116055,7.94364723275945
"216",6.74563860650074,0.336902462001146,2.24208270852926
"217",22.5091710698313,2.15108305722835,4.87287625269407
"218",0.344393369322107,1.94629496821561,0.233899246641868
"219",0.540893019431773,0.609932248910882,0.211174930480273
"220",0.978345330149308,2.49758105212647,0.428324472691215
"221",0.35328692469323,0.567563096800652,0.945789102934715
"222",1.64791233213805,0.635256906362723,0.730277718598423
"223",2.88869956829484,1.03022148342259,0.945076578804246
"224",3.66892568778174,4.01636811195661,2.62402034609709
"225",6.94164227037092,0.851346156064583,0.661793276561759
"226",6.16937200072798,5.30486972511932,2.14613516844861
"227",1.44673193094328,0.565927874407278,3.52911317820903
"228",0.982735531360808,1.74053518408247,3.55886214394296
"229",1.38798055272035,2.55188840762803,2.55405049644057
"230",0.312772061392839,1.18294174491337,0.266931635707846
"231",15.7431628129671,1.0354851440998,6.34185697673434
"232",0.777894722897049,2.31116108473499,0.608855024599183
"233",1.2346431189315,1.85685750237266,1.62272707841417
"234",2.13434589548747,2.26518596280254,0.447304425984819
"235",2.74010419227909,1.73098718341145,0.973190388158027
"236",0.950683818736105,6.07141998741928,0.724991204588857
"237",0.999511812360484,4.43512779868849,1.85948434594407
"238",0.530335856726038,1.18527195500892,0.341424463410342
"239",1.52565707240178,0.607303242229573,0.620119486868191
"240",1.37801808244035,1.19532253929027,0.709741543389172
"241",1.46564956275943,0.40774797316416,1.03715871393815
"242",0.886358366057813,1.8340686267202,0.481616067388215
"243",15.7523620591579,1.63881961322252,9.67756082816704
"244",1.04081667247248,0.75904252553702,6.57604647568973
"245",0.695263766060655,0.548483237896907,0.639599447864739
"246",1.50818922511193,5.02451098986161,6.44252972730617
"247",1.70963661351289,4.18493857931489,4.700950885046
"248",2.10629553168067,2.42839909519613,9.50354997882948
"249",194.075853868625,3.4310609079035,62.8141548148194
"250",1.60616606531397,3.15339236197088,1.07008698272632
"251",1.43104527929134,1.52526120312813,8.95979646620429
"252",7.97821469475872,182.507048998132,5.92418892263508
"253",6.13778042339349,3.33433264536838,5.58893678797432
"254",0.476546660316529,3.41891354272479,1.00846492351656
"255",1.21724389803739,0.501467186102189,1.12721770194306
"256",2.81731782601276,1.33952093355891,1.58774232463376
"257",1.26532323277727,1.20111860216734,1.18765492415835
"258",11.8279777870965,5.56893625932163,20.3212125651065
"259",1.54453517641206,0.235148957296485,1.62295428846409
"260",2.34656154116474,0.493049254329367,5.60133279661354
"261",2.94035736880575,0.777203273212992,0.680933175378883
"262",0.800566377956712,0.544405864420878,4.70051453733433
"263",4.0625423657326,4.87653304235746,2.2741403633115
"264",2.05046761200923,0.665457910245439,2.93316153800641
"265",4.23237507503121,2.85600879154866,1.04276349918754
"266",0.732177795394876,0.295843406700059,0.48076904866611
"267",5.76475123311591,40.2501118073961,5.82602530741829
"268",6.15537592218721,3.02578927030929,1.60556627385516
"269",0.911001477641298,2.12512423448794,1.43988824712202
"270",2.12271243586216,3.49327031369513,9.81818839878029
"271",1.0841030318032,1.73022663741877,1.57815542828305
"272",0.331680758260168,2.10842857603453,0.625142652978856
"273",0.981406433019365,0.817755381234975,1.79331853922382
"274",6.31120018507602,3.71275658162158,15.8697823678649
"275",0.873697529167985,0.48254017178631,0.829225365921086
"276",5.81551073205401,0.663147951569459,3.71853703595726
"277",0.673933003328017,2.95397321278881,1.53215990881103
"278",0.556834738209636,0.356105541264455,0.304310090950051
"279",0.498889529519915,1.05464215187032,1.81731314451839
"280",1.840618187716,2.18497749148356,1.01707407810218
"281",34.7090926268859,2.85738126943243,18.239160434712
"282",10.6176725924445,1.08109742164634,2.68526160487007
"283",0.518591864239192,1.43783817954894,1.54742462317286
"284",1.38989410321724,1.94847679812528,1.2307729421775
"285",0.720334593373125,6.78323430908902,11.2861866861698
"286",17.8376188935559,1.43693285561074,6.38767004494443
"287",15.7636071653646,5.42797095653273,55.0149092587251
"288",8.46596237043714,3.69447571785324,11.1198993790693
"289",1.24574002233096,0.702387184883774,7.87389566208365
"290",5.55598531940421,1.69059094886404,9.75855116796295
"291",4.14062971471172,2.23430632059016,1.04065019681592
"292",5.40737027984064,0.493782961787244,6.86372790129798
"293",0.669256531517541,2.06891957631088,1.92491349598605
"294",3.00332948420496,1.09258993391693,0.664256253293425
"295",21.9737911800616,3.09928528000225,6.33924811958688
"296",0.622686520042315,1.79727120792312,1.70930208711952
"297",0.501975749323734,1.51025120724386,0.842838877729909
"298",0.529186391502222,0.548434229891525,0.273175862048178
"299",0.849466307949059,1.04501277047345,0.36324273617828
"300",1.15850764174376,0.998507814654888,1.13056276110166
"301",141.689490175543,28.4138622225924,6294.11647176097
"302",0.71925602181722,2.20089452503355,2.47416994210816
"303",0.906799135476594,0.547651399647885,0.629532898774228
"304",2.7288282583229,1.028231291658,0.612774457202375
"305",2.46939320633379,1.51841933558112,0.5893917819757
"306",1.28004048412777,2.04092921345265,0.841813442907946
"307",1.87109795386589,1.47988905208656,0.36550090713905
"308",2.70284033218246,2.07112047628187,0.362201611333086
"309",1.54540660018949,3.96024945113512,2.73740746498655
"310",2.12182782338825,1.11856494963567,0.40586693569549
"311",3.90271724846346,3.55539258995023,0.607729562899222
"312",0.992358800834572,9.29237117995464,0.756078414086808
"313",1.24423454889257,22.5921687652972,3.52684438005466
"314",2.69654045067359,3.36217125195461,5.7816993433739
"315",0.419238068678693,1.56516003400415,0.787455021119679
"316",1.36508020492172,1.45690013126195,0.998377647204315
"317",2.10717081545398,22.6834766664934,1.98203224049058
"318",1.91479657087352,5.96572787051448,0.404147290239518
"319",0.535664646602082,1.12136451828783,2.2760807877882
"320",2.058783555075,6.11755518563511,1.2223622426344
"321",18.1561894515912,1.72966252948945,16.0872433560769
"322",1.81028151153696,0.765473225268162,0.752081455363038
"323",49.3425863333151,74.2563799537766,33.4105597412769
"324",2.01400756733805,4.94447631796637,2.08241166226773
"325",2.06943815164771,1.60338515153723,1.20324984150189
"326",13.0226619483197,4.18413781275383,1.59853141921987
"327",0.392112248411958,1.42239508768598,0.295917639511524
"328",1.34088272982954,1.2560977188363,0.282787849997537
"329",9.1616496578275,1.40176019223407,2.74943144664234
"330",5.81958274952484,1.97774476031539,5.71834658741591
"331",0.296931912615123,2.14594225122601,0.869366302711797
"332",0.95444055342351,0.295598458472349,3.18032556350572
"333",7.46458974828002,3.21880957031358,1.40320791035385
"334",1.59749917112401,2.18887340601211,11.4466148082096
"335",0.82936086157401,0.505843709339634,0.263021079571343
"336",3.85495677141925,2.13089479362614,0.768080626848986
"337",47.5857906512823,1.01036497179751,2.83955590986371
"338",0.913172035079679,0.51193312076807,0.573011564873432
"339",0.486904879378632,3.26291467203853,0.46749900774738
"340",4.43750930340638,1.2608750289101,4.24478008493202
"341",1.15459565382529,0.830545417379864,0.781785156541008
"342",0.787586794046844,4.24855458045825,2.30377566019961
"343",0.440620994847172,2.29792295047664,1.73379593195271
"344",1.08115218234724,2.56610209784773,2.96854808300111
"345",0.337509450782308,0.787323114097197,2.90901240232276
"346",2.47468579182829,2.03009653695638,0.744420407533953
"347",1.57235165788259,3.36608188684909,5.98940954150973
"348",0.732091530389305,0.534655313172723,1.31019201756151
"349",2.10052629391884,0.999817588818739,0.686994229952696
"350",10.9389273834153,2.08199973879826,9.34135659545669
"351",136.720639980146,10.4925037775885,12.0942950846553
"352",17.9421559144715,2.09183490785993,4.02783351325781
"353",0.951768023381238,0.955514482838872,0.676373927727338
"354",1.91569274755081,10.4730360476997,0.597431436793288
"355",1.87067748989759,1.33067881934566,1.54456704160452
"356",0.435387776344416,3.30199119295003,3.41041716324682
"357",4.13797524061181,1.65718423364693,7.23771884038161
"358",2.14138445764273,0.611126391658356,0.692188345020759
"359",1.53561804512325,0.382900321512694,1.66618213186898
"360",0.916518921284813,0.713607290339135,0.404962013235041
"361",2.56438675495446,5.52212000310925,14.2657477389566
"362",0.581238263267067,0.707558601944548,0.843688246268859
"363",0.916543344906482,2.29259204973817,4.24867908412007
"364",8.47657597607253,0.94008091748678,3.68506033819146
"365",0.808870022003583,2.93866156821836,0.650440837049363
"366",2.8685484800763,0.820407625321323,0.804250936751848
"367",0.729118883215168,0.531372243521581,0.518290084875284
"368",0.630965148620403,0.350501583231021,0.765443606432429
"369",1.66604155429989,0.421488318701207,1.33508869051633
"370",273.915930109246,25.4182693188264,2.40666672181602
"371",16.8133523364041,0.752402697253555,4.07152117785114
"372",5.87259726716981,2.04866048807329,0.756335810977701
"373",11.5087588662345,0.63981670418259,4.38778173793731
"374",2.78616598190198,0.630486452233022,0.82586506642567
"375",1.19734643806095,0.983038824507247,1.52482431583925
"376",0.513502769488219,0.258575082101041,0.454092671255886
"377",1.72700941365724,2.17892295648312,0.352254225373097
"378",2.139625192493,0.288525989841905,1.3148602841774
"379",1.58655444625169,0.635582296454751,0.447322479223546
"380",1.93343131052802,8.31514082687798,2.75570216778146
"381",1.03183976012881,1.46874573643743,0.652729264890143
"382",3.24615177715629,1.65061456141495,1.59017270807862
"383",2.11870011316826,2.32643607061554,8.9578307077768
"384",1.48337581736826,0.810068722752686,3.37308212111261
"385",1.39338122495096,1.27212062446621,2.09292402521181
"386",1.25252917564409,1.45984104939146,0.319623620568838
"387",1.79027082953416,0.601354775199258,0.664805403279293
"388",6.91386629496859,1.86807184254255,1.51538766996243
"389",0.377360214406495,0.804525033998607,1.03311177632972
"390",5.9424994160534,1.7903410683535,4.64853505895973
"391",2.07672931289489,0.776189036855296,5.22779898382485
"392",4.23159872977065,0.784979109779422,1.23937346878701
"393",12.9632735693052,0.825754795994195,7.58980572528689
"394",1.2180434486026,1.75935026216075,3.17205955588181
"395",1.72336327276198,0.522361084392901,0.649738871894071
"396",0.9457309777488,0.61480089738576,0.465523788477386
"397",1.93839604462091,0.43990962142099,0.569306133259665
"398",3.34630166218084,0.931188591849293,2.91518307711849
"399",1.47380891810422,0.30400773793578,0.679644115104601
"400",0.381396555487747,0.490389676930548,0.451014956100542
"401",0.769959654863207,0.427747721508569,0.298567131276124
"402",0.969583960812899,3.60266655263745,1.24592649695028
"403",5.76311167671737,19.8995463828017,3.42940399995038
"404",6.67584022390674,0.584640722718887,10.1441439312366
"405",1.21266389330043,9.90523856911922,2.48169824488656
"406",0.462286390532444,3.06343683996188,0.444560841771009
"407",9.31910517078779,391.220636911136,2.60922496774471
"408",5.87348599558033,4.07303887607914,1.79207704475344
"409",0.754026149400259,1.68678215116357,1.00680912121086
"410",5.24033215048551,3.79689675890459,1.21437465395329
"411",3.6576017294715,1.27216787126476,8.68961242359547
"412",2.22455361569848,0.464378939344399,0.763032458842838
"413",2.14488432368147,2.96687120552498,3.63016554773033
"414",3.78430519718083,1.46352685457778,0.396881976544334
"415",2.93975292759828,0.234854487001704,1.24448445243927
"416",1.36311432997285,0.356277985188382,3.87938075454888
"417",1.38115559065844,1.10410435526368,0.781966132710069
"418",12.7816812067695,3.0792036861618,3.62621225859485
"419",4.4657755349331,7.96335762532715,14.1485351933783
"420",4.95075983729868,12.1877364309394,3.25027822697204
"421",4.08525566359396,12.5958169995118,5.47973594361608
"422",0.712473871265855,1.96730331178768,8.82331257241588
"423",2.20415535974826,1.41895622445388,1.27795221068521
"424",2.81751535971789,2.30906361869321,4.76332178685182
"425",1.37811037074384,1.80575308214502,2.36685130284853
"426",2.97748481254917,3.20781599157607,3.30373196456241
"427",0.567393813589013,1.58292464799774,0.217666825433568
"428",9.05621181628472,2.21273022698711,11.4753251723026
"429",0.288761680824831,1.13746080640297,1.6644318320369
"430",1.12755552040899,1.13118094947911,0.525903257339668
"431",2.3561046048629,0.406217673983317,0.446861253620119
"432",2.09147000429202,0.730336044000002,2.45196169121719
"433",1.12656757232646,0.308092391339453,1.69211625800795
"434",0.369822606782751,1.1870673667854,0.482852885306471
"435",3.80075209473906,1.45462103198207,2.35331420626545
"436",2.20747266149266,1.54228494639977,0.622019504614641
"437",1.17839776714131,0.953397334117318,0.668015165672603
"438",2.12674792295659,1.51765280818847,1.11356546548972
"439",0.730528514517128,3.94025987423573,4.23920063100107
"440",0.868653724205658,0.413111472574871,1.85946922867371
"441",0.571612504805985,0.392121395791564,1.75442903538509
"442",0.453385685609112,0.638374151849342,0.612567363930845
"443",35.6253707488515,4.6958034040003,11.8533805354961
"444",0.561103087037756,0.425940970492415,0.737866954757474
"445",26.1174845176792,2.04458770581591,5.53524614660471
"446",6.98118052057247,1.40385093762325,2.01632081970662
"447",1.68161872806412,4.40787183640554,8.17826751135363
"448",4.43591102875589,1.04818611242521,2.88987766880378
"449",2.6928809584689,2.41771600403068,1.10763795175422
"450",3.68831636047919,18.0426207614002,1.13848680524522
"451",2.62689666645437,1.7777135923011,1.35567747852798
"452",1.85575381216171,17.8563919094531,1.72057290082491
"453",2.88943981065068,0.721933286160527,1.12706468858826
"454",3.7021983187385,1.81223121219863,7.09925392463451
"455",1.74990708660334,1.41317501391025,0.796495752598301
"456",3.12880078117637,3.03675316225942,0.648989899728638
"457",4.12908814167744,1.13333195535606,5.0798704324532
"458",2.39954406170274,7.11880753518914,1.9397693171366
"459",1.58932156916771,0.914131633467192,4.16033499438385
"460",18.2745484563439,9.27458502559351,5.11019507935341
"461",1.02336610470315,1.22986083545849,0.372120145296268
"462",0.743192435460988,1.71980782603142,0.839822927506171
"463",1.76707000470517,4.93996777128273,8.04582006315888
"464",2.10557236481661,4.52753123295553,4.67563168435523
"465",2.76381228125086,6.10360203070337,1.5756120378053
"466",1.04123050328456,2.29906595361562,0.665163241327979
"467",0.895335599159622,0.754269965220944,1.68005302860734
"468",1.02738930059593,0.811934225756595,0.468821330334496
"469",1.88947630749171,1.11695315324196,3.38823516122522
"470",3.30767685564876,5.17422906259595,2.53307171812144
"471",1.03638948227725,0.704985111700722,0.728117217742953
"472",0.406421062433415,0.481501111908311,0.803079161197594
"473",1.32410295525463,0.288836489618484,1.2348532012772
"474",1.14972645991736,2.15956202632372,0.485859460468398
"475",41.0378281379434,44.9661369824461,12.8276657782223
"476",2.02246396432249,0.879514600619994,0.582137458734419
"477",1.97665389410262,1.04398375149867,0.56072708550573
"478",20.2651673398831,3.20422769610057,7.64838003818587
"479",10.7428784008324,131.302480641538,2.0088105370342
"480",2.10510332670749,1.32108331061715,0.837693089397262
"481",2.53809635097583,0.765508211162608,0.886514907137123
"482",2.50189882136814,0.512593101843659,1.81269431036833
"483",1.07762654954037,0.233189068581517,1.32489741148063
"484",3.09795390837974,0.865584809703855,0.588522469516324
"485",0.35741580035628,0.411065529697714,0.572683542366126
"486",1.94969342035657,1.03159630223968,1.37839281441102
"487",3.49749823476703,1.56587369587521,5.11867914718775
"488",1.93757847929923,5.20167221043459,2.39312750947691
"489",0.740982226944439,0.901430850559814,1.292045219039
"490",3.14202287300031,16.4856044810575,30.0419423025136
"491",8.18141826020986,1.25494905692053,2.07925272415139
"492",1.7539428859812,0.686530076476568,1.31019015289321
"493",12.6245184836155,2.4755548057199,1.94079092365028
"494",0.354583031652633,0.459339959466791,1.04701213851784
"495",14.584310250547,2.18629537026866,15.6925709293028
"496",2.82517712193069,0.745124620759223,1.0206656020566
"497",0.596143495352822,1.0936492549428,0.200505686571847
"498",1.06915303496852,0.913758814389198,5.87302262901472
"499",0.578118378463531,1.50823746324422,0.641472396252546
"500",0.818994081187673,0.343789565092312,0.755469861934619
"501",1.82105791615352,0.468950845705676,2.24016181122571
"502",1.3762608665378,20.6961539002536,0.545959456175344
"503",252.008470378088,13.9518220881406,27.4915630416413
"504",0.757112905077309,1.84669577303593,1.39849481939454
"505",2.0163120219232,1.59304557870554,4.36677748363195
"506",0.549835525404667,0.702066415424248,0.571878781472383
"507",0.268034228823006,1.05340915937684,1.1380349757244
"508",1.90732491118886,2.42297255589743,6.27321391879729
"509",6.49809717690435,6.61659561323423,25.7861177923246
"510",0.678266448098628,0.713893145398784,1.28278520316692
"511",1.09769016371624,1.43588948186083,1.08529068177093
"512",3.27154923072183,0.528360288861114,5.65551410470053
"513",0.564400100036224,1.56733531663961,0.406739972977224
"514",0.723111402837909,2.79159539252802,2.63399912712256
"515",0.358143087534663,0.899387621588183,0.174311264839074
"516",2.80076644304638,3.54496015808595,0.537780659145766
"517",4.67307918036323,7.40901018037855,2.2393539185275
"518",0.792078199446267,5.20344300693739,0.447163612354729
"519",0.877383362600092,0.660900723615557,0.835607668702069
"520",9.39968762588177,2.11452296115802,9.84373309705363
"521",3.30842693660926,0.910760984238965,1.24167569461488
"522",79.6076737406309,0.881709048338608,50.054477155485
"523",0.810140311459429,2.42133889549509,1.34673523396341
"524",1.32497822423093,1.01427867099709,2.99331699728697
"525",58.9042558527229,2.1873113952356,8.97129866744753
"526",1.71282933140332,3.41482046647976,4.11942581873005
"527",1.37566739759095,2.07900614382711,2.08249537905936
"528",3.2267954795728,3.24399693785438,3.60191139054864
"529",23.1272774834645,4.11533140275446,20.291996689378
"530",0.756599352995104,0.509661664749272,0.392657183901623
"531",0.69560923249458,9.562419873411,1.15883018984909
"532",0.533914810175417,1.07504962966006,0.343380321904668
"533",0.863124020914871,0.40571160851576,6.09661506100034
"534",109.51867065836,2.90578799217435,192.452758088251
"535",1.09415795016071,0.367037558464198,0.441412051359323
"536",1.96376733123244,0.99506510576217,1.50989430521513
"537",1.09107100799973,1.43609426354001,0.295964021529014
"538",1.69089024867572,22.9327223783012,1.20558849100177
"539",3.67217829372429,58.0616303049755,3.38169317825898
"540",0.504951739849163,15.137951103496,5.19905265221592
"541",9.27126594852986,0.571083556434644,0.881991898417367
"542",3.12948999673959,130.383344464418,1.88060602564452
"543",0.86506345413166,1.63623202322403,0.857068081827196
"544",1087.0629491613,263.811534004759,18.0249765547918
"545",5.7395287990173,1.3773155754944,1.10020100005291
"546",2.33194789640789,2.31280859803837,0.628253071520246
"547",8.73460448721203,19.0448384441804,10.1849235221372
"548",0.640158874162326,0.52494970088597,0.820055452926338
"549",0.839257994500413,0.707326710815402,0.33104838105514
"550",0.632695911177043,0.679167989059468,0.494451833640578
"551",0.951548323964111,0.674558992132976,1.20454229598
"552",5.34653837469679,3.98142255433505,1.22526417275072
"553",2.42373572488912,5.34905204871705,0.561649053445394
"554",7.22212284415868,7.80868161867232,1.44619241692157
"555",2.68382930408826,0.86017979812004,2.41084936375501
"556",1.08237830963407,2.55529856774701,0.886211705677958
"557",1.64738218376,3.19341949335309,10.770261296305
"558",0.615044133722675,34.5330270995008,5.616718150441
"559",0.399119101924123,1.73030540991833,0.74196636391269
"560",0.546584311286247,37.4625152809964,2.27261810789907
"561",0.951717579553262,2.74824422128753,0.609764592420394
"562",3.61935971128042,0.953338349318128,1.60722056123674
"563",1.17427808803141,2.36962378104717,0.471536206202099
"564",2.39867398938762,0.634273489537919,1.65555968037892
"565",5.53583300223505,4.04948951156948,1.59072853627553
"566",14.1401905166685,1.8774091716866,6.7981982758699
"567",2.11661583923909,1.24391453877113,12.2563747014253
"568",14.7647375659125,2.60967750779194,9.76852527510127
"569",11.8136670868632,12.2598889325736,1.04857975451075
"570",2.68673786079387,2.06453041317024,0.831068781478317
"571",0.928550297305682,8.07302980646445,2.69024746312876
"572",2.16291878357668,1.60731390311771,0.993998700483393
"573",1.84290727009079,14.4427299207394,0.574049064596645
"574",3.40470361670911,40.9952485297016,0.351260669733499
"575",0.593372366908225,1.31219248645547,0.528815095934821
"576",0.637513998448407,1.45203817752862,1.45739468686886
"577",0.295437049733366,0.5275427509708,0.599042409212553
"578",2.41358612367642,1.51408430869803,8.77089900755125
"579",0.37022900989383,2.21256228603095,0.344107750249711
"580",7.24376649203707,7.59912979977694,2.06408975232593
"581",0.964351229517103,1.62017974642746,0.692815969211654
"582",0.471636422255506,0.922184011311486,0.990332295179658
"583",1.06457921688237,150.449479345151,21.5182872427778
"584",7.35574852853495,0.972359904185608,4.29542006863367
"585",12.9634405911744,5.12026179045176,6.70979168307686
"586",1.4541199026473,4.55638262161452,1.32628833281189
"587",3.62212969134084,9.90957302466245,1.74713710687474
"588",1.26362308458614,1.92881648839252,1.36298625365469
"589",5.1542276608757,3.86833585300213,1.2442304705418
"590",0.910939273572354,0.464419139529145,1.87741644851758
"591",0.57226410074175,2.44045614446385,0.8477758092678
"592",1.14216808635754,0.647976051915528,0.399474278834878
"593",0.664808147037288,1.1639739297094,0.59209609622589
"594",3.95360478643864,3.34694288444678,0.662973074265808
"595",254.095079929324,9.35777312043891,99.9982988814892
"596",3.00867279723269,8.9226408547751,12.5664517311287
"597",0.601275751966793,1.3700980003148,0.596559897009141
"598",0.520961937339319,40.912621310264,0.73786142658412
"599",0.901485241963298,0.761345434939802,0.559590633468355
"600",1.08782176439105,0.478476233188761,0.972403202997107
"601",1.46270221311719,7.30231020380441,1.23973867278627
"602",0.279251063769282,0.6791288232819,0.436582847748598
"603",1.54975945825807,2.36066300226412,3.17340397885436
"604",2.49372955646643,1.50423249473703,0.671839446236612
"605",1.95381367381859,1.40917258301753,4.40377590052936
"606",1.03380895135964,3.61335415393925,0.670478384833598
"607",5.23317488351619,0.989909573939162,3.5744387477492
"608",1.3146789419712,2.65574351482808,1.11569696932263
"609",1.11337244267096,12.6550572431901,1.00862124334394
"610",0.385786357960335,1.24210739171083,0.399812422449811
"611",0.515052693117271,6.36952531936662,2.06065548670122
"612",1.38025913635422,0.678529366026639,0.622599241721544
"613",1.36100745381543,0.60579966967977,0.717367984052159
"614",0.859773272470519,3.40893729050753,1.73750800250115
"615",1.2261497762765,0.531486521644449,0.67012395151125
"616",1.27703479915048,0.963046755828615,1.6568934830008
"617",127.929363929832,30.6745345444719,2.19619321509711
"618",54.0371127104721,2197.28672713559,12.6892958021711
"619",1.47238993577109,8.07017626553652,3.68065212890842
"620",2.01606864660121,3.69992181770184,0.480489229424549
"621",2.2658875557692,4.72523513046765,0.920821117604821
"622",3.29490475671921,6.53437838724504,1.34852308635455
"623",465.529156423495,602.473138969484,5.44786564055932
"624",22.8107174933448,6.16274971928958,1.94643858410291
"625",145.186731823399,104.518749439905,4.17981084118059
"626",2.66749366514581,6.35123418174372,1.98320296343457
"627",5.53576546659383,4.62915115470415,2.06880085314847
"628",3.57257453105219,5.69975180790156,7.37695814414975
"629",2.03762567575688,1.28776570470753,0.990044688162389
"630",0.487191083311433,1.45481994222299,0.357678827909934
"631",0.754316665442717,1.51645663867219,0.870719133742827
"632",2.25346680121137,2.46507988759279,0.525458361114243
"633",14.6898200211591,5.6969276755553,3.42041841058098
"634",6.36965798456403,1.26564733722011,14.0363936385636
"635",1.97794634947832,14.0053357769864,0.540990837763139
"636",1.84174171114657,0.590049290316307,0.864390792509903
"637",1.03932283782787,0.540569073831916,0.558145657839968
"638",2.38842387295215,10.6215648959989,3.64488341308578
"639",87.1074484929027,24.8309727140307,4.47015983007169
"640",3.99755070881869,1.76028976544657,1.7692435077388
"641",35.0301558962036,8.3213206069539,2.03788923235906
"642",1.69746445311528,2.22955357061109,0.826353819480312
"643",1.7747258433256,3.02796184763402,1.22750594969853
"644",0.64682788801788,0.397475562825056,0.339798674775035
"645",0.563333223722093,0.637017376832332,0.391249544888557
"646",0.396738163825551,4.44786679243241,2.30820411450804
"647",1.42070320591365,0.960015147884448,1.04886233465179
"648",1.64244922461699,0.611550080168183,0.617926168407482
"649",0.807305859264398,1.21883421128338,2.18010256552834
"650",0.948293495614971,2.40557447768123,0.309491745045569
"651",1.24328991296381,0.630154012070795,3.33895693679812
"652",1.43576198918595,3.15127049278984,0.35593181054344
"653",6.7383208521507,2.85746012166753,0.883459808670336
"654",48.1212277832393,25.5204373404554,4.57648317259933
"655",1.18893521795661,2.21296989157193,0.54915942126463
"656",1.42743012618697,1.10847138805184,0.706946507291688
"657",62.1309722412313,421.839615671597,8.5886043413869
"658",410.857770516519,36.3461521074718,61.7791999417407
"659",35.4734597611361,5.93887639690359,2.70252609146044
"660",1.69572001451791,1.60694055383605,0.520373095093323
"661",2910.9056147506,14.0678562569845,28.4253720386235
"662",2.98982355749187,0.718230143739778,2.05597871344238
"663",4.19802723486701,6.02998178181345,1.82395267513833
"664",0.581757954589044,59.4776869454935,0.477980000523909
"665",0.278448474925702,0.854373226865313,0.285734514575533
