"","U","Surcote"
"1",6.21687027157368,286.466000089238
"2",40.9101235286301,28.1144701432216
"3",1.37930023312681,5.27286321588607
"4",1.88093675554509,1.01665426365978
"5",7.99938103164699,4.98599867085263
"6",0.827459292265756,2.71254593735593
"7",4.3620978739822,2.20306658457389
"8",26.7936607044403,7.73343658352087
"9",0.939128286139766,2.02651096123695
"10",1.05155555531942,0.979683191082107
"11",1.28676019956068,0.795343555600618
"12",1.35452907232296,3.54555015667985
"13",3.12398793859286,0.93966911108915
"14",1.27483468069162,3.38106833666275
"15",8.48619146978499,9.21427776808914
"16",0.521657138140447,0.557089909376575
"17",0.636625993869743,0.67971087959634
"18",0.644590260164895,0.942633018773953
"19",0.549564342790592,0.246364262593692
"20",1.44839740929129,0.643045536680668
"21",0.968860452495037,0.727197743635993
"22",1.17521870122462,2.53578491827196
"23",4.06771409302582,1.20864995660414
"24",107.037647782605,3.89088041772085
"25",2.36686254748254,1.18089059116084
"26",38.87482678663,1.59624230221105
"27",0.971989669769552,0.944051241572927
"28",0.300500127746065,0.433378001824411
"29",1.83057928613784,1.03511363041579
"30",5.36686372679276,3.22706375220713
"31",69.2371321597683,13.6350431145463
"32",5.23578521034405,0.398154130452313
"33",5.08831388798441,1.19476624122394
"34",12.5107761274349,1.16737446760686
"35",1.42234532836768,3.18794788907368
"36",10.24490301561,6.06454375158129
"37",0.538049092548934,1.67738154028092
"38",2.23090957538251,1.14207134937606
"39",0.642920087397119,0.690617450489374
"40",2.69471949143687,2.37856491167118
"41",1.56870656393476,0.335671614363065
"42",13.422810288844,6.52780783237922
"43",0.948576295023029,0.327222252966541
"44",2.83763250626907,1.0180896653788
"45",3.84253088300689,3.37276337917574
"46",1.19067195565919,2.32056834804832
"47",1.61803284649773,0.691492829566562
"48",0.660513854404075,2.02883996638627
"49",5.94940531797073,1.22904159143977
"50",3.57264619188181,1.11103710051268
"51",0.542585253575412,0.768238880323618
"52",0.424828525079166,0.294546446184297
"53",5.39192689799484,0.845562132162743
"54",27.1001880203083,15.7738693945373
"55",1.32823051850744,0.413573327025403
"56",4.48308979701856,1.98291739763251
"57",2.0360873904938,1.7598737762771
"58",3.6564126720122,4.46153157126573
"59",3.13395432441134,1.06927916665585
"60",2.77920712510363,4.00512451548248
"61",1.09076862080402,3.17062810746321
"62",5.11645935852303,2.56961186215228
"63",0.999746993257682,0.458511872917507
"64",0.504983615528916,0.732937276342827
"65",4.97043629374196,1.07284642032626
"66",1.4784840286278,1.84404713376572
"67",1.02865111276109,0.875675334529035
"68",21.3671659603057,11.2926054943762
"69",0.974043035849187,8.61220753986239
"70",0.661810759602173,0.524540266486572
"71",4.38287261394816,1.67799036830576
"72",1.08751570163027,0.611210587295403
"73",3.16503024342593,1.66995079632955
"74",0.439592752551808,0.601817077702393
"75",1.34473290523937,0.818978942790682
"76",1.77904678590692,0.490916281499544
"77",1.5082557985976,2.90274814698124
"78",3.84689301788645,3.03581362939471
"79",24.6298962180582,17.0847593168438
"80",2.0850302659059,0.770740407199806
"81",7.669488921982,5.61664842914739
"82",0.354125479846847,33.9763565293942
"83",2.2684324047863,1.03713875861237
"84",1.15549579469442,1.60617547501433
"85",1.97637718046638,0.731128356036534
"86",0.867480544039751,2.37003028277461
"87",2.23506746630192,1.06536422396503
"88",2.53459432190196,0.278858447653225
"89",3.62995101825325,2.82194086690421
"90",1.18511121383579,1.66998793792591
"91",1.92475377053313,0.397745834234524
"92",0.810045939969274,1.84286510177101
"93",3.61137845979085,0.798906762739858
"94",6.51221787775065,4.39390810821498
"95",0.635643968745173,2.85469264007496
"96",2.34063018412363,0.281187973581922
"97",0.41243296948348,3.34514519791178
"98",0.369071957284995,0.444889461956059
"99",12.8510959144825,71.6521621189614
"100",1.60432037725804,1.59492290266372
"101",2.40252589001774,2.8037507389285
"102",0.352194867896691,1.33220504535597
"103",17.4015343058688,3.27816766256013
"104",5.69583664593475,1.06911722457897
"105",0.848091718597972,3.90723881512947
"106",15.7102131286064,23.1011248643839
"107",0.451913937887724,0.304705653659609
"108",2.8644775216787,0.427844812181691
"109",0.45787980828845,0.316534799713821
"110",2.56048767078291,0.820169373554307
"111",11.0136341663633,8.18319328917105
"112",0.574988366856815,0.598727290132012
"113",0.740202901051368,0.361777261210166
"114",0.950877686994862,0.933836295635652
"115",2.12895903238043,0.428437379818808
"116",5.67577258567877,1.70261258078975
"117",0.747243600626339,1.96484507121175
"118",1.16664176107936,3.29747095200668
"119",0.558707229383625,0.656357746057168
"120",3.72778647117277,2.06831594263255
"121",698.271546722287,1.81170225422711
"122",0.241707931298074,2.07378673281021
"123",1.79250441700139,0.494713726471269
"124",0.535059868888984,0.501339324735124
"125",0.30877519215252,0.55779277388642
"126",16.2022159659167,1.57976803988634
"127",1.61639587348394,0.748045850446507
"128",1.16316315452516,1.71533245621441
"129",1.32975876552502,1.45869384609804
"130",5.25591736739171,1.10783603548642
"131",0.433713438006292,1.55030460497438
"132",10.8319609072306,2.48178915158513
"133",5.4699204372131,0.730685113170389
"134",6.1257269256538,0.637056348352423
"135",7.32634584062656,2.01652234274962
"136",4.37852511033157,1.52548330489628
"137",10.4985244220101,1.82353784645569
"138",15.8654137856649,3.35083090352808
"139",1.23932054092856,0.866450319396768
"140",2.62065784528226,0.945986413314434
"141",0.589608989994968,5.87031467371938
"142",0.53522765272305,0.618350667565773
"143",0.527054945139302,0.485322634125808
"144",1.50850635872472,1.8268760515905
"145",0.429666072378336,0.875894351155548
"146",0.816927985680914,1.1260956108029
"147",13.2086815728551,33.7680717623535
"148",5.420327614605,5.95090000927026
"149",1.28456252058039,0.936180858927053
"150",2.69047575928422,1.983704376386
"151",1.0165246916988,0.868297834211489
"152",0.673942121255951,0.797454391262247
"153",1.22856126540582,0.688661874654039
"154",6.6335494078526,2.67074760562361
"155",4.41130769248885,1.78740121028482
"156",0.329544668042587,0.621945512904897
"157",1.13808809118884,0.340598519591652
"158",1.24627432433707,30.8147018361141
"159",1.34938703516887,23.5172603770069
"160",0.936420074774905,19.5146503635866
"161",2.54303636818874,4.47004308290552
"162",0.608347774683349,0.51667997419554
"163",0.47589596682619,1.24761303445662
"164",3.2766607889687,1.48485089219178
"165",1.20353065325983,33.2348364225468
"166",4.80419235985544,4.04837311798872
"167",1.05559537435054,1.37186618287219
"168",0.510312708034339,0.987594340004975
"169",1.50644967714651,0.223769354613806
"170",12.163764856884,10.2092601435258
"171",2.58265146674748,1.97802618795675
"172",0.43254434312097,0.705302749682332
"173",0.697069118039216,0.698668268854892
"174",2.67211162655937,3.63791489250103
"175",1.20583860106078,6.69856554049439
"176",1.98299645583857,1.1451412067394
"177",1.63541864933522,0.530434072218296
"178",5.78641188727754,13.9388272107028
"179",1.41984185865477,0.799984701129571
"180",0.789788023438739,1.10723786625101
"181",16.4699614779904,9.30573335415301
"182",0.500504381196072,1.13699810501837
"183",0.29608142368476,0.648010659193524
"184",4.71517908522363,0.486492528208537
"185",1.00954533369463,8.42989557386194
"186",1.48222861085552,8.55225623677975
"187",2.96956066981566,0.444306635116549
"188",1.69131525902068,1.89779201643631
"189",0.916196145009151,0.937984000401157
"190",0.569367251474836,1.11065764061192
"191",2.40713196783209,0.921221751272751
"192",3.92097330006411,10.3465635499391
"193",3.44524489926388,2.9370998996044
"194",0.57018963977833,0.347455110288862
"195",1.66407540749065,1.27010954592824
"196",1.13788168789629,3.65369134405701
"197",1.51348785755777,1.68418321225434
"198",2.87374132617547,1.26842454458054
"199",0.637806904235279,6.17590728553356
"200",3.9412149903005,2.15434265517125
"201",3.81796303585958,8.51636953750373
"202",7.9358709910998,4.72425302687575
"203",6.74693715167469,1.17995287484829
"204",4.41876221874381,0.372917661150051
"205",1.45436835055398,0.599178553724942
"206",5.81280673432805,2.78209147145383
"207",0.93460943318607,5.51346522582464
"208",5.43276433345365,0.291147869561446
"209",1.24513631541727,0.40573404127526
"210",2.6879624058761,0.961897877769809
"211",1.4192913737225,0.540281132599896
"212",0.233078943192802,0.875484025731866
"213",4.93299375505854,2.33828790488503
"214",2.91172752983304,0.864179313504153
"215",0.64253231275688,0.622527347290361
"216",0.729915879134318,0.473245366696999
"217",9.16045794432402,4.50953843792202
"218",1.53773062284826,0.339649846264653
"219",8111.98934509524,139.410578406893
"220",0.705723057845437,1.02016976187953
"221",1.04349950085943,6.15408890397193
"222",0.792331826340725,0.473728211796344
"223",1.22616016608968,1.02351526518138
"224",4.09887209921468,1.46668123584699
"225",0.695043404450852,5.14159390921631
"226",1.71451538524058,0.695406521382855
"227",1.36561777038233,4.67581764389398
"228",0.485863912355721,0.647800113504316
"229",1.87826260036497,0.780153751890333
"230",2.28556212066604,7.38582835147826
"231",7.04908243169801,4.45666024371918
"232",13.0570239105174,4.94715852906401
"233",2.54438725942378,0.972697824149674
"234",0.679514066868528,1.05684561923672
"235",5.95606933531336,15.5060181587228
"236",18.8056140595658,6.74754072057947
"237",15.9042148025176,3.09135184764164
"238",0.701125704503745,0.386904366983823
"239",0.399152686247276,0.689254187845855
"240",1.59700334525612,1.60721612844096
"241",16.9404432920188,8.50568274233816
"242",1.07670399582077,1.24263820649587
"243",7.0577530187318,1.38559599725447
"244",1.50041601992612,7.68246744757563
"245",1.34126401441686,3.17616605576914
"246",0.415366357045888,1.56778741998297
"247",0.451254728358545,0.924208304685063
"248",4.15063875008073,1.71173950391004
"249",4.65638744500697,1.05043970851049
"250",1.36031313600403,3.37540413603895
"251",1.17173869692403,1.00875890056993
"252",1.58905915746618,0.839328447366169
"253",0.457574665196596,3.19462780707871
"254",2.43305657623011,2.1369649923726
"255",1.59701809223852,0.413237714082359
"256",4.67376304268929,3.68858608696288
"257",2.49099442003501,0.30771573088463
"258",2.87822513375518,2.09365460119912
"259",0.800689922810236,0.423636570006009
"260",0.688255133268701,0.767527898653458
"261",2.06514657336454,2.10132440077651
"262",2.19427916340632,1.11896037554872
"263",0.858234447957936,1.36657768752853
"264",1.79942017437306,101.912907416429
"265",4.34748607060713,2.38303615488426
"266",0.559422350889176,0.730588773851102
"267",0.930574283700229,0.715151616292002
"268",13.4500220044772,0.6784214456157
"269",1.12898759109539,2.39769819488368
"270",2.47757507683822,0.624181562716791
"271",4.44959091275205,1.84844688505698
"272",1.2338078414758,5.19679288073957
"273",2.08505224100181,1.23053576266198
"274",0.617698290468667,0.833245599267089
"275",0.995979466067286,1.33372058817729
"276",1.39752769826605,1.01507567395374
"277",0.37079489891978,0.551326362250926
"278",2.55195346593472,0.53615401261159
"279",0.90096591766949,0.230464182738731
"280",2.04207634341673,0.500421454265411
"281",1.54411019490792,0.587940577764884
"282",18.340812457219,5.1268458152335
"283",37.9327652171631,20.1681054932356
"284",1.13003259721197,3.6688284735946
"285",1.64488843099797,1.17965795397334
"286",38.4807046494765,2.591461066365
"287",12.758905559752,2.43936544663067
"288",1.13388506203883,0.890434885283394
"289",11.9395033985144,2.47730135131523
"290",4.09701183746744,3.11560386428231
"291",14.0943853340429,0.805444184613338
"292",5.6056783022552,3.799184995213
"293",2.34355213939791,2.53275552916537
"294",0.729368649336602,0.44890556339897
"295",3.40726463729417,0.591296509486835
"296",0.425603782998329,0.231057625629293
"297",0.532874129100488,0.401425139333013
"298",0.362756349714444,0.880845560044845
"299",0.987067650438317,0.859335445326184
"300",1.34620489929348,2.02573041943521
"301",1.88990474439545,0.580365662178359
"302",1.8365938064956,4.14706953697202
"303",0.417409005076299,1.57218745198038
"304",1.18321113438877,2.40649232237336
"305",2.07490943958185,28.2183010715888
"306",51.594581952265,2.52670974847859
"307",12.2903509141501,1.04269865081364
"308",9.37136322639307,0.350567523280254
"309",38.9268595027354,2.53103468226559
"310",2.09199524324515,0.65766608960611
"311",2.55419791234418,1.17799171136979
"312",0.512648737500612,0.73827773188225
"313",0.806111124548824,2.97509609399818
"314",29.4101548199389,11.3257569541837
"315",1.23790573376811,3.02414978285684
"316",0.500668900260833,0.628367211732577
"317",0.663839231555557,5.75144327882077
"318",1.13153863436344,0.850525880928695
"319",0.485508900032258,0.352861618625158
"320",3.41360991402758,1.25491693309933
"321",6.32897726403428,4.80411645646077
"322",8.22003801204876,1.01039645449895
"323",6.57808365379547,6.93337885346822
"324",1.89922985080566,0.657715507919613
"325",1.10616146262781,2.17472329117347
"326",1.68986501139943,3.17170972137322
"327",0.324183792051064,1.43424526412631
"328",1.97350625482117,0.213090063100893
"329",26.4851573451892,1.18382402536541
"330",1.02188260031763,2.76942965677478
"331",1.65126200783021,2.20765828751105
"332",2.88003213180447,2.71978637098441
"333",4.0553941111674,2.02414602397781
"334",1.39705943086293,7.44116097657544
"335",1.10272697817296,5.71612918361231
"336",0.580406585553484,1.44363837126354
"337",1.60437014676497,0.732437690818212
"338",1.4932799123363,1.47842581179624
"339",0.827034230186253,0.232291169018186
"340",0.938325135810047,0.973496167192038
"341",1.332955698754,0.508071309257138
"342",0.807741380779701,2.37992004718095
"343",1.76354935119747,1.21878999511988
"344",14.5885617819514,2.08432490204535
"345",1.62750566289699,0.8618263488847
"346",1.14070245649815,0.576474081421101
"347",2.88122582036406,5.87704556200618
"348",2.28811078203693,5.18253629671003
"349",2.46966262603217,3.00967228403395
"350",232.169125800254,4.226987909433
"351",0.550920190134839,0.244580415954179
"352",0.657507853329803,0.289435369679179
"353",0.481708903180792,1.75775667089767
"354",1.62883901101169,4.05398667240146
"355",1.45149419219139,1.92733753419439
"356",10.0806311230198,169.778919624694
"357",7.62177736770663,4.21187758599467
"358",0.524634339986146,4.28967580497152
"359",0.413825501859434,0.803515332988842
"360",1.39719831046791,0.580686185929664
"361",3.72447364496527,1.57135155271348
"362",1.74244976358057,0.810834634434123
"363",1.48317760327402,1.51867631990563
"364",15.7661212134516,6.94205553487779
"365",2.04244924360627,0.24307192462354
"366",3.63175642250845,0.528461037604782
"367",1.09447007408314,1.69087178297483
"368",4.0357377356748,0.87851327604126
"369",1.1089603589801,0.596733121708736
"370",5.61797336325692,5.956323790981
"371",3.25432919384907,0.754645135899022
"372",6.28398207385751,3.44175774428779
"373",1.04115875385798,0.303266519377046
"374",11.9974576614627,46.6920917223303
"375",0.848375354966143,2.21305724896672
"376",12.4442044192438,3.49398603552022
"377",1.41361176785948,2.48728537878723
"378",0.796901708811071,0.753474232239773
"379",0.457398327161324,0.69337099087699
"380",3.60303130481625,4.13261195392151
"381",1.2433110693459,2.141249344063
"382",0.793753301210079,1.06711743990407
"383",0.25144744901786,2.9489342419243
"384",0.603568123301717,0.41740811902721
"385",8.33843737421968,4.65808859732929
"386",0.907560805141605,0.564737884885313
"387",6.96647685198625,0.775669619403481
"388",0.73277609538406,5.38068987472426
"389",0.904229789805988,3.57239212511554
"390",0.540700924539921,0.429767567752503
"391",0.825666901060568,1.16491287034069
"392",2.39701219497804,2.63118156224402
"393",0.916680272851469,0.541788571124071
"394",34.7252293414944,3.65943433986854
"395",16.962853246619,1.22351693280693
"396",0.819617819328469,1.64546783402229
"397",1.62287688806847,2.40376590385543
"398",0.84255200138058,8.72192401244792
"399",41.6114487259954,1.57663773780378
"400",35.5620785003804,6.41277018281213
"401",12.6328629369484,4.47219367348389
"402",1.54225914237256,0.822669963841667
"403",8.07874266724119,1.98638340219261
"404",9.08959305103485,2.47313658204091
"405",8.69865487170232,0.526670371173993
"406",0.874219493002645,2.58475116836682
"407",4.14867007419786,1.26957016805473
"408",23.6493179514799,3.92516434809602
"409",5.67458256196087,2.19607128398007
"410",1.09906261617834,2.01836176773658
"411",0.466363900934501,1.89552720772864
"412",0.567120137695717,0.644651884892436
"413",0.984242012981678,1.28090672028145
"414",1.20846597046199,1.23021636791852
"415",110.831365619445,35.0109603570221
"416",0.736256897188356,2.8111818104415
"417",0.974610120697858,0.662508873154488
"418",3.80441751412373,1.17841191358134
"419",2.89987662064553,1.85767104990704
"420",1.59811622259476,2.49390288097963
"421",2.60479417745598,1.73398285168276
"422",2.34033641882446,2.71081174550609
"423",1.80509430234688,4.97556064956663
"424",2.67089201682732,1.33222020620707
"425",3.78119781174083,4.59924831892909
"426",1.24490283000285,11.8073882793355
"427",1.38780764023668,28.2348012029321
"428",20.1782370582434,4.23707645401952
"429",0.812903216695759,5.13316207759892
"430",1.81730630659765,1.40483391278893
"431",3.68239194775273,1.32736449547227
"432",3.24308113596003,4.35202889465307
"433",0.73943622424564,1.76080643217757
"434",2.11890297301733,1.71236949606823
"435",2.72569282486201,27.5969461527435
"436",2.48868678458124,7.48663297299058
"437",0.756797128905321,1.11163594921767
"438",0.438925527141066,1.4348851017543
"439",2.1159236762051,8.0162298758695
"440",21.9244947348197,2.1217917324932
"441",2.16240614303732,0.885579756625281
"442",1.39318270331834,34.5111879970255
"443",1.33975776750097,2.07488701329407
"444",41.7115488545328,97.3139413885199
"445",2.86634132752244,6.0544004888358
"446",2.68444620888111,1.9303717579557
"447",14.5308742528619,5.32209206331779
"448",0.554477456110684,0.75085763904529
"449",0.611510998214036,1.28656498086166
"450",0.816131407350197,0.477513532137195
"451",1.31274515097917,0.430075638141004
"452",2.07399050670958,2.43837770419836
"453",1.41395616945883,1.54488676502177
"454",13.7666212481616,1.66848042295093
"455",12.0823663426179,2.2273415639579
"456",0.587493294092867,2.43242998943822
"457",1.20844395728709,0.317424242096288
"458",13.9337427432396,3.72195892855412
"459",1.98810183529318,2.72635149846953
"460",1.14575794231384,0.554376610413523
"461",0.442628996813517,0.769028040170021
"462",4.12145375160566,2.73952983274254
"463",11.4910787877534,0.284978882651621
"464",85.8144207272741,1.13691264390459
"465",0.82074431896682,0.637196596008464
"466",0.905763603462025,0.97300132947307
"467",0.873792879810668,0.520316804932998
"468",4.00510291428862,1.60952162645316
"469",1.36861303817597,0.976189640919796
"470",1.19258835452402,5.12540678075571
"471",0.70083461723633,2.67405829515284
"472",1.51373009249723,3.06026592233916
"473",0.321576732966916,0.949215875537832
"474",3.11864394963203,2.48648960811833
"475",1.76963154058684,4.32410407069661
"476",0.899553990239998,0.620774786054911
"477",2.17062022980013,1.22770287384378
"478",1.70225376102741,61.9880244201732
"479",15.070071182549,2.49848764399908
"480",303.37993602587,12.4712139352287
"481",43.319710241538,2.32245095668571
"482",1.47891130145021,1.08691279569361
"483",2.5686620836492,13.0602309748713
"484",2.48907638848152,1.574707597289
"485",0.631811144403276,0.834150898520954
"486",1.51212487004719,0.609623578055834
"487",0.662004705209609,0.373789381493567
"488",0.567501506762467,1.84459581201609
"489",4.70303270970013,2.042675724794
"490",3.47869809668012,0.64697825121179
"491",1.81177487818309,0.450623326355734
"492",0.39316628967449,0.562441892625724
"493",0.926153465062588,0.888183814370037
"494",2.67348994497953,7.2282740377057
"495",1.04953676568505,0.252682874504875
"496",0.669126505715758,0.848512672269478
"497",1.32649458432458,2.71985858912876
"498",11.6674324487533,1.08300427393422
"499",5.01267239154428,2.3128961036072
"500",1.22032834638555,3.57916485169809
"501",3.03191117304041,0.992260000510005
"502",1.13003360522525,0.588862071824678
"503",0.789078126935771,0.385592869625292
"504",0.687508739664907,0.898758787959939
"505",2.20148260980662,0.469470453436366
"506",452.056643487512,29.5976101835715
"507",20.3438300504596,0.874208379630559
"508",10.3439921242908,2.34630184733193
"509",16.897525289067,0.711678048461307
"510",5.0339917985666,0.419657294794683
"511",3.46184132390239,0.719553411226056
"512",1.60669250934939,1.13940291574187
"513",0.575110424017315,0.288448923731235
"514",0.396366411783655,0.540205596991705
"515",1.86956731799333,2.81750741099112
"516",1.98210406327338,0.733631509253224
"517",2.67989964322261,10.4180447020969
"518",0.398256733164497,4.68711982432844
"519",1.23363984530539,1.79338690887321
"520",4.77486585319693,1.92640531254874
"521",0.876714651301625,1.44905261427279
"522",1.98506107263714,3.08782688511981
"523",1.74018373635935,1.00105037129226
"524",5.04401820257093,0.907856659096217
"525",0.23530591620521,0.635547200920409
"526",1.79571574432752,1.55169518334839
"527",0.841589800778326,0.680945254426248
"528",2.41920711249782,0.8243321062273
"529",1.37296306511636,1.79771519659761
"530",2.32321741943315,0.679877353614635
"531",7.53957656769758,2.32961482065305
"532",0.39482539499611,1.00023695306644
"533",9.16720776349966,2.08541219500446
"534",2.27726998474183,0.927229699546904
"535",4.6574086181172,0.955413345015989
"536",15.1230763628605,0.970073637932956
"537",2.0082721006196,2.04158100103953
"538",2.87286872691974,0.555821404399134
"539",1.16222792261623,0.706140883735815
"540",2.19431698948343,0.518159271469561
"541",2.81365404348697,0.761219785718306
"542",5.43863323799054,1.04614211004285
"543",1.64653999160523,0.35752318526896
"544",0.37018318578828,0.58135063028698
"545",0.803308736730477,0.516639249535175
"546",1.26037662659292,4.47337496442523
"547",6.98909290441872,26.0438927177188
"548",7.76256257524495,0.698067303401569
"549",2.10984350081647,11.816537185424
"550",2.29035937883465,0.25108155488858
"551",0.578263546515043,3.78932034857366
"552",11.7582239277266,448.362402061901
"553",6.22980928079822,5.28868900993918
"554",0.757664512720128,2.12491006009864
"555",6.175646694286,4.76031393731297
"556",4.25744775917311,1.57996561878194
"557",3.65577012863229,0.480223516405512
"558",2.86974767232623,3.64150937104201
"559",7.43418863050561,1.62341651127277
"560",4.06707086984449,0.260778436527235
"561",2.28664375030323,0.352886196755048
"562",0.313304071581456,1.47517225271731
"563",1.50291242946271,1.35908370905144
"564",15.5292500943756,3.83671041543155
"565",5.58964189957977,10.1718552398959
"566",1.01579891788893,0.798983441286468
"567",6.72439699557142,15.1188338986127
"568",4.79153267193276,16.1566274196653
"569",0.96251095467003,2.42111929216353
"570",3.15614647150231,1.66085723895183
"571",3.62909971059953,2.82661699915475
"572",1.277725894364,1.97280209694074
"573",1.5055377096496,2.2804074675197
"574",3.14538778872079,4.15682581140668
"575",0.663948643331369,1.93111953913369
"576",13.883439711334,2.68478697316777
"577",1.69412832203847,1.28045212166315
"578",0.769861525216025,0.485151215025133
"579",2.49924604043619,0.476288491236214
"580",2.52953620433914,0.857812444369573
"581",0.301004381505292,1.51052574311571
"582",3.79638908994197,1.8324804264502
"583",2.33397762569983,1.92514802889767
"584",2.33611912767543,0.996981527086549
"585",3.07104230486294,1.75394667277832
"586",1.11046490274306,4.67339852056097
"587",1.08232556606227,0.45661004298452
"588",0.929075735651214,0.402776630339951
"589",0.72225317381241,0.685497001470532
"590",39.9838905555707,5.95247881746206
"591",0.611168242503639,0.470202314090453
"592",0.71929160683605,0.478517844506144
"593",32.6202339084443,2.47558480994296
"594",0.643874339289746,0.710456829633808
"595",0.892216297330341,1.13109326054451
"596",7.92512770784935,1.72016376534726
"597",0.994908597224831,0.722637565268262
"598",2.13499113298017,5.51613502820723
"599",4.69302525719576,1.27202081860656
"600",3.80283956851732,2.89149500301681
"601",5.17476165893854,22.7818766311756
"602",3.03695968691753,2.19881105369363
"603",1.96291805299907,23.1346171122842
"604",3.29479358380861,0.848692189214274
"605",5.59324577603397,2.1385539233624
"606",0.957941916249243,0.629936786170973
"607",1.70616910962807,1.80233852097422
"608",4.20187423212784,3.71626135030269
"609",5.13191189905697,1.36220554444167
"610",0.55296056955404,1.37779716144402
"611",4.30732414778962,8.56119774061227
"612",2.62489204216501,1.01271794235592
"613",37.8247148461166,10.9266076613525
"614",1.46408412932098,1.42886916044247
"615",1.57369361078373,1.90595446155718
"616",2.04755611159477,6.24583274859485
"617",0.779762431715541,0.615249119768715
"618",2.35696163457866,5.86999139687562
"619",3.89691830497392,7.5308246652981
"620",1.69782802684935,2.70999044777981
"621",1.32308375776409,0.859432874736302
"622",0.291384565884902,0.397846896143132
"623",0.681804664708991,0.45859246486297
"624",1.21948720754044,0.948623030723895
"625",2.33059282122142,1.33106327000166
"626",0.951307575641614,2.04564470059791
"627",3.13658904223672,6.93707963196639
"628",1.61991679883763,0.771713425133719
"629",0.757346735318649,0.487785916647575
"630",0.824239365981851,1.20318776011141
"631",0.435307873089655,2.44803888370602
"632",1.74979503452375,0.362467092424978
"633",0.519794611207643,0.890951997998672
"634",2.09360765898815,0.29361453376225
"635",1.36568785898396,2.63507115888483
"636",36.5320504302495,59.1414940062126
"637",2.80890121174548,1.0143378742379
"638",2.22541484461374,1.26006875071428
"639",31.4776246769115,3.85273681310344
"640",15.9752056158962,126.117639235797
"641",3.01937962970732,1.52778396728685
"642",1.15004313495622,1.33570270560965
"643",1.41010915658692,4.82520203458301
"644",2.77027394233597,0.906889371069729
"645",3.40042201469046,0.571170840882657
"646",1.6000601868879,0.65232152572994
"647",3.28308826145492,1.04641206526077
"648",0.421154575937661,0.460059054257449
"649",1.91054770091135,1.28697326827417
"650",3.8499798881896,1.95779452901605
"651",1.85927115482573,6.97744962011806
"652",1.04361485358663,1.01531932212235
"653",3.75317118041657,20.7056785233521
"654",0.432648928767734,2.09501399168557
"655",0.369459323615807,0.596922708269911
"656",8.70143289183427,1.53136691923631
"657",1.11143334163163,2.78138778265198
"658",1.97477392826643,0.828340190803455
"659",15.1198888403463,3.05180885877036
"660",0.449017623662595,0.520973783745374
"661",25.6799851449264,2.60089440535623
"662",1.45413500939749,0.851143158392651
"663",3.57716002843913,0.854198572790178
"664",0.747096769857833,1.29528684190001
"665",2.01361537178405,0.883055663421068
"666",1.32825775603242,1.5956935626237
"667",1.96220985448394,0.829043128662916
"668",1.26052587637941,1.10084856496123
"669",0.879237921017711,0.665857530482233
"670",0.967390180776454,1.71492043453138
"671",1.154839281682,0.370941636305052
"672",2.57446206872408,0.519015209962741
"673",1.12747392880559,0.638089315548059
"674",1.40555978530493,27.1457891042125
"675",205.019113360433,18.6897067838343
"676",0.867691278314252,2.34296347831797
"677",1.88046990673366,2.06715897390006
"678",0.302114968831213,0.34255176345934
"679",0.610765877592018,0.842539346494223
"680",0.4857289308344,1.17929947833668
"681",1.22024788177176,0.995516680868047
"682",3.70632473092261,2.79104388545328
"683",1.87957804306316,1.76546192405715
"684",7.94933984596473,8.42166525668928
"685",0.886788551168979,0.813864920592036
"686",1.53453263771945,1.69555080282802
"687",0.835698657570641,2.60112622208608
"688",2.14545868701602,0.326393511872877
"689",0.357388248897095,0.547567608256496
"690",3.80296136782028,0.624208027366318
"691",0.77837869646064,0.712037552832259
"692",0.521439117706262,1.98155738433641
"693",0.872185590636399,5.14973359491725
"694",0.677264110337001,3.67695104354958
"695",0.433060849289206,1.04814668380676
"696",3.06732771907613,4.5026900167817
"697",3.20997276116861,0.85529405374311
"698",6.13431017541155,9.26210537668672
"699",1.09345446668761,6.42290853803262
"700",1.57492971505273,0.688564323016124
"701",15.3089872397431,2.46728625758383
"702",0.723668828110693,1.85160318385045
"703",6.70451266151343,0.968490435295237
"704",0.553264746337068,0.432691445707536
"705",85.1977310681776,1.05287918235101
"706",1.39071997745714,2.8022359704138
"707",1.7272351250808,1.20288701073181
"708",87.2312438517026,2.64483223634279
"709",2.741619313381,4.06897557495592
"710",1.88218182406374,2.51905697162319
"711",5.34610628516479,3.84054972477418
"712",2.21663771517859,2.64373998075829
"713",25.2060102276338,5.39873335948629
"714",3.47241255525931,1.59483071878338
"715",0.509530531690765,0.296211248620152
"716",0.92760688526843,0.571865290540819
"717",0.641729237485429,12.5938378015341
"718",0.577128870748195,1.30413433255551
"719",0.958716686704572,0.470891838335619
"720",3.34693696734781,1.56532423962129
"721",216.776671723138,3.44436799441705
"722",1.16802906498618,0.429712209190983
"723",2.64943566122609,1.14404486592831
"724",1.36384396954707,1.71899645252286
"725",1.73260627644546,30.15374813998
"726",5.04257640958774,69.6794396871183
"727",0.752740149664498,17.9887816523515
"728",4.44184137195136,153.260027090366
"729",0.332220406004669,0.761232640283602
"730",0.83101746597129,2.05439666275976
"731",701.192920274604,309.315239887448
"732",5.97756725712373,1.69706507917832
"733",3.48825660647044,2.72121476321088
"734",8.75987215986905,25.2785218277244
"735",0.622397042263527,0.65160049512705
"736",4.00634152475056,2.11102641591223
"737",0.945850543275705,0.826987332906032
"738",0.866028712414523,0.758922559818709
"739",1.03043693241348,3.87964610991971
"740",1.04599269602653,0.794187703099747
"741",6.12756536309055,5.05690705620051
"742",2.88694609717851,6.7983480095168
"743",0.781370372567922,14.572869197642
"744",6.40306831904397,10.449520981322
"745",2.63545364190833,0.348822401171338
"746",0.879395119299417,0.27349141423139
"747",3.46258948319219,0.989365077784463
"748",1.70979522921544,2.97231723592821
"749",2.28882156380765,4.00059981128113
"750",0.906215075317896,38.9439760156786
"751",0.431318613375177,0.702583350708707
"752",0.4291174128877,2.14033998286309
"753",1.17787606112377,0.795600914627278
"754",1.29092522274064,24.2066379534539
"755",0.62265215496552,45.3298802690737
"756",1.00760899713688,3.48802373200897
"757",0.37541622518457,1.48759965080609
"758",3.73522547553155,1.16071670930136
"759",0.738790973864639,0.705580837851073
"760",1.07808013425461,3.05397504362735
"761",3.67330170511614,0.703699067236548
"762",8.28502903130867,4.92117517574029
"763",0.539416207316063,1.31728209430365
"764",13.9505318208294,2.41439119013991
"765",2.86779497924972,1.51972176554371
"766",0.803389444305424,2.72372049446082
"767",25.6333204607187,3.08516392906667
"768",18.7970626910752,15.2864470710709
"769",2.71287313422814,2.64126625093244
"770",1.08921039890142,10.2685544047429
"771",0.684268358360038,2.31578318598501
"772",2.57702345789477,2.04027681820585
"773",2.22355352595749,18.2974512800412
"774",0.709409383811142,1.24872536890974
"775",4.08700680364452,52.8913873931501
"776",160.153608222371,1498.1926810552
"777",0.747073210353102,1.5743502542976
"778",0.695802493633041,1.77666019941396
"779",0.349872382597799,0.602028807656419
"780",2.72311087130027,1.83499107280197
"781",0.726966934991708,11.4851057691536
"782",0.504124991911318,2.66616897859495
"783",9.58625444048942,9.68268023977135
"784",1.07937467601585,2.04456588540892
"785",0.476081936372017,1.11268281787521
"786",6.42982446467475,1.63535646137871
"787",0.567255223438169,15.7476387587868
"788",1.29453394693269,148.646148219163
"789",9.64434022347945,1.13543813838857
"790",8.55507137135594,5.39988420603404
"791",3.47153247715234,6.31070551818268
"792",0.609351137142114,0.721657104364758
"793",4.36159110115865,0.474775804789866
"794",0.46118886760479,0.708378531189391
"795",2.28316465958839,0.799959966236492
"796",12.9602518707059,6.73767898463967
"797",1.72551702617736,5.74270816956232
"798",3.42141215207205,13.1296337703913
"799",1.4099844513694,2.40960406983517
"800",6.83176984945376,4.78547757814907
"801",1.18537770840576,0.515621694552164
"802",0.838237699780766,2.94368196663356
"803",0.362177033135971,16.1466337823977
"804",1.37883027891248,0.755790342092526
"805",0.66705754271142,1.44805358332325
"806",0.858041961190424,0.90220921451497
"807",0.21851082574786,0.57891077593895
"808",0.306526992375942,0.608575623633379
"809",5.84956986746656,4.05748814346759
"810",1.59022753976956,0.683066457238613
"811",1.12988373229087,2.09781381364877
"812",147.235922392504,12.4812688406045
"813",5.54597627128097,10.4383540504191
"814",0.813769964419069,1.60324904432699
"815",1.56738859593862,0.708606922536148
"816",1.02732742975805,0.913875118284114
"817",1.16161250833454,0.577861283691773
"818",1.05568847486156,0.443349033815058
"819",1.54657143876119,9.6015386897561
"820",0.521503937658618,1.85492255832637
"821",0.343027183702526,0.786010359520606
"822",1.84350305787401,2.92912473741562
"823",0.754495482275066,1.14587932816854
"824",3.41046264580842,1.8454900829552
"825",2.46999870976904,1.7077303919085
"826",1.74403066352241,4.22917912413741
"827",9.91931826810731,1.08003976905219
"828",1.06258965492899,13.6969056939467
"829",0.547326961471668,2.68112192772559
"830",1.93417977927991,3.20567228125143
"831",0.351294412738773,0.936872017297855
"832",1.73898494771043,15.2131360531049
"833",0.581548849425205,1.45815256797484
"834",0.716239542780815,3.16194178602009
"835",2.74957843108581,1.291360359866
"836",1.515593095123,0.76786391943721
"837",1.47407694350573,0.825790837618593
"838",1.46399152533793,0.734751151431785
"839",0.702676664772386,2.53291179280497
"840",2.58598905453251,11.3690171152982
"841",1.18065810695468,4.27837731743327
"842",1.60362035558166,0.592495119759692
"843",12.9144611480125,0.509925148093038
"844",2.18041853661226,1.06344705549551
"845",286.991844557826,37.6440933667154
"846",113.282448107851,1625.1653291551
"847",2.71453083191292,9.60681230501068
"848",2.36509631499784,4.68290205268521
"849",3.78127620761139,5.57998724681657
"850",0.726735963045944,4.26874241654729
"851",4.62681748987424,8.02083330668606
"852",6.86951894761892,11.1090928861197
"853",368.920341091977,649.872379213407
"854",26.3358108876599,7.75374251339046
"855",154.621190522649,96.5884814435318
"856",1.97150227543972,3.00882649322974
"857",3.66637171375988,2.30779622437506
"858",1.18214483148693,1.52719187757937
"859",3.52697916705294,7.87721494584789
"860",10.4778251474097,5.40008376574556
"861",4.49256744638943,7.21224276758499
"862",2.34391735033619,1.55677090420402
"863",0.655994375825022,1.7609126992076
"864",0.555074144988601,1.21167215963318
"865",0.789554297623886,2.43772125249856
"866",4.16891849049567,4.09537889218955
"867",0.874044271490088,1.84432870134288
"868",1.43819381231879,0.540877799788878
"869",2.23303196887141,3.16860375209019
"870",19.0013733552072,7.19611087302378
"871",7.38693839199179,1.57977891304979
"872",13.4535991999732,9.13928468309122
"873",2.43007655118262,17.9338759774535
"874",2.46631169500775,0.671961599241234
"875",1.21011893772386,0.632917426343811
"876",3.77279571491558,12.9643071047899
"877",162.270773808032,31.2868112859924
"878",5.52692478730257,2.10836652044095
"879",30.0392171740237,10.8552104021137
"880",2.55551650063064,2.61571250760458
"881",1.07943766995682,2.59817106878785
"882",2.76199786515598,3.6539238325616
"883",0.602581210549323,0.48783685176798
"884",0.646698781869304,0.762618924221452
"885",0.732096824145286,4.21693673129202
"886",0.33415057848028,5.81644945429212
"887",1.06849895883055,0.658198664422304
"888",1.81847099018007,1.12346288760338
"889",2.15704620649579,0.704522966603712
"890",1.09556295943688,1.4373913680069
"891",2.05548395669538,0.592129842261988
"892",0.349120469991978,0.378590482488011
"893",1.10673876402218,2.98032326473246
"894",1.53618645833787,0.727469910143899
"895",2.29322553962237,3.74003296793394
"896",22.6720023389573,112.400006132398
"897",6.9498514191541,3.64198228108395
"898",71.2017369582419,29.618298559406
"899",1.37167294410439,2.77957670002704
"900",1.59400092453616,1.3464453787427
"901",83.7124592604047,479.267811231573
"902",451.555894141868,44.5215789830254
"903",2.36931808534385,5.50148618663816
"904",33.9913667005023,7.62867737682705
"905",1.91415929048347,1.95815493563215
"906",1927.12680686607,19.214986979886
"907",1.04272289479673,0.823723006430598
"908",1.0331787910688,0.73827527971102
"909",1.98066790317901,1.12307187459792
"910",3.05762006495743,0.908057105151936
"911",5.35687641189163,7.59099100807293
"912",0.806554673047841,71.2113442965577
"913",1.81731819834771,0.80356130838235
"914",0.406561997842374,1.13468307368093
"915",0.312740313545407,1.00439384559347
