"","Hs","Surcote"
"1",1.60686880159681,397.259207237892
"2",0.586812377102378,1.4330371593556
"3",10.0300624871865,25.0636774072473
"4",1.74015153669048,0.905946700924149
"5",2.27094737923393,2.1868279542443
"6",1.14602454671118,5.99985922066607
"7",61.4073967807666,6.71471197744129
"8",1.21154927241742,1.04743429473889
"9",1.88858817999689,0.929004987246579
"10",2.24622986372259,0.702082559020022
"11",8.08740525176396,2.76093926900827
"12",4.16349471760558,6.22628915804076
"13",1.20774501537066,2.57438496861176
"14",1.30858814852542,0.616155138473227
"15",0.4033475471137,0.701362483257405
"16",0.908045111740299,2.03646294725808
"17",0.547732446033842,1.00592327975026
"18",51.2293999057191,3.54530894170745
"19",2.58454881084578,1.13846586331532
"20",5.82825294951783,1.54748139861494
"21",1.00331638607442,0.310167284931886
"22",3.73255260567228,0.825706685929385
"23",0.823559949995778,0.866759659650452
"24",0.899988493910923,0.404834502943783
"25",12.463844706633,2.93027081553742
"26",0.980886728750125,0.745670995887527
"27",258.669580348704,11.9465711656673
"28",4.69575040869634,0.386681207472537
"29",4.30953542172782,1.15734041326327
"30",1.86508683135896,1.15445239684629
"31",2.0607410987482,0.654261099529822
"32",0.887905812687777,2.75800988876826
"33",48.8356155232721,5.05277752224355
"34",1.52149266100013,1.48025214289046
"35",1.23077837157117,0.592802743208836
"36",13.6373125230526,2.15501022414376
"37",0.215902656049106,0.865608752612272
"38",2.4259502723263,1.15492083953833
"39",3.9697531128379,5.56836739400263
"40",1.44698834565926,0.303060338987004
"41",0.999220954147279,2.56744570606869
"42",2.94609588606841,2.96005550909799
"43",0.401008230014141,0.258002585790997
"44",0.745042560822012,0.62230975744145
"45",1.36716586365107,1.13512229070968
"46",3.74330664863815,0.586499251795057
"47",1.95620659204303,1.11652180918893
"48",2.72732814429979,0.417938610290598
"49",3.89358745144241,0.284611433926522
"50",1.37319770542219,0.822150468454412
"51",2.38729134699319,1.23056039424195
"52",8.10599344292009,14.9786577562471
"53",0.510864233901994,0.417599788102245
"54",2.07623047937613,1.83231056111628
"55",1.25591975919976,0.812569399352129
"56",5.82541528737953,0.482187192802828
"57",3.23925755926696,4.14918745911409
"58",1.27024337492643,0.958816965544435
"59",0.612136331359353,2.73089190439697
"60",0.973306980044212,2.3108689084332
"61",0.798491753961127,4.62324629747912
"62",5.39099851782485,0.440630685912001
"63",0.702891649070095,0.665721455533866
"64",9.24286051441157,0.989636149736224
"65",5.11716652035416,1.74499047021337
"66",0.683839352508316,0.917479863396131
"67",675.67984759915,9.37538834806363
"68",5.80517557269547,3.77163036762324
"69",0.943039701933856,0.971669212816357
"70",1.04044000974671,1.70818681442676
"71",1.55482913578739,7.34434486343658
"72",0.777922958723725,1.29565589574146
"73",0.692741997082765,4.98224693078063
"74",7.12847438872178,1.50016023500717
"75",0.998925495118155,0.761317430318269
"76",0.716433146484667,1.50121022993462
"77",1.20825773248924,0.45106638901124
"78",0.849349891441188,2.46550930510593
"79",1.25070957646058,2.55398498528601
"80",1.54170447189641,0.716525271575191
"81",14.8250659484517,15.9858489037705
"82",1.5024320048944,0.749084323159344
"83",2.36525556830732,18.5629863351254
"84",2.03413073453623,4.62050787068021
"85",1.28961759630264,32.460786535428
"86",4.08518396072287,1.04002378168278
"87",0.533078784060306,0.497046087776442
"88",0.820020942436687,1.6313445997193
"89",4.02659951169073,0.372984409008294
"90",0.400584692468048,2.14902971827059
"91",5.93011546417675,0.805796658261452
"92",0.5645273012424,1.09190787361039
"93",0.623195454866423,0.411498400782844
"94",2.27781442641422,0.306811418758438
"95",1.69512119813564,1.2393700522724
"96",0.464054376860517,0.441276925931788
"97",1.9928468221686,2.61273758790582
"98",0.85324329727833,0.378639589720868
"99",0.212550881955408,1.2374452930526
"100",1.52001417033229,0.732931422463298
"101",1.02678477424747,1.28071457600853
"102",2.11554147069908,0.736773182852668
"103",0.574761980928799,2.64144744203893
"104",1.29022075617911,0.252077824153775
"105",1.27761220593348,10.5336439649745
"106",29.3443255596674,2.81405807323846
"107",1.27955033448812,65.9126865466718
"108",1.04186368878397,11.564039883346
"109",1.14541355260142,1.38995637467384
"110",1.26557399054607,1.48702834977029
"111",0.458254639299644,0.660301918951799
"112",2.50859517869038,2.5880045379252
"113",1.34077985076161,1.26077480014128
"114",0.894114255553146,0.771175529448913
"115",8.62451793347981,3.08795086035936
"116",0.584331281606208,1.10427719904355
"117",62.2193435591174,1.05213655334616
"118",1.13120426992678,0.48540770947367
"119",0.727249953811413,11.9961145443359
"120",48.9175552645869,21.7193348530044
"121",2.89340968198546,0.460335437800365
"122",0.385466276883843,0.338470329603632
"123",0.900342300702331,0.820375066000292
"124",5.48790999546859,7.03073558010045
"125",1.332481125633,0.863568518476654
"126",2.80321851494069,0.420661939975516
"127",0.329257162654616,1.66618555361556
"128",0.5351969046731,4.08647431905442
"129",0.861265781691929,1.73021493121442
"130",1.0856589764806,2.8654640835704
"131",0.41158222698979,0.601257839917301
"132",5.33777006820239,1.83706250616147
"133",1.81844249209135,1.61716859284183
"134",7.05724754109221,1.74631917370297
"135",0.901668724096305,1.07916683151566
"136",5.22647743575167,1.52511511160352
"137",6.5159608639397,1.33873088160943
"138",0.986808571471864,0.715032946296305
"139",0.983979133792195,1.48614048403578
"140",7.38016157076404,13.163021799377
"141",17.671203574905,4.38828688518056
"142",0.795448284452594,0.962319770590485
"143",2.25623634263635,1.0242576974503
"144",0.675926587121438,1.45276266890209
"145",5.92720944536032,2.23799319536892
"146",13.9118858325159,0.690600896423356
"147",3.5874434723684,0.692520336370165
"148",0.537632010242294,2.513350209699
"149",3.16145105804861,0.65286704552554
"150",10.4771174979446,1.81242937918355
"151",2.78987603965225,1.78473461813204
"152",17.2216552109131,3.13327087822983
"153",2.01443092220789,1.59429647107931
"154",8.0389749345364,0.848397620403054
"155",1.05324677319641,0.865229918251179
"156",3.76306593251326,4.97792090893981
"157",0.903416702318371,0.593991849425524
"158",0.976773051333335,1.65285875997128
"159",0.208159134456885,0.35308358617614
"160",0.809092938066381,0.830961239080372
"161",0.321280446409409,1.27336244906237
"162",0.848130540218962,0.737688527367998
"163",0.852634930512802,30.7315914053274
"164",1.99435316784785,5.27070641319591
"165",2.58247437682585,0.873336709362349
"166",0.284930465898334,0.720565453297853
"167",1.25618307009492,1.41244322086983
"168",0.668788323905185,1.79824621383886
"169",0.640806202355771,0.699455120913878
"170",79.7839817123162,2.34471769024954
"171",1.1741082202671,8.74475076077355
"172",0.747875527930748,4.02612308362624
"173",0.891390680070188,0.614036977915959
"174",3.79171678603158,1.60053375117205
"175",4.1869172935779,1.14780476532542
"176",4.14557774922898,27.9142081971105
"177",8.08875149819748,20.1038029013753
"178",2.52892448524351,17.077586080745
"179",1.13251583463511,0.692116763661687
"180",1.33572402994527,4.11048823489804
"181",0.704502635398289,2.82222772487011
"182",2.03011502204736,1.1427221370362
"183",2.71006684347142,1.98047227437369
"184",0.743621046820326,1.30384026971922
"185",0.456616829257521,2.16275499124262
"186",2.22991852306134,29.5181142699617
"187",0.661136528774184,0.483259962279304
"188",11.9179276067784,6.82291700698933
"189",20.3897004011284,3.52430648094085
"190",0.472571336212299,1.2634840938314
"191",6.72776631353844,0.911392386565296
"192",0.899645143624829,0.275295140011292
"193",4.90626993027736,8.9691405912847
"194",3.79013061895143,1.80557437908706
"195",6.17194438297786,0.508638602946983
"196",1.70146221561978,0.639662595725771
"197",1.05576643379243,0.243629288730465
"198",0.585453506212545,1.19530072188353
"199",22.2637812280056,3.32151125981903
"200",0.450032499934886,6.36356223216251
"201",11.7483494252978,1.05874820811722
"202",6.5154392764348,3.08910197525951
"203",1.84808126236897,11.9501699362693
"204",0.753068375651359,3.00847993752924
"205",2.01273910667511,0.821861482826293
"206",1.47544199068124,1.0868113591205
"207",18.6679562318706,8.63353498579995
"208",1.55502704531415,0.929179522390459
"209",0.906939707586651,18.2425538227655
"210",0.283601610047952,0.432675912023001
"211",9.23768075134807,7.12831263986608
"212",21.2634599623339,7.68570198983327
"213",1.19423865593903,3.28176296774918
"214",0.593059796709326,0.859218588749901
"215",1.70273029636099,0.776790708363893
"216",0.770310679317901,0.879256151250206
"217",2.24192549342891,0.894207540070101
"218",68.7793457397446,9.66428124758364
"219",5.72506014201318,2.79483892179992
"220",1.834469901027,0.315511565136559
"221",1.09399182467128,0.946632212069691
"222",2.70499670515675,1.11875756414816
"223",4.18686599484747,3.30462127809437
"224",10.1248422982286,1.22878096400614
"225",3.47857129900785,5.70079911386728
"226",2.2119677840247,1.70761969881423
"227",37.7658976773074,1.94147142855448
"228",10.8651669090871,7.40015241792467
"229",1.21971207779573,4.63657581615542
"230",5.24898986488888,1.10471294002638
"231",2.26521599867883,0.288534749059684
"232",1.71074388478194,0.411902784865146
"233",1.08689106373946,0.613278938309223
"234",0.356004508178206,5.13679789357593
"235",0.412514855842094,2.42868970732406
"236",0.561818643077021,4.66284782938048
"237",2.75291623588715,2.23279632651338
"238",1.74514925520679,4.89760419601488
"239",0.449146765742161,1.01443818610068
"240",2.47436208951065,2.0106942883088
"241",4.44098240981177,0.81149211430639
"242",0.404750349548901,0.612004958031844
"243",44.6603250631932,3.71239265999743
"244",1.03518618096489,0.318686890684638
"245",73.7452632244916,175.656326045303
"246",0.647242170045688,1.71059594418729
"247",0.59752122449797,1.02504388075182
"248",0.843518089999788,0.99538252966709
"249",0.684910963991427,1.54665315618312
"250",7.98938112159786,5.38010897724035
"251",0.958029824402056,0.494354268248055
"252",0.692771391407277,8.92502248251307
"253",0.504779044348733,1.2951367783382
"254",0.466229610381842,4.23268475814603
"255",0.573763420881047,0.399879272459339
"256",1.04196293551526,0.726872797797021
"257",1.00323388456017,7.13621137882576
"258",0.592364761200729,0.356531589554746
"259",89.9595597741943,4.03471439717507
"260",1.28602561307514,0.471038093119949
"261",1.21780301645232,4.89912898144947
"262",2.21364158699907,2.1250016503089
"263",0.706838468846345,0.998831885583921
"264",1.15315871638497,1.13911914347359
"265",4.34678470989492,50.114888470885
"266",20.0968967729983,13.7327747631882
"267",26.4060197898491,6.5181221973996
"268",1.76159285389557,2.6059900868138
"269",0.856296336395237,1.2959681049267
"270",9.38219566397657,2.72044585391672
"271",53.0059210117107,7.34832059884503
"272",0.948907522337904,1.18872651349852
"273",5.00579369288203,1.30946454034912
"274",1.59695751849247,6.29704618037324
"275",4.49557042576991,2.75810061884215
"276",0.537491235617018,0.409634425333944
"277",0.624466113673232,0.857918644789959
"278",1.77096898120527,1.61736034026554
"279",1.31015587875087,0.995322324025823
"280",1.90333786051343,2.99184207362383
"281",0.872556355861018,0.347552657302535
"282",2.5390482782798,1.96836557168832
"283",1.11463724996851,0.435388502596048
"284",0.499459308417211,2.17819241200081
"285",0.573215059929444,0.606181517781886
"286",1.66507858629127,1.05541488680905
"287",1.23836659155563,0.377891811940087
"288",0.372535990348001,0.265441714583541
"289",0.963677021561339,1.60240899119932
"290",5.65493874188337,110.759674506893
"291",21.1306581222977,13.7472932616519
"292",15.7622168355928,2.18259648926007
"293",2.34848552270379,6.61746464807904
"294",0.581364028125716,0.751901235142274
"295",0.784203941845416,1.84902689267501
"296",0.734782861487515,0.726088256297504
"297",0.337376066800813,0.440591574937723
"298",0.273809560500381,0.193832246664417
"299",34.8309288120627,0.631451555511546
"300",13.0299537709506,0.531772866577273
"301",2.53724067244283,4.78093379888706
"302",3.11216227836788,1.05992413129986
"303",0.495690380620455,0.785986449485194
"304",2.86436708378737,0.881545585095377
"305",2.94230382452522,2.47148499635591
"306",22.4306738078935,4.70945030688377
"307",710.752541084802,18.7128258884081
"308",0.810136448161293,1.17400847076822
"309",49.0536094906623,3.38238176823759
"310",13.1479408049264,2.50412141097204
"311",1.7012543775575,2.41717576427902
"312",4.03923650968476,0.864352450727124
"313",3.76893902331726,2.42552598442722
"314",13.1623930839031,2.88878104742751
"315",2.7822069002925,0.858020888288588
"316",4.13114337607628,3.74631116138222
"317",24.3924118749995,2.29932576882693
"318",2.67181051531548,5.43870197111011
"319",0.72868880245679,0.284840074066751
"320",0.433895791182043,0.840703331074414
"321",14.4828767309128,0.612750722907663
"322",0.797854377459638,0.473759803375763
"323",0.506872302425073,0.277208151559563
"324",0.308402744744848,0.386668466037984
"325",1.02258330331744,2.04521477841276
"326",0.746254748991564,0.759880868658715
"327",0.527872889792157,1.83923686299653
"328",0.553811889272957,0.541227895446702
"329",2.00500426394817,3.70818427435951
"330",1.19378525308007,9.39491116889471
"331",6.65365411440566,24.5169291718494
"332",1.05390810531169,7.5802622954109
"333",1.17909498845847,0.743338105934578
"334",9.34108905892102,2.42332706648381
"335",0.465280042605067,0.251431545487234
"336",11.8314406271104,1.03353365937087
"337",3.10279737719974,0.376267275972046
"338",7.01562725802359,2.39979163657197
"339",0.256099099796529,2.15014168082006
"340",0.238266443984566,0.67588653178929
"341",1.92335560997235,8.19181587758451
"342",2.74895836932577,0.483770097830231
"343",1.24348725877614,4.08397553978112
"344",0.313568379626338,16.6118802943538
"345",0.516487378730612,1.34617305772907
"346",0.498821419719905,2.81456909525782
"347",1.15865336764138,0.630367717602916
"348",25.6657089661913,177.990525331544
"349",2.3555083570099,4.34836294298794
"350",0.892665258325308,0.697754175661102
"351",1.19992944244882,1.13577439047115
"352",3.5686875113697,4.48746722939196
"353",0.808852130932426,0.950536927013362
"354",2.90210928622314,5.83446075908221
"355",4.87107662638167,0.625033385594719
"356",5.00035262192734,1.92675752441591
"357",0.414584849473272,0.426660575948944
"358",3.47616460757134,2.82481685233653
"359",0.29685599254175,1.31512129385659
"360",9.2386452477455,1.13287331907098
"361",0.735339340539751,2.58473187125397
"362",1.09533255518523,5.74957882497239
"363",2.17951416180677,2.06134426477834
"364",0.539222258454182,2.51397194534881
"365",1.62799028431357,0.861243799895597
"366",1.19625531695897,1.93675762539971
"367",0.8663431909921,6.73126788781285
"368",2.42290042038865,4.85688159691846
"369",4.68327891283278,29.3033342574839
"370",0.393571580557348,1.31373416391111
"371",0.762774636942114,0.669142510144254
"372",0.221307571348759,1.1115743359948
"373",0.855440096206815,1.3162978082995
"374",1.29572048239324,0.449570705848684
"375",0.568419380840409,1.99731964066932
"376",0.701625152663509,0.571876109993913
"377",14.7793900457222,1.83631882095104
"378",1.54937913316684,1.61845248476987
"379",0.91721919637977,0.359039360269474
"380",9.61712721330292,0.826940810555259
"381",0.778634724669439,0.607669143260247
"382",9.35851812136032,5.53655483086083
"383",0.524332971330737,10.7442387797833
"384",6.87559108858616,4.5789135081672
"385",14.5431711852202,2.71974547183275
"386",1.07296610761822,0.371579633087619
"387",96.7170154131285,3.84971811139576
"388",0.501507017495694,1.43415683023991
"389",0.833892305997461,0.303983924645661
"390",0.702503998442363,0.584643941716478
"391",0.350273725309583,1.20243527352006
"392",1.38922689821628,3.52349337460953
"393",13.3322616710019,1.68214643590646
"394",8.56056561252319,223.446733166391
"395",1.34225032319625,3.27819322941155
"396",9.19706621152539,10.9118595645964
"397",8.17197246761762,3.71393264151796
"398",1.28421560507547,3.82760236855294
"399",0.433919970764317,0.232867272985895
"400",1.43973263350746,0.555302056246627
"401",0.783456030451153,1.12685509556899
"402",2.05946709094281,1.50066766633309
"403",1.47265868717004,1.29740269763637
"404",31.7567974994487,6.25145802363908
"405",2.14796587341529,0.260137844538387
"406",8.10166057243167,0.54865275948779
"407",0.825626298233125,0.874934714119806
"408",6.65966347104928,0.606825216871751
"409",3.06151995483955,5.47735604034833
"410",3.99791897774656,0.724637177008759
"411",0.263010852368068,83.9422281493278
"412",1.35251093545317,3.22334872448663
"413",1.45120424143885,8.14871698752724
"414",0.562208128860612,0.329120001518338
"415",0.361680747940524,0.230734605975684
"416",2.61293706799659,0.970174743557401
"417",8.63806981139983,46.7832283912599
"418",2.07850750197483,3.30731255843365
"419",1.3752857278754,2.97065978299679
"420",1.86277828671263,2.3378934763003
"421",0.370897401308623,0.233823004948068
"422",14.8999697292064,3.83411119887601
"423",2.06438947851943,1.90642299057372
"424",1.40658797693593,7.20578580903869
"425",0.74073634604424,2.32491683206555
"426",2.33677169824966,0.898231229774541
"427",0.559602225928246,0.832631434542169
"428",1.6255824792773,3.15570924323362
"429",0.397504554823347,0.42346318696076
"430",24.5594065408757,4.06839208925402
"431",0.338149462313968,0.378834506672435
"432",1.02847865813533,0.536009549939883
"433",5.19349387048936,0.737817945456667
"434",0.672246877040458,0.461092252668136
"435",1.54945591260262,0.897591407434212
"436",2.00121118237451,3.2802662826725
"437",1.5901240809275,0.707636349728049
"438",0.343120472984296,0.39365392883943
"439",2.38392457310933,1.17651992338187
"440",20.611241570096,0.729877425222079
"441",1.31088185393621,2.46479226594108
"442",28.4014437436604,3.1682305449102
"443",3.63797899900613,1.21071643227423
"444",1.97349875167134,1.58618748999362
"445",0.517620004859103,0.70378655798981
"446",1.60112044652918,2.17251027705074
"447",17.0603243374994,7.43821201129149
"448",9.46258673542908,1.60329343037116
"449",86.2568691963552,5.9175944756715
"450",16.9084491174016,4.15629005229878
"451",11.6103334470273,0.775053790837941
"452",1.48785858642835,3.11189105473519
"453",14.8319851823552,1.88712922812329
"454",1.36338111462175,2.48638246025045
"455",10.1025495829319,0.547678865794179
"456",2.51622628622731,2.25829005803377
"457",0.811303938762231,1.22417769760601
"458",9.44074895138856,3.46312001388661
"459",3.08094616723089,0.466308182024272
"460",2.26609583722374,1.98648851363208
"461",1.03285363355811,1.67817875552935
"462",0.304221423867637,0.605764505212083
"463",2.28256722895734,0.316044060365968
"464",0.41164208528664,1.14028894185449
"465",1.40403940742255,1.10434305676486
"466",5646.60898771137,31.6228590349972
"467",3.33101405523411,2.42110007973789
"468",0.74808444347464,0.601201077941131
"469",0.369510802551548,0.970708383906952
"470",0.740655379646978,1.14968356826473
"471",0.717941989588226,1.69384689285344
"472",1.2830380608563,0.842483883968991
"473",1.02038366263844,2.27353531199808
"474",0.436591573152347,1.68092814478282
"475",1.07249700661344,0.578355567279749
"476",0.425716031048181,2.31188809825621
"477",3.76015301431898,4.47691057876365
"478",2.64387945684648,1.49062983916557
"479",0.478640579285286,1.23761345669015
"480",0.719703945266914,4.04716059673392
"481",1.31973828250264,2.21068725173608
"482",0.907751211960914,10.524181771313
"483",4.96146503702283,25.2492197839656
"484",1.75674621339654,1.5756786338879
"485",8.34289168508524,3.63562329229099
"486",1.00269937773626,1.73844350100108
"487",1.22560634328886,1.593689413109
"488",2.61750413338593,25.4188932820803
"489",0.433721284075733,1.38397160681561
"490",5.33138912374045,7.45129070373576
"491",0.460013206327572,6.60819328172247
"492",3.0153973303281,1.2282616136263
"493",1.5839473667853,6.85174132680856
"494",1.66018489835496,0.487135121503497
"495",24.9819001657078,1.91676161377029
"496",0.92303951901339,0.858215873607567
"497",52.5048609985962,88.2000277805407
"498",2.76972628392754,5.4803998544874
"499",1.50915260930408,1.76740845089339
"500",2.11621288384705,4.77698559599435
"501",0.331225547494336,0.370613332684886
"502",0.90281289585746,1.66359307400014
"503",0.585222235202215,1.72944076735605
"504",0.331866954037205,1.59135054655752
"505",0.31345591403251,1.40765624097124
"506",1.05971439287694,1.01126211988754
"507",0.531032048775745,2.14047178215773
"508",3.75030092758557,1.54813381922263
"509",8.36560582281234,2.17957707491746
"510",1.05822885159559,2.39163785240871
"511",4.40826546781067,0.32827188470002
"512",1.86766985940091,3.60256437316558
"513",17.3088387185494,2.39550686501964
"514",0.294777060458505,0.561187257576858
"515",0.317430720767201,0.764651726676733
"516",0.952425113210391,2.32139900391402
"517",3.9723037447466,1.12780603679344
"518",0.682763098140443,0.563137306820774
"519",0.535797740724777,3.63042094387805
"520",6.02328544592784,1.39507370262665
"521",0.942848950693158,0.918751070901366
"522",3.08821542047717,4.69641850230086
"523",2.29695026212315,2.57122874079558
"524",4.10539378121749,2.89779364741293
"525",3.97557941756734,0.871752814642317
"526",0.911013666386538,2.22458934837594
"527",8.68618896830692,3.73509018676545
"528",1.66048459394857,0.589945121697103
"529",0.813303451386241,1.12026364896761
"530",6.24168703615145,0.644693518559231
"531",14.0817065882404,2.33018467503711
"532",0.285218611322927,1.85482365674913
"533",18.5163953642693,11.9179728275731
"534",5.77021996978362,2.339324410145
"535",0.814088661519177,1.0540766699567
"536",0.743133959728874,11.90004079016
"537",2.02075476678364,1.46309977680759
"538",4.70298800199524,3.58727261894364
"539",0.721112917418028,1.75275398869378
"540",0.835257678674637,0.52220447580022
"541",10.7493314209729,1.84843861882052
"542",0.869853760525706,0.686434255157554
"543",0.929707198920007,1.37488871818287
"544",2.14714945898065,0.420427838058776
"545",0.636045342631226,0.766132903640478
"546",5.05363242656951,2.54918895381274
"547",1.21177449884084,0.925470107043329
"548",0.460817515338416,0.782121958731665
"549",0.411446041243857,1.16344767947115
"550",21.9591233067514,6.13835863720099
"551",1.02332183780362,0.772459365291755
"552",5.96821450730122,2.54080400342756
"553",5.13503907968355,1.04583921175241
"554",0.769303067206787,3.23168642211941
"555",1.00644782628216,0.910997261744878
"556",0.803215575888688,1.55290824144998
"557",0.603029198493064,0.580688893721319
"558",0.924396393667428,0.389742180668259
"559",2.48774765542633,0.537234475410807
"560",1.69826482790362,0.468033483002609
"561",3.28925581644692,28.1765686632316
"562",0.982705388167685,0.306346637748519
"563",5.84810851317303,0.843381943367236
"564",1.60362458984403,3.03369553307672
"565",0.962286856135368,2.30821785682816
"566",6.30220609572686,0.715312491727285
"567",1.04527280921713,0.707493944621342
"568",1.40392644516581,1.41822528763303
"569",1.95653433902475,1.08678061054158
"570",0.522158252040475,0.288187568005722
"571",0.394195454053209,2.3680297808627
"572",1.67358462902053,0.32212842420499
"573",0.530424305091106,0.704056751110643
"574",0.584506243339667,0.902677577482292
"575",3.81553467976934,9.52129074897449
"576",0.783785945146731,1.6142867790425
"577",0.83285363838962,0.808972821700687
"578",4.11184083663958,8.4454644259756
"579",1.30399914882986,0.502579915903281
"580",2.07876270309328,1.85380380050544
"581",0.259229899592554,0.409348461398353
"582",13.4317686709319,2.58611108728805
"583",4.74120840748947,0.879560168986013
"584",2.75711864934021,1.38266699115809
"585",0.367097494353822,1.63692843893793
"586",1.52901170074917,0.458780109180144
"587",0.36844720869358,1.27111408691592
"588",0.818239867072506,0.67260707128672
"589",1.96039935907853,2.08120182217091
"590",1.26946190113319,0.875359286099951
"591",6.68419069320525,2.01700871026912
"592",7.56264135923215,0.86241769940207
"593",1.61792297972885,0.867386724982214
"594",11.3078220306198,0.923040566082036
"595",4.33482788212584,1.93304853306853
"596",0.773503453301481,0.579199637522553
"597",0.549498511608723,0.682335895165964
"598",0.344132334696392,3.19656957764258
"599",0.678914875266702,0.486347220182903
"600",1.33746674538731,0.781744122936793
"601",3.99334535439791,1.02873139452015
"602",0.57885775979713,0.356880670693419
"603",0.829434579166317,0.334592369068362
"604",0.527190625007819,0.543963566951394
"605",0.336781683896654,0.469991841034564
"606",1.57504522274172,4.04139579343858
"607",1.15334645645988,1.33692898837731
"608",0.546870951571774,0.444478364112241
"609",4.82385223116022,23.8033061829197
"610",1.20903683455101,8.35482616066262
"611",15.258594459416,0.642556112991492
"612",3.31090912998643,11.1655214045917
"613",0.511819714579925,3.39936884762968
"614",3.68200070891687,498.848075624134
"615",2.33143315449719,4.59908505770386
"616",1.24576579272997,1.86726129044706
"617",1.60682736222068,4.23363999521772
"618",12.9882999769817,1.38582256676695
"619",1.37837305956469,2.57608005164338
"620",0.944252616499473,0.51776941458425
"621",5.03331613833178,3.27145536754867
"622",0.824334695864125,0.703778748481592
"623",0.454684235990629,1.59722006312597
"624",1.61957143364777,0.259909801212832
"625",5.40640184798338,0.39306058420163
"626",0.951863450953954,1.22651384579941
"627",5.15776643031834,3.51188737579093
"628",21.6489319726244,8.7197030518696
"629",1.94638756453187,7.40841419253734
"630",4.65375044389071,13.5165867399482
"631",7.92651076386094,14.08453594446
"632",13.1218464390643,2.13885646357596
"633",0.75367236158442,0.32977424924397
"634",0.421641809462146,0.294535543390248
"635",1.62659014117687,1.57304906439471
"636",6.77232397971322,2.55906377782328
"637",1.64740376640362,1.36136162918908
"638",1.72905528722908,57.4985117443917
"639",3.28845733776312,1.97815488232641
"640",1.30638428266464,1.58463753232714
"641",1.76882036632803,0.468438371305698
"642",1.47360657358379,0.525926338480382
"643",0.392167622309529,0.901469739448348
"644",4.60378118805736,3.54253200857405
"645",2.69876118184686,4.18579520088566
"646",0.246360308146016,1.75382589810973
"647",3.19708558538024,0.494350470028418
"648",1.70612525833476,1.76639495716016
"649",17.4046099912247,2.40643871300805
"650",2.15798799464175,1.25860483296123
"651",0.622559153287134,1.25758265458237
"652",0.336224224662764,0.392358584684108
"653",0.540122283468553,0.452506371424676
"654",3.28636140538858,0.807475968979743
"655",2.25645208591663,0.339673465603701
"656",0.554081257213031,1.3000898014599
"657",3.1875685649693,1.63003968201739
"658",0.735819228437219,1.71275329267912
"659",0.972217796512524,0.394242929833043
"660",0.802621197188822,1.07021855457162
"661",1.38844133149281,1.70347941550597
"662",0.463477244368794,0.995567630597869
"663",3.36572663305736,0.878456191413591
"664",5.99792336796187,4.36245407244701
"665",2.47505405604173,0.460422158007024
"666",2.28502010697657,0.433580716202139
"667",0.741885013902431,0.709583722502956
"668",18.2757254352415,5.2216744287002
"669",0.896014998507177,0.473620573053362
"670",0.556008982142982,0.983116934461836
"671",8.22042085660701,2.30077935352258
"672",1.24676505959104,1.27795924293106
"673",2.78854809778036,1.56856670192608
"674",1.2685051640062,2.80459069055859
"675",3.0382732677117,9.26352983205598
"676",12.097724804048,4.78242489031057
"677",4.12464630806052,1.17208491155789
"678",1.42631028980714,2.72198381413507
"679",1.42423358643626,21.3665432419496
"680",1.75886551840036,1.97355804959234
"681",2.25141661620678,20.192911371812
"682",1.42712001482325,0.805404754935557
"683",4.2590572386695,0.327930294958224
"684",10.5044541415935,2.00163973619697
"685",0.961589309314995,1.55732569964432
"686",0.794679466734659,3.46737609255859
"687",7.3350307201776,1.25427364186833
"688",2.5665335927117,8.07850660722614
"689",5.93890817740327,1.02925491197867
"690",7.62889658492635,10.4992397366333
"691",0.424684607116423,1.35649814670682
"692",1.03816298172782,1.88288388423557
"693",11.9174751385772,5.58232084038024
"694",0.842143597366647,0.643020902999928
"695",6.64139387343587,5.01427416546166
"696",2.04299286615095,6.91678587216818
"697",0.794665235492104,2.5500504863305
"698",2.15974001386751,0.822212462292807
"699",1.58027938359665,0.453787360946191
"700",0.551101277673085,0.904112427410155
"701",0.662201293325294,3.08630126757999
"702",4.69968342091486,1.23542139558296
"703",3.50558035659989,5.65684932827469
"704",2.8446242437543,120.469221112181
"705",0.862051150189641,0.784060391531432
"706",0.984774215880572,0.534506289619754
"707",5.32385994507081,6.0855619235067
"708",1.17178871488168,0.952913191549894
"709",1.57674623332763,0.321342930458889
"710",0.226203011518111,1.2991157784267
"711",0.580493663670641,2.42976736177267
"712",20.1368884227732,53.5299886074059
"713",0.681143228350646,0.972572873786972
"714",0.693847558059619,1.15942455861218
"715",9.69966279121698,0.895091971138278
"716",11.737931692791,3.61718911365546
"717",1.57750489155167,0.981912954027633
"718",1.08459877011688,1.07635462856921
"719",2.62757436231811,156.365327573317
"720",1.03982144225439,1.4808780719232
"721",0.688057101400908,0.636278353628698
"722",1.10575144949735,0.858189242562456
"723",1.99932654556773,2.66982499824509
"724",2.41205932419747,0.568871832386948
"725",1.68166398776917,0.258921490286912
"726",0.729526431062469,0.971144668801627
"727",0.687565844024594,0.457412837915324
"728",0.771815562932535,1.20556744922186
"729",1.7521645004254,1.14190750348277
"730",7.34912012198884,1.73706363874509
"731",3.22350880581025,5.68613955202462
"732",1.63724829324254,1.00564671569194
"733",1.23741936029288,0.611072680980304
"734",47.2573459893855,18.376405959631
"735",0.438022346708026,0.318674918158709
"736",2.86245349968931,1.40783710779128
"737",1.68920736745834,0.753032297490738
"738",2.67064350047929,2.80833654303451
"739",1.30605038351556,0.510682730914626
"740",24.1939836194762,2.37563484730999
"741",0.250184749829229,1.60513179418714
"742",1.29530040304947,0.833561173879133
"743",0.227068630087332,1.21849310173816
"744",0.863772650476488,3.33882518236123
"745",2.27921347894699,1.02745981278278
"746",0.663437227491501,0.639956324359905
"747",1.41422918932213,2.20771057533685
"748",8.47138230848252,1.00608291941013
"749",1.91257612582886,0.328790657463211
"750",0.764806656374013,1.66410562816643
"751",0.95498818158907,0.378427959774944
"752",2.98858392942329,0.517728433213207
"753",5.46398429019509,0.279838934492466
"754",4.47711838600697,0.583934620188039
"755",0.59381023618029,0.802185647996965
"756",0.654048065562283,23.7572045978988
"757",43.1012579182535,16.1030861916476
"758",1.76214255450123,1.99849477661131
"759",6.19286053576755,1.75594550301826
"760",0.66837375306914,0.769373699587292
"761",2.37637637648148,0.498211474961435
"762",1.44911118049043,1.16125686911174
"763",5.66856844133122,1.03731525315543
"764",1.07612398985035,5.36813540853814
"765",9.15240879358677,2.63259220000695
"766",0.574923328405185,0.998752501600607
"767",40.2555327447357,7.30896280521734
"768",1.62289206811451,0.792685956418574
"769",1.38146040632548,1.5754039747558
"770",0.52535909996134,0.25602902534065
"771",9.07206733922387,0.839156969085662
"772",1.64885193648859,0.503974666008572
"773",1.22753460092069,1.6556230215661
"774",2.12649350839437,1.62926919073993
"775",1.13948478928637,1.49966622248995
"776",8.28826483905462,0.58308002503365
"777",0.327773336900751,0.850744175453878
"778",0.47395689121557,1.73917952370754
"779",3.53291602586053,3.04510841444038
"780",0.191411041092173,1.00251267347242
"781",0.659995463896276,4.00885376615854
"782",1.3531204406492,2.95052978467561
"783",3.04105585100622,8.29470284785626
"784",0.512816103116201,5.85754865275712
"785",1.07366523987747,0.739250578336093
"786",14.8582157584627,2.35604482536804
"787",1.61618392107032,1.79698879574862
"788",1.60895483353671,1.02676110321412
"789",0.691881311755214,2.31342398963555
"790",7.71871801520285,0.534008073851194
"791",77.1343978238703,0.972808800676504
"792",1.74328459467121,2.64487345101564
"793",4.08899058487523,1.11149282432024
"794",0.604949858120407,1.44689126996563
"795",13.7603742010424,2.43924381719434
"796",1.13775466926171,5.47143317334183
"797",1.30883109637627,0.888490554759322
"798",5.80830802429807,3.91266089584608
"799",1.43472266073592,6.70168491812748
"800",2.85290055526061,2.31226005415567
"801",5.25648728785055,3.64486394759915
"802",31.4452384901298,4.42373940296544
"803",0.261683480410562,0.443754844326036
"804",0.460123680864293,0.569768973028161
"805",1.45517899135712,10.4909683747294
"806",0.403594824804016,1.18734994245866
"807",8.84463175318372,0.448578467649403
"808",280.10949598483,3.13907254482093
"809",0.506688357951564,0.408730899384586
"810",1.95720469780236,1.11229926884878
"811",0.335113749879129,1.59426405740662
"812",1.51931153580572,26.2625244438152
"813",0.230183667735431,0.57133154217044
"814",4.6881572945125,68.1679746825443
"815",1.48960360616887,4.76264713130963
"816",7.42700413252681,16.8725036792399
"817",1.12891387088126,0.645703472286861
"818",2.56476700460381,160.198335721497
"819",1.0559830299303,1.82684858060571
"820",28.2977618966401,327.147445418225
"821",1.4206462002951,1.5501591457079
"822",0.859233369997091,1.0859346871679
"823",0.654749617552779,5.30106721150899
"824",0.776070011974264,2.58714004197538
"825",15.6159152901297,22.3170498320448
"826",0.989493872258818,0.574276286295384
"827",0.394697804710683,0.790765399492436
"828",0.586643661507069,0.75956791115038
"829",1.52727687428293,0.751172021256736
"830",1.62244081580048,4.38875546076366
"831",0.673813950635968,5.9914432168702
"832",1.89336553027726,8.53187052796058
"833",4.13261637902375,12.5830076241182
"834",3.3136074849682,0.965501442669252
"835",1.11889078531362,2.89893304513275
"836",16.2728961054433,3.43152039666942
"837",0.921378432094188,2.50011732922305
"838",8.53607331486463,39.2284214621382
"839",2.96797499692656,10.9890990674599
"840",0.899703473862744,1.91379101817711
"841",3.3664646300929,4.00349706609699
"842",0.507065394089279,2.17934987951252
"843",3.05127038628858,42.5797364389039
"844",0.750942716876506,3.09009005910644
"845",2.13475987142305,1.07585502703878
"846",0.578980064834226,2.64766898395845
"847",1.3567807898683,18.9131553321219
"848",0.950621365020546,1.30860743864918
"849",2.17219713473945,0.69897825201211
"850",2.05349334077965,4.55668660666793
"851",9.98503812811488,2.07908616050745
"852",18.5941043894432,1.35195329299063
"853",15.0063586378721,2.83333941929187
"854",0.525037410886957,4.95162763119512
"855",1.33223613751359,14.6008148606254
"856",18.426535134146,19.2560236728485
"857",1.05836542468154,2.31159346346153
"858",3.69363737295609,8.91250483242737
"859",8.74685364028896,41.6526132686175
"860",1.22294727392311,1.73145836260898
"861",0.734747155135702,0.676863343922494
"862",0.695463001745345,16.3970696298968
"863",1.85871515791607,1.38816498077701
"864",0.43030779544526,49.2667542665768
"865",0.637777928996275,1.44297487944332
"866",1.85441506143195,1.61630456653514
"867",0.709937363276804,0.58446933809694
"868",13.1302482010524,1.71369672915064
"869",0.401244291634745,2.44945122746119
"870",2.80950554858343,8.55017569130034
"871",0.815820773489915,1.7778188990541
"872",1.50990413860318,2.075910550471
"873",1.23875279202546,1.02816480759659
"874",0.871918614810382,0.599014665449917
"875",0.383841541941988,14.495729845431
"876",1.97366769791647,12.6567857609677
"877",33.4325856034,181.846459929958
"878",6.09059942519357,1.09014304499002
"879",9.7948667676601,5.61113530580111
"880",1.67865321682839,5.13596468801
"881",2.35275741356322,11.066033940149
"882",1.77145243453242,2.19022490363418
"883",1.60033468866836,4.32444174744538
"884",2.47102711506897,0.516813591603751
"885",0.616947331111085,0.599411017968427
"886",0.91528696158895,4.59378209067477
"887",1.08234517955766,7.60138504270819
"888",1.03615158113643,2.67148765992043
"889",1.63898922485287,0.852187089392146
"890",0.398919864069605,0.527263522948125
"891",5.1080479006405,0.541417215162929
"892",0.466287096092484,0.713376539587572
"893",0.345681641983638,4.13494535463431
"894",2.11060734272555,136.170241006444
"895",0.338934206059375,0.826801753715197
"896",1.43247289202552,79.6839694158161
"897",0.727322932728821,1.28065484919327
"898",0.603806940837109,0.543256375414724
"899",0.824750469029545,3.82710267372361
"900",156.337111367292,10.1630968415708
"901",19.162987952337,9.77437453887365
"902",0.720745013053336,1.52569188999519
"903",0.748105265153255,0.666686513580119
"904",0.92385978986502,49.8711093325854
"905",0.670651676876711,0.838157493814527
"906",1.2020132199582,0.524686760951839
"907",1.55698045065372,8.05742536189347
"908",0.277521438789358,3.69340424719694
"909",0.496265274335316,0.75709473063556
"910",4.39131472866242,2.61160899254982
"911",0.898266674612744,1.3376765988467
"912",0.808208950544588,1.61998391073664
"913",0.490498909349502,10.2596841826653
"914",6.23520534303797,1.54824906904329
"915",0.813799956790087,4.0401964222668
"916",5.05037469355328,1.10016895273038
"917",0.468611786843509,3.38119891498655
"918",1.39036084851211,2.96131121949891
"919",0.269121469652092,2.30681793456649
"920",1.33575812499326,9.01317789542088
"921",0.486516913222227,1.59692144388941
"922",2.30727596495959,5.80147354007632
"923",1.0855793223576,0.901485612906952
"924",1.2433385943784,14.0332702659573
"925",0.459956529408432,1.35405208639212
"926",1.62301844163182,2.32729338235108
"927",2.72551263010047,7.05202982772489
"928",0.756496591720175,0.747641215264886
"929",0.858573667630111,0.667450951577577
"930",2.25355292195078,3.67760080527672
"931",0.800717168811125,0.59260442434021
"932",2.13918561034654,1.06506991513969
"933",3.13101679974237,37.7558785262123
"934",19.3532354193928,3025.73709293387
"935",5.13414148249136,9.18736443189033
"936",0.578274984119965,4.31915605786933
"937",1.19109543785261,5.31824241524532
"938",4.43053980691901,3.67181680490618
"939",0.355545922031127,1.83116729179354
"940",1.79834001216058,7.42936205091726
"941",7.99317092602731,774.981727975788
"942",2.75154344673146,6.90343322074875
"943",5.95223310135353,123.34316394578
"944",0.29160724576209,1.47807013473202
"945",2.73658963274563,7.11148932555238
"946",2.8438376456589,5.00490004933176
"947",11.1019676033915,6.43908672982332
"948",1.26303206472784,1.4335296955378
"949",0.426900434308724,1.58028947854554
"950",1.0846232461375,1.68292446500137
"951",0.652095942327708,2.82976189900882
"952",4.82685571901874,6.51916050911273
"953",21.4774804168984,1.37095279708695
"954",0.649333439629174,16.0386009953519
"955",1.05475454581106,0.653901365982869
"956",0.673843230012442,0.600223271163687
"957",5.04312860517793,11.6485276455216
"958",6.76323918453024,30.4870812664856
"959",1.11283730105509,3.15598386359333
"960",2.34004392153709,1.9474982811362
"961",2.14341511071497,1.92253923031394
"962",2.75539122201281,9.2688946101969
"963",1.04544516865723,2.49110441584009
"964",0.833399163271674,1.81189599959184
"965",1.56140335122241,3.33270143017073
"966",0.369777171779425,0.460606002684039
"967",0.384847333081281,0.436799840754267
"968",0.456340472369758,0.698765804973842
"969",3.06447558746629,4.98409736805465
"970",0.794690454242623,5.05716899543968
"971",1.32562527053242,1.0640423018424
"972",0.731127859559726,0.670319262115056
"973",2.90411838902668,1.34634864585665
"974",0.35060501164099,2.70953215470362
"975",4.5960442595577,0.691876995468105
"976",0.876670317740258,1.18516959467034
"977",0.410223159039394,3.57057518644423
"978",1.087471565326,3.21037123054484
"979",0.698410657523851,2.34795924100898
"980",6.65690860834789,28.5338719578707
"981",0.660825969786604,2.44556639968895
"982",2.57630614671176,1.60139755145815
"983",0.852804982567004,1.23398826956714
"984",13.1318951090746,547.402874234806
"985",93.948005633502,41.7253186749576
"986",0.976750790055248,4.77631812605367
"987",3.87921737204682,6.50066777107367
"988",0.630806463049637,1.81678931660602
"989",44.7318811033782,17.1464395177406
"990",0.418337990130849,1.37176529366426
"991",0.546514475847766,0.968382203087386
"992",2.77889559177303,0.787342070674787
"993",2.42630238644629,6.73194301800628
"994",0.56790825356649,70.3235308256254
"995",0.325160096580157,0.953491183286024
"996",0.640415771567271,0.765672499978904
