"","x"
"1",0.814984171491739
"2",0.815396258954548
"3",0.814139565844256
"4",0.811224921991905
"5",0.820175384436403
"6",0.842863013577033
"7",0.865762304820626
"8",0.871822990119587
"9",0.862956790312561
"10",0.832353679129471
"11",0.822044385063009
"12",0.817199441872692
"13",0.808710157395241
"14",0.806351880802765
"15",0.808424751866798
"16",0.805125746052271
"17",0.804650311535628
"18",0.806215026036736
"19",0.80219375394646
"20",0.801344732889704
"21",0.80346771959586
"22",0.804328816498452
"23",0.803759948883456
"24",0.802562130102973
"25",0.806056478602662
"26",0.805588454937213
"27",0.804990606179146
"28",0.805317500516815
"29",0.806962938952577
"30",0.808217343534361
"31",0.808854134619201
"32",0.808654041533198
"33",0.80833145550716
"34",0.814283060396746
"35",0.816393967383717
"36",0.815688139518643
"37",0.813630014630621
