"gamma","scale","threshold","p_u","time_analysed"
-0.065060167363212,0.942723267986147,0.0590204259084407,0.378861395708486,"1"
-0.0947444503578453,0.975702675083886,0.286190598932879,0.29924608544365,"2"
-0.0637556885212269,0.941037964063174,0.0505509259580921,0.380146916682776,"3"
-0.0797503569687186,0.964162702112968,0.111589857886625,0.360139184225788,"4"
-0.0855809963573603,0.969633352450732,0.164879362045069,0.339802822346801,"5"
-0.0670974252147119,0.94617795012938,0.0480926094644796,0.380146916682776,"6"
-0.0686316741440851,0.948681816733381,0.0441534282308013,0.381799729364006,"7"
-0.0875491173935041,0.976554581186001,0.112326853300541,0.360661125072492,"8"
-0.0905255223693853,0.98112402155027,0.116553940664429,0.359443263096849,"9"
-0.0904028631281554,0.98062973551587,0.115822959146072,0.359443263096849,"10"
-0.0904123621910385,0.980699605313135,0.113028878443138,0.361009085636961,"11"
-0.0911207573449278,0.981842927600894,0.11054771206568,0.362400927894839,"12"
-0.0902474910898404,0.979467455342962,0.11115703330673,0.362226947612604,"13"
-0.0898958460275995,0.978739763788137,0.111206139503047,0.362052967330369,"14"
-0.0914286845452174,0.98093734555619,0.116639029555028,0.362052967330369,"15"
-0.0903233639094811,0.979060090002124,0.115407468729855,0.362400927894839,"16"
-0.0888767183782556,0.97631711852164,0.114070237148973,0.362400927894839,"17"
-0.0853208994053954,0.964552889306643,0.169780638651608,0.342103228300793,"18"
-0.0862982498435875,0.971154708046269,0.114774763347175,0.361878987048135,"19"
-0.0845751828564377,0.962659417238628,0.171717063847558,0.342267543011792,"20"
-0.0805885928169828,0.961604663127294,0.104996823010224,0.363792770152716,"21"
-0.0821070392395525,0.958672368296541,0.166074718874437,0.343253431277789,"22"
-0.0767778819453069,0.955099397642031,0.105795678689618,0.363444809588247,"23"
-0.0731178141441322,0.94417089057913,0.153225317563229,0.345225207809781,"24"
-0.0747644033844846,0.94115028094127,0.2151366643929,0.324608544364972,"25"
-0.0703259837273177,0.933684868073404,0.212903453885398,0.324453895225208,"26"
-0.0685685175041732,0.935509827075103,0.157204159332257,0.345060893098782,"27"
-0.0711151151178584,0.943838749980314,0.100886770267563,0.366576454668471,"28"
-0.0619854207947472,0.919232895088356,0.202483035673608,0.325845737483085,"29"
-0.0661421992697794,0.929773089629934,0.153694797730065,0.34571815194278,"30"
-0.0651229566668274,0.928080909225906,0.148874334546445,0.347032669630775,"31"
-0.0644664593233964,0.92670510456173,0.143066864880895,0.348018557896772,"32"
-0.0672737186295862,0.925283452124185,0.201529812861936,0.327392228880727,"33"
-0.0679693913380738,0.931229504662949,0.143324809714902,0.348018557896772,"34"
-0.069484235298761,0.932970665078647,0.145657271053239,0.346211096075778,"35"
-0.0758946117101679,0.937071485763305,0.210032894126725,0.324453895225208,"36"
-0.0798168601722356,0.943005685898467,0.213508300526376,0.324299246085444,"37"
