"","V1","V2","V3"
"1",-0.0933438428981974,0.0991978967937544,1.76031319822224
"2",-0.103239457178853,0.101123678502977,1.72389665203667
"3",-0.0997823804107219,0.10005033372992,1.73776563731495
"4",-0.105060904091578,0.101077767616103,1.71533817872768
"5",-0.0933564072413657,0.0985342469829695,1.75703768555744
"6",-0.0883704777174618,0.0977591672734263,1.77084641754554
"7",-0.0683347049159691,0.093215025692657,1.87360004341512
"8",-0.0625324054246698,0.0922065015408306,1.90829882033799
"9",-0.0640622213861194,0.0930270970564125,1.90454561285896
"10",-0.0769188109079195,0.0959098752427267,1.85382494247036
"11",-0.0617266694743248,0.0922633307755583,1.93958918504183
"12",-0.0625657901178016,0.0922078407078562,1.95034758641747
"13",-0.0591940812350452,0.0915670975210566,1.94689701567874
"14",-0.069913430700885,0.094101891969284,1.87679541068075
"15",-0.0705262389025419,0.0941171572800052,1.8734450684946
"16",-0.0707049291339298,0.09423557800566,1.87550387271582
"17",-0.0582938224785821,0.0916696691878836,1.93914217691398
"18",-0.0397228149367248,0.0883080601664462,2.02024875166759
"19",-0.0571381982494338,0.0928973274558223,1.91097604445948
"20",-0.0505736827738248,0.0919076973347905,1.93839330332345
"21",-0.0381745561124115,0.0895592817119003,1.99311564249747
"22",-0.0314132542435318,0.0879577674841975,2.03046896416747
"23",-0.023687479713188,0.0867654745711278,2.0359866007876
"24",-0.0303351114906896,0.0883773100361819,1.98794505576607
"25",-0.037692348325461,0.0903008323856131,1.9162790751427
"26",-0.0392228802332532,0.0903881305463865,1.89906591379923
"27",-0.0487242372503994,0.0919353431004077,1.856322910399
"28",-0.0482480495380547,0.0916050898045878,1.85135761483487
"29",-0.0594177132160809,0.0940725038421628,1.79386886358204
"30",-0.0676240974014677,0.0964395763496314,1.74339996473424
"31",-0.0681472517847106,0.0970526567944706,1.72357189093198
"32",-0.0786767551976426,0.0998703539479092,1.66426637732117
"33",-0.0864719027168477,0.101543092939424,1.6286842724332
"34",-0.0750884280903283,0.0994711884068662,1.64682959719598
"35",-0.0805955859586347,0.10133429766278,1.60608875499786
"36",-0.0851069253219514,0.103097390318137,1.56414373119496
"37",-0.105096063493229,0.108010126197245,1.48004533975354
