"","Dim.1","Dim.2","Dim.3","Dim.4","Dim.5","Dim.6","Dim.7"
"1",2.52769047942661,2.34533975979972,0.255246009195806,-0.654356859635557,1.59849467455124,0.801124407942007,-0.36975873511073
"2",1.40684036936414,2.84240083148864,2.93988261750519,-0.723927644342579,-2.36901049566893,1.15527215454297,0.40100099772039
"3",1.28816571732965,2.14889929293824,4.65621953097768,-0.934427202936833,-1.30749495182243,0.463058975592741,0.22996747528688
"4",-0.901431247609808,3.22148559336688,1.97951453229008,0.164178857935007,-0.190980850402978,-0.00268570874308431,0.401453828356439
"5",-8.76900181879902,-7.31085841675893,7.74751953368473,5.47387731654309,0.368349644868305,2.02616249828022,0.0762706327971564
"6",5.58485710995605,-0.472810275042281,-0.959149107676652,-1.1445821597483,1.13622651809858,1.50760250780768,-0.8592515518474
"7",2.70469207228294,2.50089286487953,-0.0396829080931333,-0.541527020399875,0.760375990834046,0.462279069967509,-1.40922538343252
"8",3.16321040711453,2.78570118101696,-1.54540307605647,0.61277047427625,-0.365485891280172,-0.0892805306685432,0.863457116600653
"9",3.33500518957519,2.34879401992727,2.13206271782057,-1.56718245321588,0.994358752283281,0.121036408865513,-1.14437755900986
"10",6.63274991985597,-0.413362227947251,1.63828715327352,-1.95872819549119,0.698648025106964,-0.261212698834083,-1.75681035331337
"11",0.499583849147242,2.39818865777342,3.27194943768906,0.102711326801654,-0.399004365183997,-0.36535551466924,1.26786410049475
"12",0.477875439419405,2.87375147413092,1.85003118089795,0.134527918458194,1.45156440658899,0.0547278108645383,-0.184099702822081
"13",-2.59047987520013,3.06160914500636,-0.960054925519504,-0.89828364022239,-0.161974673678894,-0.326030348736317,1.12964068480098
"14",-0.622072191658699,2.5243933799263,1.44480892009048,0.0416778603234758,1.66319635746371,0.290142731744003,0.172155560926396
"15",-2.12646334598158,3.18564838279797,-0.927592472074921,-0.411921175259789,-1.06875943271471,0.105552271944909,0.265629460250844
"16",-8.3255134946568,-3.51955573354685,5.55708379892734,2.27972893222938,-2.48284555022366,2.24235176301161,-0.69380626856681
"17",-6.90444387803299,-2.03286936078901,4.12236800737542,3.03396252871922,0.18885953877474,0.901987445971801,-1.96674142516264
"18",4.12916894505175,0.561412318406125,-4.69273009507813,2.29437404886346,-1.35245378207517,0.75813084692263,0.474130497578186
"19",0.88047860520424,1.66164562112253,-2.37257704351404,1.26758612762905,1.51722287832164,0.201434424177218,-0.533524640630095
"20",1.96286751538813,3.50105125038083,-0.236860901583061,-0.29013674377671,-0.0359793343562381,0.4255040633543,-0.0515113346278228
"21",0.763561178838705,3.87275113584421,0.656583827580593,-0.108806850216245,-0.208979255864576,0.0879400689940559,0.0857972913151356
"22",1.40392638513873,2.6946055676317,-1.84233074442824,0.0706374137752806,0.963038343561169,0.543566316113043,0.676491250033672
"23",3.9908145680745,0.403530750722998,0.356546708089508,-0.207933920567251,2.6104844383633,0.384191787920751,-0.40555502874869
"24",3.18533036148788,0.973698031878884,-4.70894589984955,2.42334814213448,-1.36762201349778,-0.889435071546994,1.42924111045301
"25",-0.738771048516333,-1.28583734277877,6.46820978473876,1.53657910263392,0.567402096284655,0.0916105361668264,1.02298055819896
"26",-1.98331581669572,0.533972894886644,1.88903633129138,3.02448080110979,0.554193886453717,-1.64903093466836,1.25292253793128
"27",8.76310036154594,-16.5402324059422,-3.05354480587492,9.2672107939625,-0.216949896723655,3.79483374123834,-1.29888409420603
"28",3.09265993108955,2.59722154374952,0.727318928545155,-0.00753845519291853,1.2062140588126,-0.528999840108255,-0.307127862996849
"29",2.16971058523787,2.95408285257075,1.17524230476354,-0.770950515629975,1.38869473570273,0.155022935900313,0.0910942302711943
"30",0.0461236310856803,2.91318717469209,-0.844988719913113,0.952163256499874,1.47512462109049,-0.790211819110962,-0.137128164577479
"31",2.02233571309231,3.7908700249004,1.01889171360648,0.227532264561701,-1.01906628397141,-1.62229931793245,0.896141960598977
"32",1.00943004214765,2.45850210139087,-1.30911438790285,1.23340398608442,1.54559292668933,-1.18133565065813,1.04840130455734
"33",1.61757272497804,2.11060953685894,0.867713138994348,-0.262114616166269,2.60159746931337,0.317452648291164,-0.0829016758654418
"34",0.303142168782734,2.98685412267554,2.27657052030944,-0.93573709140264,0.495979574647384,0.942885138037372,0.23958933696983
"35",-1.86873486152604,2.82193166028293,0.339714080936432,-0.00654467163460923,0.759648034065899,0.125738070806461,0.0414268008893448
"36",2.47249639055092,0.567211180671375,-0.56864852476611,2.42543591532597,1.89041439157244,-0.419938157584071,-1.35833697166633
"37",-3.96290774103632,-2.96080653657778,1.46716463300134,4.27366279140552,1.12669551270342,-1.14568629266166,1.62007538971008
"38",-0.698786353636211,3.2141568295296,-0.258458895077048,-0.0788901167333217,1.17231035858176,-0.369555408797425,0.731791943984541
"39",0.567935323094429,1.76675192297844,-4.85078747571892,0.56829309333799,-1.01937176938892,-0.0223589612392014,0.352799209001555
"40",4.9249039880423,0.085063137074248,-2.28293949058921,2.97389898310411,0.239704636789225,-1.52353431372626,0.279474053218032
"41",-1.77177894223511,2.22798493605375,2.37569289201809,1.19773553891777,0.729464382763268,-0.176731060910556,0.128574946288301
"42",-1.2615161531525,2.47648103188074,-1.54575511775093,-2.09818805634073,-0.92634057026749,1.805881506372,0.77464042937161
"43",-0.72495691493957,3.45003900571829,0.644578932001289,-0.200263616528461,0.456618345351807,0.258746894265024,-0.0603163481949397
"44",0.884848455599417,1.21244468135477,-3.1597968358646,1.81919474814873,0.489412413131048,0.387035479975768,-1.66519444868128
"45",1.90077831923498,1.93514178973556,3.75531841575499,-1.34104511653775,-3.12632754625462,1.68205564611702,1.10894065327483
"46",3.31541605550426,2.80796744025819,0.960588263319056,-1.12589992556865,0.410763519194182,0.144325440651387,0.527966154136121
"47",-0.0658016170096917,2.74496801396992,-2.53171357111151,-0.24751907328393,0.777292962716984,0.248174797996071,0.244063533300426
"48",2.53684501809346,-1.42325228211051,-4.64905167104406,2.52325505152325,-0.91235574851124,3.05513964938178,-2.0223125940799
"49",5.13858075095965,0.239250501838443,2.37028655577681,-4.44219498363363,0.311580110416166,0.895828807437009,0.0666354643722829
"50",-2.07231686525426,2.72689786809375,1.89292862116567,1.04421101531766,-0.0325143485080483,-0.488852371286781,-0.210149608863928
"51",-3.8911358035425,1.27804712841984,2.52982883637504,1.27225178229417,-0.619164229115004,-0.143186103402042,0.894237595893637
"52",4.39977034760082,-2.1111795179489,-0.528334991370026,3.08492872592795,2.53462193175675,-0.00930704412015691,-0.661764402474465
"53",0.819398627726918,3.47694728932574,0.091071771071985,-0.436119734219064,0.685473799706817,0.494622217346188,0.359590970721253
"54",-1.6368017056231,2.5038051561361,-0.394490489988646,0.250886653487409,0.435158183734393,-0.0208184105764415,-0.811330430684063
"55",1.54693642245802,1.16019748862251,-3.20747840008865,1.64216350283474,0.771348754256701,0.20791563487738,-0.0398631976545337
"56",8.25467808860453,-7.27097554005266,-3.74921156913429,5.57678831897202,0.921986332684529,1.11508308916124,-0.18889911583585
"57",-1.21483091812802,2.93988286788063,-0.697625261345875,-0.475989433868151,0.731004652001371,0.275846143240272,0.773237276977282
"58",1.22141894260785,0.434194738346545,-2.58136000820541,3.26589486176432,1.25861945415771,-1.04152804935187,-0.79572744533969
"59",5.23190058576186,1.28301067960864,1.76391107048285,-3.0803720292876,0.405737203672812,1.23812451095522,-0.372834149591168
"60",1.38873292752325,2.93991484972299,2.92375653349152,-0.0764371740328739,0.668349724694796,-0.65024963267609,0.286682812066768
"61",-3.37756039942048,2.25855394411824,-2.91640619512187,-1.88232842942182,-1.39651025401595,0.703683855181612,-0.998701425862439
"62",-0.282316658411113,0.420534267824957,3.65818707019738,2.35182019702813,2.01737276322259,-0.862570896393318,-0.0919856164850239
"63",-1.39140948275022,1.23506025324945,2.81768089530075,1.22823483863892,1.67516489212979,-0.0786387898678101,0.537581157412441
"64",2.5944613442268,2.35215828772588,2.08681284258128,-1.78166565952555,1.67976709441161,0.629723699127529,-0.399084736158767
"65",-5.09340537255252,-2.91587103155405,3.64625334900369,2.76656958798551,1.05376190629409,1.02902046722106,0.92777709100485
"66",-2.60623682020731,2.92166443750614,-2.38527902811488,-1.08853677934225,-0.586003644892775,-0.199899117998256,-0.69481847896764
"67",5.26680949321955,-1.6701652679939,-4.71587122535579,4.02482711347253,-0.80821135645995,-0.428772954922464,1.2520622338363
"68",2.84066287470685,2.12974033255187,-1.09558931886891,0.570815761347561,0.971261714376611,-0.227618716691634,1.47822940246769
"69",-1.79856238557318,3.12656715174553,0.8546372048815,-0.397330989196078,0.20816405628254,0.644876255828078,0.151047539924256
"70",-3.31802748238798,1.56202669648548,2.43464709451321,0.633684758021028,-2.24059939249073,1.75260110950129,-0.518885102921514
"71",0.609758738827213,2.54949383971109,-0.227973176292474,0.956386949486027,2.08757955471918,-0.791617390336059,0.309856687021362
"72",-0.847409919955451,3.02536934856077,-1.43637558177805,0.68969354566843,-1.40916921179889,0.63739614507086,-1.95108332912343
"73",-0.308383715776227,2.0940130133297,-2.32851028079425,0.328725451494413,-3.60183367620339,1.20221673847919,1.15490883083126
"74",-2.57084682259715,3.12432961115861,0.91757997149017,1.00128013868439,-1.10812632298151,-1.79758188500129,0.820193873976406
"75",-1.15399137011212,2.80323869603576,-1.07586386910826,1.22057128784437,1.25954634639726,-1.79271402970446,0.303163085553932
"76",2.75088622873151,-3.97172770208536,8.32613161123655,-0.0338683602428453,-8.83902545599573,3.00204899691944,-0.0860247134687096
"77",-7.35765556879934,-3.57518131510509,5.3445828194578,4.32793670402475,-0.578817164113415,-0.190678067896452,0.272968661479141
"78",-2.20369598622994,3.26075228069893,-1.60901641216446,-0.507602072688178,-2.62189892807264,0.0238110986493744,0.365048476920354
"79",-0.304113187571618,3.35494472343853,-1.88647341582377,-0.630305513240336,-0.639549529781522,0.497801027041218,0.376513635652549
"80",-5.83347809653438,-2.82030364276462,-1.66627564955359,-2.13822437888363,2.95554914416459,0.350860330603541,0.765897525268615
"81",-8.02492479902296,-1.54760007547997,-3.42296328428009,-6.52210227528345,1.07141742804727,0.598186939980748,-0.621323821452035
"82",-2.75756793117273,2.19757643350085,-3.96571552271066,-0.617097968076137,0.387835072729267,-1.94675224866943,0.293717943596551
"83",1.6962173010902,3.24887491531174,1.49223486190071,-0.739396589310751,0.401028659325539,-0.0488192392719567,0.750521396889145
"84",1.60566495561825,2.63536835780036,-0.211565690579777,1.14315327661374,1.19120293371585,-0.489662647656541,-0.059135547516045
"85",4.29986548224159,1.34983958272855,0.218060866214535,-1.1384816129085,1.3098004957264,0.605739222483546,-0.428034376020164
"86",0.980431008643825,3.41533571288603,-0.159554975914311,-0.0489203065119115,-2.71964157147387,1.2293991476054,-0.122781634554718
"87",-2.31965179422318,2.78155365055855,-0.826780411050181,-0.766572346110344,-2.89180851918709,1.28370011568885,0.204299050394458
"88",-5.53339780781401,-1.11441013590423,0.594601493137984,-0.928991022613891,0.932625564165199,0.0260833178964488,1.33375517521565
"89",1.89811426528058,1.02118674588494,-2.0829360626073,2.85258974671313,1.46771869853444,-1.20495911490558,-0.0158095937257191
"90",-0.457101011297282,1.91398354216134,-0.911407654348529,0.618868065414874,0.402555652143719,-1.02936341645085,2.95952318321215
"91",-3.90817739592226,-1.60050592506855,-3.52693752366213,-0.597125095634232,-6.62309196770023,3.05364802403357,1.71510336173105
"92",-2.79697155999066,2.1164606036723,-1.29269802131061,-0.0922277552649487,-4.69984731299912,0.587857204352244,1.28049649770011
"93",2.26625241076705,0.186648195599685,6.30425383898351,-3.18210765892408,-1.57603042503099,0.633696476839882,-0.356641624362471
"94",1.14772593032064,2.96332441451678,1.54002874400952,-0.721778538642536,1.42922725320663,0.465248256546007,-0.531513654266369
"95",-5.57683718727813,0.761008092900318,1.38239502283545,0.0723081953299987,-0.829982813099671,-0.0747457889899083,0.599537775003015
"96",4.97671058100386,-0.690394843407884,-0.487424789022791,0.084978555117835,1.92606535398621,0.845069337125253,-0.751799789393756
"97",-1.16706765941235,3.44601751771205,-0.59982305649335,-0.351336683589728,0.552847711849873,0.0642723121123579,0.0579579729134968
"98",-4.54091626038334,0.514321338402348,1.49925943817014,1.20997370766924,0.240392727171398,-0.590867194212481,0.91027615945848
"99",-1.05275761104272,3.4857328358503,0.449124146351521,-0.0471852886270666,-1.90933435066249,0.901642635062195,-0.131221943333943
"100",2.76110338272376,1.79615388305239,-1.07409170918578,0.0592930986347503,-4.50279868779789,2.31602431695595,0.812446516380504
"101",-3.97526340882651,1.23083807642134,3.88132485648316,2.47357128794622,-2.06065015443467,-0.971276978805942,-0.372501100770543
"102",11.1025262099557,-8.77779325721599,-1.66138085045995,-3.52182929942344,1.95739941847921,3.21436137885472,-0.116203344955623
"103",3.98739543656533,2.81736190849822,1.62064460737917,-0.990558389136887,0.159598857701686,-0.72361952017366,-0.23699173903894
"104",8.35010651439992,-3.03983457800229,2.88520855028346,-1.07000043386557,-0.407510899354262,-1.99631934414873,-2.90704076435949
"105",0.22790314242721,3.19477048829899,-1.673053884905,-0.139790286191922,0.644272130806135,-0.101901171831976,0.0737939212879857
"106",0.154258059200895,2.26153546216993,-1.91794693368288,-1.11560152578167,1.6875260862806,1.2092033814586,0.26115289581783
"107",4.69056275973492,2.41813036194077,0.654509742701374,0.102873320039008,-1.70978795361318,-4.5094413792065,0.461821908505618
"108",-8.31862287587819,-0.715083998328873,-7.77283460792582,-4.45082145164306,0.249944783472584,-3.25491121868708,-1.65766877059435
"109",0.374821054863666,-9.86111155916559,-13.1058010673162,5.87553062132227,-1.42038463832337,-0.739413990453601,-0.775167902269841
"110",-3.3886977715317,2.58695111303162,-2.37149875630102,-1.85115951887659,-0.303021580135557,0.222679679405327,-0.487425972972798
"111",2.27026619961828,3.32470031664155,-0.270563834125171,0.408307310845372,0.30146040430803,-0.583354148003133,-0.539893823424157
"112",0.25726899473299,1.70693170634985,2.89464547510128,-1.05697375227931,1.13867434480575,-0.0817673924432025,-2.10060233817642
"113",-1.12702940895875,-2.01866600880116,-1.6622930213092,4.9871387125832,3.64482653801139,-3.23193406940207,0.362528533700942
"114",1.66508302119838,2.57020233966585,3.58098043720408,0.325226886589514,-1.51210944514729,-3.79564546340734,-1.69162668171489
"115",0.919854759670608,2.13203197753704,0.866830469634778,0.90762012943068,1.96934442642082,-1.66079772269688,1.78157854929373
"116",-0.437187454252964,-1.50059793730027,3.80855010421161,-3.49214752216503,1.94830209161411,3.90420806186575,-2.42548654453693
"117",-11.4551736867502,-3.56885055398079,-2.09415451099281,-4.78829943028544,-1.44850044625177,-0.158899371969711,-0.834749603428571
"118",1.50055180627977,2.45473821492492,-3.33550435866881,0.874001049140592,-1.84633424492547,-0.707266706881964,0.590309340971961
"119",-6.73685358020557,-3.23348371296177,1.44070736077118,0.93049988721092,1.85617674352634,0.0793304997447359,-0.527091136046
"120",19.8899664704326,-15.7675900628857,8.08716125133904,-13.25886353387,-4.19822012331928,-4.49856708017745,0.559124171379382
"121",-2.12448116951181,-0.28358169823556,-4.30277217066314,1.81122746743358,1.79765430766557,-1.74246099796191,-0.979446913139134
"122",3.96704405853786,-0.121923794432282,2.06250811096808,-3.52825084985185,3.17468543951641,0.634108249311934,-0.514829552845625
"123",7.25857757924223,-1.76808944913846,-2.47467284009233,2.41192110887478,-1.5335595201226,-1.20026734416969,-1.55190909837507
"124",-2.88774720007033,-3.3833088371544,5.47591927805677,3.62528363446092,1.74797669266324,0.818918575611024,0.204100639452625
"125",-2.59097899511196,3.02888519586882,-1.1098312250939,0.274608812896155,0.327680015806147,-1.40285449906326,-0.26335962827574
"126",8.90573252793129,-8.60668610510251,-1.13615018757199,0.525456612609631,4.09513471111281,0.474896561960501,-0.606289315769898
"127",-3.37414080585278,1.03877747767893,-1.94324260175828,-2.56568546846497,1.83915522876408,-0.61784830670913,0.489548154319117
"128",-1.87071683440377,-0.38964369361394,5.54274586567856,1.51408500383053,-0.112638598882464,-0.132019472561411,-1.27671455133861
"129",-2.53286451040147,1.78432048891601,-3.26277049598148,-1.61817579795258,-1.0265306100347,0.520683988537961,-3.83608743186547
"130",-15.9955746936434,-10.9259769625935,-2.62280837817873,-4.74547186541105,-0.339080746078699,-2.48029933119766,-0.520454494009202
"131",3.44501485436119,-2.77233295742425,-7.1488298288742,3.30478035141114,-1.79181269166848,1.62289319056744,-0.876437475310438
"132",-4.44908446648928,-2.0605620613447,-8.0018618538071,-1.66542576216043,-11.0237625841297,-3.33288035395796,-2.93465418562436
"133",-2.10843210228766,1.48530472064109,1.99409486903553,-0.789693185978453,-1.12545538533619,1.1387115094423,0.0328586212406268
"134",16.1552709540232,-14.1181577943059,-0.708561721471332,-2.8640344452108,-1.23584618457799,-1.33465154838023,0.782438149016299
"135",-8.47474977033959,-3.7435535456541,-0.123610706758001,1.98176908931679,0.00289433807181032,-2.70693201975323,-0.501836362272004
"136",-5.44893261139138,0.149064869571727,-2.66554123818974,-5.10858984758583,0.117617501739629,1.62446783120644,-0.0158679827981477
"137",-1.51707841525188,2.0096512137795,-0.320588462536917,0.730078248006029,1.99816382733317,-0.486977560705756,-1.55506909748283
"138",5.62274940048734,-5.67934776574733,0.750576833754344,-0.669974282801842,3.50293776732364,-0.56622316702775,-2.58858756710418
"139",-12.7709780361481,-9.5631637745616,-3.38694089655181,-11.251422993438,-0.17781390856947,0.972144904106168,1.54889152090599
"140",6.47591980028687,-3.77561742521132,-5.22130399139351,2.67587942596838,-3.17199757741288,2.24367742967608,4.80900890527504
"141",-1.25818991962535,1.1313551563319,2.44060058032398,-0.323950576829673,1.13253394711025,0.111022508104334,2.96142495344832
"142",4.05167626136595,1.20971597913943,-1.33907744478467,-0.622286995641234,-0.550709438791752,-0.290701279018254,2.32674494337454
"143",-9.62394066560116,-10.3417776268613,-3.64811500601438,-11.9254578231128,5.1924568666427,1.00928770586951,0.282367081359274
"144",-7.32692750125493,-5.28499818229396,9.57761646852819,5.41836077347726,-4.91867542685053,-2.41504671050576,-3.78707206336573
"145",8.11599233201135,-0.891510082270422,2.71328388235768,-3.4219936022574,-1.7041388819506,-3.26471409341356,3.09069696883838
"146",-12.6048804480529,-22.3500891749099,3.12188217777801,6.50745445173834,2.37758772868903,-1.09202862575453,3.18057851271813
"147",-1.53668849719247,0.660742696002428,-1.42631837572806,-3.78947485909606,3.73678975195115,2.90031468118398,-0.0188748496360048
