"","RiskF","indexes"
"1",269.729934427424,2
"2",40.1874851552049,6
"3",26.3200648789801,28
"4",105.145685959356,122
"5",38.1876882920032,125
"6",68.0133196647143,156
"7",12.2896398141594,160
"8",13.1855533181281,218
"9",26.6211854842257,266
"10",20.9894883491316,325
"11",24.1948911813937,398
"12",31.991372155514,408
"13",67.4660622339479,511
"14",17.0939505794445,531
"15",21.7526344640536,539
"16",685.929131356967,633
"17",15.9158309911477,660
"18",15.5849820140933,707
"19",31.795255935556,763
"20",29.0144292972517,831
"21",22.1433227588151,833
"22",18.3745553095468,836
"23",31.2931735220487,871
"24",11.9564215928684,920
"25",13.1244858325263,957
"26",16.1788477342349,971
"27",7968.60452237664,1180
"28",12.826232304327,1233
"29",14.600117508763,1248
"30",18.4732122874087,1250
"31",15.6230971970912,1255
"32",16.6410100265416,1278
"33",95.9588985295929,1402
"34",13.2122838938078,1457
"35",18.0166263629342,1492
"36",37.2622808909748,1494
"37",37.8005325265202,1518
"38",12.5333833932473,1519
"39",11.7284647117859,1522
"40",13.8452576717055,1524
"41",26.5697168087031,1616
"42",50.6826133004646,1636
"43",12.0731107635525,1641
"44",38.2388012951434,1646
"45",28.8903107188499,1683
"46",26.0170145223796,1769
"47",14.3306992212604,1881
"48",228.065381634992,1920
"49",159.860007272284,1980
"50",15.4874445292284,2040
"51",43.9642220529574,2072
"52",12.2242448053192,2083
"53",34.1114377496695,2184
"54",16.6630235005359,2185
"55",40.8759386131464,2199
"56",34.9334950414579,2201
"57",12.4095686581318,2203
"58",23.2313004815803,2226
"59",108.872347303086,2249
"60",26.5852529607906,2327
"61",19.8215732584913,2330
"62",25.9846630101229,2355
"63",21.5369646658055,2419
"64",32.494957420952,2428
"65",91.6286161554926,2433
"66",14.2740313583048,2442
"67",13.5232870346748,2483
"68",11.8688024580567,2488
"69",13.6874545458511,2495
"70",84.2975935990285,2545
"71",58.3665278145762,2588
"72",14.8036976220151,2593
"73",298.017493289212,2598
"74",42.5540054669182,2600
"75",12.2972193676097,2605
"76",444.066240772743,2726
"77",19.9842392841125,2730
"78",16.5988502582102,2735
"79",14.8557659004078,2865
"80",24.5223428707069,2954
"81",422.167940594017,2971
"82",15.2547602402833,3007
"83",14.2355536729759,3013
"84",15.212716528772,3021
"85",13.6380406535878,3089
"86",39.2771486190349,3180
"87",32.0436495150205,3193
"88",21.4509019846911,3249
"89",21.7830344779349,3254
"90",37.156137780521,3281
"91",55.6867237928897,3414
"92",30.9212366638244,3424
"93",118.749528916577,3433
"94",19.496000602652,3512
"95",14.8526347194803,3549
"96",25.2260742778408,3565
"97",25.5598636933494,3667
"98",201.395263775265,3671
"99",15.038390678531,3809
"100",83.6918043410149,3826
"101",85.689373429651,3838
"102",24.7604771833729,3865
"103",11.8580740588385,3936
"104",212.944999451115,3949
"105",28.3920901817466,3965
"106",65.6085912181248,3970
"107",16.9378316938364,3973
"108",144.306190069859,3985
"109",688.798868832176,4008
"110",23.8016868786746,4025
"111",13.7214854533345,4080
"112",36.6687707922753,4108
"113",22.7924251599128,4116
"114",42.6815944257659,4134
"115",13.7039468652945,4199
"116",25.1802344230538,4205
"117",18.4711253952375,4209
"118",17.2284680639835,4253
"119",49.8013392475397,4264
"120",1410.66448896128,4268
"121",14.8276220161246,4326
"122",139.961865629967,4333
"123",12.7311713411303,4359
"124",12.3625674769132,4370
"125",15.2033067449298,4412
"126",144.633429251555,4491
"127",12.8966979450824,4632
"128",14.3243463055343,4660
"129",12.6861894327231,4744
"130",281.919072269425,4762
"131",1530.21907496937,4764
"132",611.906059458988,4786
"133",25.8703078631209,4788
"134",151.888424303897,4791
"135",18.665511407898,4862
"136",13.2159218887153,4867
"137",16.8861337468363,4878
"138",12.2068996117878,4908
"139",159.402529639424,4909
"140",29.5082539739413,4928
"141",105.833314509539,5037
"142",69.9431987989679,5042
"143",451.267777873805,5060
"144",443.574342505805,5064
"145",33.3905466203747,5080
"146",1893.06355507866,5092
"147",67.050998099655,5147
