"1","2","3","4","5","6","7","8","9","10","11","12","13","14","15","16","17","18","19","20","21","22","23","24","25","26","27","28","29","30","31","32","33","34","35","36","37"
0.379991127135737,0.379991282853675,0.379991509886547,0.37999141954091,0.379991312119534,0.379990975268645,0.37999085212554,0.379990661284706,0.379990637516657,0.369990500350678,0.369990465045362,0.369990506205917,0.369990838325302,0.359991202816655,0.359991458172499,0.35999162620412,0.359991943761904,0.359992404771349,0.359992762469295,0.35999307670867,0.359993550188831,0.359994048549544,0.359994693935538,0.359995157368584,0.349995522962329,0.349995917324767,0.349996051134368,0.349996106067303,0.33999615190814,0.339996098566227,0.339995950123135,0.339995856654539,0.339995758821979,0.33999570273498,0.33999587903915,0.339996166724951,0.339996481648406
0.279975916511285,0.279976339174262,0.279976955406341,0.279976710182469,0.289976418610164,0.289975504300609,0.289975170055036,0.289974652058489,0.299974587545211,0.299974215237556,0.299974119408841,0.299974231130346,0.299975132597249,0.299976121930922,0.299976815039641,0.299977271125468,0.299978133068025,0.299979384379375,0.299980355273801,0.299981208209245,0.299982493369684,0.299983846063048,0.299985597825031,0.289986855714727,0.289987848040608,0.28998891845294,0.289989281650428,0.279989430754109,0.279989555179236,0.279989410394044,0.279989007477079,0.279988753776606,0.269988488231085,0.269988335994946,0.269988814534835,0.269989595396295,0.25999045018853
0.449892258076802,0.449894148937489,0.44989690576521,0.449895808711047,0.449894504308629,0.449890413976408,0.449888918667269,0.449886601314292,0.449886312702261,0.44988464711538,0.449884218407971,0.449884718214705,0.449888751092954,0.449893177059386,0.449896277808918,0.449898318192881,0.439902174251693,0.43990777222352,0.439912115698584,0.439915931462413,0.429921680864374,0.429927732387318,0.429935569217245,0.419941196618513,0.419945635971139,0.409950424657888,0.409952049488758,0.409952716531538,0.409953273170266,0.409952625447036,0.409950822923775,0.409949687947971,0.409948499981168,0.409947818924758,0.409949959761105,0.409953453088688,0.409957277159214
0.13953480840219,0.139542972471276,0.139554875480377,0.139550138787695,0.139544506838436,0.13952684622755,0.139520390010443,0.139510384498177,0.139509138373293,0.149501946956993,0.149500095949709,0.149502253938787,0.149519666483696,0.149538776244641,0.159552164186739,0.159560973844556,0.159577622945543,0.159601793012138,0.159620546604474,0.159637021725948,0.159661845614412,0.159687973954654,0.159721810620338,0.159746107752874,0.159765275310683,0.159785951169938,0.159792966616166,0.159795846671463,0.159798250041031,0.15979545340073,0.159787670741477,0.159782770316534,0.159777641095162,0.159774700533956,0.15978394390971,0.159799026865274,0.159815537852133
0.289405518094352,0.279415951196262,0.279431162398628,0.279425109240951,0.279417912008791,0.27939534299924,0.269387092411166,0.269374306075327,0.269372713616007,0.259363523495449,0.259361158039274,0.249363915796433,0.24938616779524,0.239410588715904,0.23942769755744,0.239438955676012,0.239460232047574,0.239491119680362,0.229515085442775,0.229536139480843,0.22956786265166,0.229601252819435,0.229644493681032,0.229675543695089,0.22970003847605,0.229726460759403,0.229735426002675,0.229739106509309,0.21974217784535,0.219738603937173,0.219728658250007,0.219722395854099,0.209715841072564,0.209712083243666,0.209723895623035,0.209743170571699,0.20976427044319
0.219318057003756,0.229330025039636,0.229347474137446,0.229340530429918,0.229332274329914,0.229306384933029,0.229296920505772,0.229282253024575,0.229280426280196,0.229269884094993,0.229267170629274,0.2292703341119,0.229295859858933,0.229323873622934,0.229343499543503,0.229356413973763,0.229380820557771,0.239416252426513,0.239443744068685,0.239467895609155,0.239504285941563,0.239542588522081,0.239592191045619,0.239627809185411,0.239655907676151,0.239686217246394,0.239696501470019,0.239700723458439,0.239704246654155,0.23970014694712,0.239688738035189,0.239681554305982,0.239674035174924,0.23966972448847,0.239683274723226,0.239705385431927,0.239729589548904
0.328762869211274,0.328784580741049,0.318816235609939,0.31880363884684,0.31878866123791,0.318741694599697,0.318724524932405,0.30869791626763,0.308694602322437,0.308675477466009,0.308670554896229,0.298676293853558,0.298722600784978,0.29877342129365,0.298809025194161,0.29883245360296,0.288876730231198,0.288941008119473,0.288990881433153,0.289034695380177,0.279100712042687,0.279170197764964,0.269260183012126,0.259324798819631,0.249375773033315,0.239430758424685,0.229449415306206,0.229457074526834,0.229463466049172,0.219456028662433,0.219435331454172,0.219422299261409,0.219408658607296,0.209400838477224,0.209425420315741,0.209465531935987,0.209509441263439
0.458447248753905,0.458474499393223,0.458514230145671,0.458498419659199,0.458479620918484,0.458420672012939,0.458399121969463,0.458365724823614,0.458361565414944,0.45833756136871,0.458331382938402,0.45833858603546,0.458396706927867,0.458460492914674,0.458505180187344,0.458534585720928,0.458590158333215,0.458670834986019,0.458733432126652,0.458788424017128,0.44887128304538,0.448958496170165,0.449071438719113,0.449152539502098,0.449216518407593,0.449285531834261,0.449308948514449,0.449318561778045,0.449326583924422,0.449317249089631,0.449291271548525,0.449274914544289,0.449257793846248,0.449247978621516,0.449278831851211,0.449329176866377,0.449384288471017
0.158105009703745,0.168138266606423,0.168186754341044,0.168167459094288,0.16814451695766,0.168072575232117,0.178046275383141,0.178005517233716,0.178000441057421,0.177971146323446,0.177963606116662,0.177972396835112,0.178043328046662,0.178121172985663,0.178175709698024,0.178211596451255,0.178279417720944,0.178377876166611,0.178454270228036,0.178521382780087,0.178622504614566,0.178728940223997,0.178866776232713,0.178965752290315,0.179043832668858,0.179128057218139,0.179156635125797,0.179168367231165,0.189178157524091,0.189166765215509,0.189135062012282,0.189115099790785,0.189094205551135,0.189082226970748,0.189119880504131,0.18918132197162,0.189248580623813
0.288055575174277,0.28808969964833,0.288139452280375,0.288119653679356,0.298096113052208,0.298022294585999,0.297995308654005,0.307953487248509,0.317948278650223,0.317918219705797,0.327910482797966,0.337919502839507,0.337992284430488,0.338072160107029,0.338128119516233,0.348164942445635,0.348234532965838,0.348335559892697,0.34841394684268,0.358482810156958,0.358586569952337,0.358695782142884,0.358837213873567,0.35893877191528,0.369018889173263,0.369105310884699,0.379134634302992,0.379146672463282,0.389156718155154,0.389145028655913,0.389112498412602,0.389092015437501,0.38907057613073,0.389058285065637,0.389096920865108,0.389159965153488,0.389228978379217
0.137971916739794,0.138007509411556,0.138059402639244,0.138038752207934,0.138014198750673,0.137937204261798,0.137909057266237,0.137865436504312,0.137860003807273,0.137828651583621,0.137820581797096,0.137829989923866,0.137905902926193,0.137989215235493,0.13804758228551,0.138085989513048,0.138158574149505,0.138263947736841,0.138345707267463,0.138417533410126,0.128525757447027,0.128639668467154,0.12878718526578,0.128893112819067,0.128976677103794,0.129066817089647,0.129097402141321,0.129109958240711,0.129120436146184,0.129108243708906,0.129074313859298,0.129052949608867,0.129030587880814,0.12901776799545,0.129058066091378,0.12912382284588,0.1291958053499
0.257949100803116,0.257985093892436,0.258037570918935,0.258016688170273,0.257991858486618,0.257913997809743,0.257885534160483,0.257841422664985,0.257835928850105,0.267804223913937,0.267796063342313,0.26780557731051,0.267882344334113,0.277966593906892,0.278025617586222,0.27806445689507,0.278137858108687,0.278244417148881,0.288327096474222,0.28839973066099,0.288509172218306,0.288624364737409,0.29877354110002,0.298880660338281,0.298965164721212,0.299056318781906,0.299087247915411,0.299099945270919,0.299110541052829,0.299098211450631,0.299063899890215,0.299042295291966,0.299019681994473,0.299006717885399,0.299047469334906,0.299113965852897,0.299186758160086
-0.0423056771564471,-0.052265212737737,-0.0522062166245095,-0.0622296935836053,-0.0622576077953289,-0.0623451409048687,-0.0723771405204463,-0.0724267318741606,-0.0724329081716062,-0.0724685517308708,-0.0724777260694265,-0.0724670302053047,-0.0723807266107841,-0.0722860109291494,-0.0722196548891606,-0.0721759906723532,-0.0720934710137812,-0.0719736744166784,-0.0718807240503027,-0.0717990667043629,-0.071676029502411,-0.0615465269114047,-0.0613788187509661,-0.0612583923638235,-0.0711633902176239,-0.0710609123212076,-0.0710261409405854,-0.0710118662250915,-0.0709999541563071,-0.0810138154334377,-0.0810523894312107,-0.0810766779134196,-0.081102100403,-0.0811166750101731,-0.0910708611123649,-0.0909961039020897,-0.0909142687928324
0.077591651128505,0.0776339174262231,0.0776955406341022,0.0776710182469214,0.0876418610164239,0.0875504300608848,0.087517005503657,0.0874652058488702,0.087458754521137,0.08742152375555,0.0874119408840515,0.0874231130345911,0.0875132597248545,0.0876121930921474,0.0976815039640433,0.0977271125467448,0.0978133068025375,0.0979384379374992,0.0980355273801127,0.108120820924525,0.108249336968345,0.108384606304745,0.108559782503114,0.108685571472642,0.118784804060756,0.118891845293956,0.118928165042819,0.118943075410845,0.128955517923593,0.128941039404326,0.128900747707916,0.138875377660529,0.138848823108466,0.148833599494597,0.148881453483511,0.148959539629483,0.149045018853006
0.40709730583383,0.40714824784529,0.407222520027418,0.407192964097605,0.4071578219619,0.407047623599698,0.407007338212302,0.416944905996796,0.41693713044916,0.416892257579058,0.416880707697094,0.416894173078533,0.417002823563114,0.417122064305799,0.417205602146136,0.41726057249055,0.417364459251479,0.427515275198354,0.427632293526557,0.427735094693243,0.427889990346058,0.428053025493614,0.438264158911648,0.438415767722289,0.438535369104805,0.438664381959557,0.448708156814766,0.448726127732018,0.448741124234226,0.448723673808371,0.44867511171112,0.44864453412769,0.448612528904414,0.448594180443487,0.448651857093284,0.448745971448166,0.448848996407044
0.176975620838217,0.177028698409983,0.177106084185773,0.177075289230081,0.167038673886941,0.166923855855406,0.166881881648277,0.166816832187055,0.166808730677596,0.156761976674075,0.156749942604919,0.156763972473965,0.156877177738686,0.147001417219928,0.147088457083267,0.147145731861333,0.14725397370045,0.147411112062565,0.147533035962605,0.14764014669785,0.147801535792879,0.147971405601643,0.148191390027595,0.148349354491433,0.148473969731033,0.148608390984936,0.148654000943245,0.148672725226461,0.148688350402997,0.138670168430906,0.138619570542678,0.128587711104222,0.128554364177263,0.128535246523214,0.128595341058767,0.128693400818919,0.128800744728038
0.276838725218153,0.276894205295263,0.276975093863922,0.276942905004117,0.276904632302611,0.276784617143077,0.276740743013748,0.276672749151096,0.276664280934587,0.276615410655969,0.276602831876223,0.276617496793826,0.276735826186204,0.276865689248324,0.276956668887539,0.277016536153464,0.277129677455541,0.277293928534802,0.277421371203158,0.277533330203034,0.277702024420554,0.277879583223176,0.278109525033035,0.27827463960672,0.278404895435539,0.278545401138487,0.278593075587785,0.278612647407709,0.278628979842864,0.278609974881257,0.278557086728181,0.278523785202821,0.268488928859218,0.268468945862907,0.268531760519935,0.268634258861016,0.268746461589157
0.406686618973638,0.40674476850113,0.406829549061865,0.406795811419712,0.406755697208912,0.406629907462712,0.406583922308715,0.406512656888919,0.396503781220133,0.396452559524741,0.396439375511006,0.396454746038116,0.386578768905668,0.386714880390986,0.386810237558952,0.386872985366943,0.376991570516754,0.377163724615065,0.377297299248218,0.377414645208793,0.37759145622908,0.377777558358212,0.378018563927968,0.37819162306815,0.378328146218324,0.378475412420211,0.378525380748384,0.368545894275762,0.368563012553828,0.368543093159425,0.368487660267628,0.358452756423486,0.358416222950279,0.358395278462566,0.358461115476788,0.358568545574457,0.348686146990399
0.0363862091407198,0.0364496308327169,0.0365420980778029,0.0365053015905119,0.0364615503988551,0.0363243558439909,0.036274201416277,0.0361964746711205,0.046186794284085,0.0461309285405648,0.0461165491897004,0.046133313295589,0.0462685807766105,0.0464170328977433,0.0465210356849934,0.0465894725635628,0.0467188093126496,0.0469065718735843,0.0470522571372111,0.0571802423451683,0.0573730840509213,0.0575760592499093,0.057838915745462,0.0580276654044744,0.0681765665143233,0.0683371847016147,0.0683916834405668,0.0684140568401672,0.0684327271579816,0.0784110017588064,0.0783505430080363,0.0783124745842993,0.0782726287801246,0.0782497853468919,0.0883215915165736,0.088438761833503,0.0885670256578531
0.186158049773947,0.186225475641517,0.186323780874718,0.186284661213904,0.186238147758306,0.186092291323443,0.186038970358729,0.185956336277856,0.185946044712403,0.185886651843722,0.185871364641874,0.185889187162024,0.186032994855807,0.186190819611736,0.186301388692113,0.196374146383781,0.196511648904469,0.196711265993979,0.196866149204801,0.197002214853807,0.197207231763712,0.197423021952464,0.197702474087862,0.197903140596619,0.1980614426885,0.1982322016242,0.198290141181465,0.198313927142247,0.198333776224427,0.198310679176058,0.198246403317207,0.198205931415297,0.198163569916716,0.19813928424638,0.188215623951854,0.188340191903665,0.188476553759717
0.105937495719399,0.106008792290024,0.106112740911736,0.116071375516517,0.116022191872441,0.115867962286914,0.115811580336432,0.125724202497699,0.125713320126444,0.125650517703441,0.125634352912308,0.125653198566244,0.125805261799031,0.125972146768596,0.126089063265662,0.126165997743325,0.126311393843228,0.12652247031036,0.126686244870137,0.126830121612159,0.127046907886076,0.127275085898267,0.127570580485516,0.127782766615693,0.137950156323538,0.138130717982699,0.138191983664334,0.128217135100925,0.128238123655325,0.128213700679402,0.128145734949406,0.128102939685261,0.128058146348755,0.128032466515885,0.128113188639291,0.128244907638154,0.138389097591518
0.26553061151532,0.265609048865717,0.265723408566234,0.255677900178234,0.255623790496795,0.255454113891937,0.255392084950471,0.245295955696377,0.245283983390278,0.235214890927405,0.23519710713535,0.23521784029472,0.225385133573598,0.225568733075217,0.215697359461693,0.21578199938938,0.205941957781972,0.206174174825064,0.196354352390672,0.196512639252565,0.196751137973886,0.19700216938449,0.187327259529463,0.187560697375018,0.187744852167486,0.18794349816131,0.188010899968937,0.178038570472967,0.178061661157153,0.178034792073501,0.177960019167428,0.16791293770054,0.167863658042343,0.167835406219972,0.167924213148874,0.168069124596609,0.158227756039842
0.535511598234756,0.535590369266451,0.535705215465977,0.535659513480183,0.525605173610083,0.525434775181891,0.525372482362342,0.525275944163605,0.525263920925972,0.515194534536001,0.515176675089698,0.515197496450256,0.515365501413531,0.50554988196805,0.50567905554562,0.505764055541065,0.495924694414624,0.496157899335097,0.486338843396305,0.486497803628285,0.486737316949952,0.486989416276369,0.48731588939133,0.487550320307697,0.487735258515334,0.487934749571525,0.488002438114011,0.478030226331474,0.468053415246023,0.468026431858272,0.457951340859859,0.447904059103123,0.447854569803725,0.437826197794929,0.42791538251848,0.428060910435789,0.418220216714997
0.175317662772999,0.175399837353931,0.185519645843355,0.185471969160067,0.185415281365616,0.185237520339426,0.185172535963426,0.18507182652933,0.185059283790042,0.184986899343685,0.184968268224045,0.184989989236726,0.185165253380848,0.185357600674943,0.185492355601671,0.18558102828825,0.18574860806767,0.185991889337433,0.186180651653756,0.186346480260628,0.186596342505824,0.186859334573541,0.18719991398237,0.18744447422102,0.187637403263385,0.187845513955722,0.187916127193775,0.187945116088242,0.187969306952502,0.187941157662936,0.187862822122654,0.187813497409471,0.187761869769828,0.187732271859494,0.187825310088468,0.187977125995426,0.188143315601582
0.225264425587418,0.225347534475984,0.235468705162635,0.235420486405525,0.245363154082821,0.255183371951298,0.255117648716665,0.265015794237568,0.275003108889983,0.274929901447755,0.284911058496219,0.294933026472228,0.295110283332661,0.305304817574875,0.315441104636666,0.315530785512968,0.315700270639095,0.325946317965525,0.326137226469527,0.336304940512644,0.336557643638808,0.336823625870804,0.337168077595597,0.347415418432521,0.347610541037359,0.347821017904326,0.347892433999985,0.34792175249206,0.33794621840134,0.337917749060295,0.33783852286146,0.337788637336704,0.3377364227017,0.337706488269375,0.337800584323367,0.337954126345131,0.338122205492016
0.235245412306854,0.235328854876717,0.235450512062378,0.235402099707475,0.235344537196108,0.235164033241252,0.235098046128536,0.234995782704796,0.234983046425676,0.234909545056352,0.234890626450567,0.234912682627764,0.235090651172594,0.235285966467708,0.235422800720593,0.235512841664652,0.235683007271746,0.235930042475558,0.236121717475159,0.236290104888364,0.236543822614874,0.236810872762683,0.237156707457463,0.237405041365199,0.237600947385207,0.237812269314541,0.23788397214506,0.237913408350567,0.23793797249021,0.237909388845066,0.237829844553891,0.237779758739287,0.227727334463082,0.227697279844332,0.227791753692973,0.227945912184311,0.218114666167172
0.0152225963701765,0.0153064393575973,0.0254286803420691,0.0253800356698139,0.0253221969320536,0.0351408267891974,0.0350745230227808,0.0449717688654693,0.044958971468508,0.0448851173866674,0.0548661079957843,0.0548882700144073,0.0550670925805138,0.0552633451391071,0.0554008360213048,0.0554913090466742,0.0556622912309282,0.055910511887597,0.0561031066819181,0.056272302139228,0.056527237386153,0.0567955690329386,0.0571430632917033,0.0573925888844139,0.0575894350026251,0.0578017710067996,0.0578738179191498,0.0479033953807751,0.0479280773968546,0.047899356586791,0.0478194305848084,0.0477691044223865,0.0477164285767413,0.047686229734281,0.0477811569365015,0.0479360551913269,0.0481056189773582
0.175138937935693,0.175224249120824,0.185348630700938,0.195299134198391,0.195240282630519,0.205055736464997,0.204988271635013,0.204883718121272,0.204870696625558,0.204795549264492,0.214776206994915,0.214798757098767,0.214980711076219,0.215180400267571,0.215320298790582,0.215412356114087,0.215586332414595,0.215838899731742,0.216034867106701,0.216207025392396,0.216466424880843,0.216739455357209,0.217093034683917,0.2173469297882,0.217547222933157,0.217763277211748,0.217836585757479,0.217866681158204,0.217891795387885,0.217862571639783,0.217781246031504,0.217730038593752,0.217676440326825,0.217645712664093,0.217742302162771,0.217899912883719,0.218072445948042
0.054868949351678,0.0549589988112374,0.0550902886772873,0.0550380430860724,0.0549759228392022,0.0547811267823483,0.0547099148835809,0.0545995543559087,0.0545858096324013,0.0445064885065613,0.0444860719466529,0.0445098745073814,0.0447019344032687,0.0449127145457961,0.0450603831823406,0.045157553468012,0.0453411925982481,0.0456077877742088,0.045814639386682,0.0459963595276187,0.0562701663409783,0.0565583612218985,0.0569315787224237,0.0571995754322387,0.0574109930725992,0.0576390472368068,0.0577164274175426,0.0577481943489991,0.0577747034498454,0.0577438565835315,0.0576580140640234,0.0576039625104326,0.0575473873384582,0.0575149530284875,0.0576169072111854,0.0577832718000772,0.057965387535247
0.444667408577695,0.444760995059011,0.444897441814562,0.434843144086736,0.43477858384005,0.434576136455865,0.434502127449413,0.424387432108525,0.424373147510749,0.424290710757684,0.424269492262739,0.424294229756066,0.424493833506559,0.424712892809823,0.424866361671963,0.424967348675871,0.425158200904355,0.425435267580557,0.415650244046386,0.41583910191025,0.416123663487277,0.416423178275822,0.41681105525821,0.417089578518633,0.417309300359789,0.417546312185091,0.417626731755336,0.41765974644917,0.417687296791872,0.417655238302104,0.417566024003791,0.417509849377814,0.417451052009114,0.417417343723035,0.417523302529016,0.427696201695387,0.427885470691893
0.0644582624914862,0.0645555194670776,0.0646973177117342,0.0646408904081789,0.0645737980862134,0.0643634106453624,0.0642864989799941,0.0641673052480318,0.0641524604033741,0.0640667904522445,0.0640447397605648,0.0640704474669644,0.0642778797458229,0.0645055306309834,0.0646650185951564,0.0647699663444043,0.0649683038635229,0.0652562371909191,0.0654796451083433,0.0656759100431692,0.0659716322240013,0.0662828940864971,0.0666859837387441,0.0669754307780996,0.0672037701861175,0.0674500776974604,0.0675336513511602,0.0675679608927431,0.0675965917694476,0.0675632759345849,0.0674705626205312,0.0674121848062281,0.0673510813843229,0.0673160510475661,0.0674261655946894,0.067605845926368,0.0678025381186017
0.234325169527535,0.234424762272211,0.234569966009935,0.234512183521825,0.244443479879226,0.244228039675043,0.244149280863091,0.244027224518627,0.254012023153226,0.25392429571242,0.253901715440999,0.253928040555718,0.254140454625354,0.254373572880812,0.254536891182643,0.254644359406198,0.254847460292084,0.255142308761149,0.255371082147771,0.265572060673209,0.265874885056462,0.266193622329654,0.276606392771811,0.276902791306851,0.277136614621054,0.287388837568968,0.287474418366684,0.29750955190229,0.297538870391541,0.297504754427982,0.297409814467548,0.29735003462431,0.297287463714001,0.297251592072267,0.297364351181936,0.297548346800629,0.297749762844689
0.484317564215309,0.484417290432504,0.484562688769832,0.484504828842604,0.484436033124541,0.484220304191025,0.484141439827839,0.484019219905518,0.484003998167504,0.473916153155858,0.473893542622738,0.473919903017933,0.474132601761328,0.464366032437946,0.464529569616214,0.464637181866872,0.464840554945145,0.465135798565162,0.465364878550024,0.465566126423497,0.465869356646889,0.466188521086406,0.466601844716558,0.466898640479922,0.457132777160193,0.457385338133055,0.457471033624714,0.457506214245692,0.447535572027089,0.44750141034189,0.44740634314452,0.447346483185343,0.447283828418554,0.43724790870225,0.437360818929779,0.437545061136301,0.437746747114751
0.094298550934745,0.0943986108332377,0.0945444956695746,0.0944864421445537,0.0944174162378289,0.0842009654809789,0.0841218372397103,0.0839992083727464,0.0839839357031969,0.0838957967644547,0.0838731105770861,0.0838995591734688,0.0941129696012606,0.0943471813307784,0.0945112657001403,0.0946192380185568,0.0948232915777965,0.0951195230751954,0.095349369555656,0.0955512907992166,0.0958555356229547,0.0961757679782854,0.0965904745784243,0.0968882634126011,0.0971231835080414,0.0973765895432701,0.0974625717697892,0.0974978701041991,0.0975273261159596,0.0974930501266612,0.0973976648369509,0.0973376045879263,0.097274740179937,0.0972387002772078,0.0973519882993854,0.0975368469754811,0.0977392077899064
0.0441882739074712,0.044290269157491,0.0444389756880835,0.0443797992958601,0.0343094382948967,0.0340888009627142,0.0340081422285619,0.0338831414826683,0.0338675734102174,0.0237777296943141,0.0237546047123032,0.023781564875579,0.0239991030728723,0.0242378449092083,0.0144051029869149,0.0145151636983288,0.0147231640471758,0.0150251252333861,0.0152594173883243,0.00546524417839222,0.00577537368413673,0.00610179995118691,-0.0034754722227489,-0.00317192357786212,-0.0129324596744399,-0.0126741522774804,-0.0125865069887765,-0.0125505259164623,-0.0225205001685916,-0.0225554391216671,-0.0226526693469498,-0.0227138912770916,-0.0327779716040438,-0.0428147085880397,-0.042699229356896,-0.0525107951572742,-0.0523045202941929
0.0341806685952455,0.0342827973177844,0.0344316984479807,0.0343724446166399,0.0243019915402118,0.0240810654786959,0.0240003011933103,0.0238751368695595,0.0238595484244946,0.0237695871377527,0.0237464318940423,0.0237734273377935,0.0239912502088455,0.0242303044663414,0.0243977814204856,0.0245079861590027,0.0247162587002365,0.0250186150373993,0.0252532137905773,0.0254593099286802,0.0257698452745631,0.0160966987079387,0.0165199797219978,0.0168239255952094,0.0170637028646993,0.0173223482866058,0.00741010826925347,0.0174461364269404,0.0174762014669565,0.0174412167922413,0.0173438593300226,0.0172825572839417,0.0272183931005092,0.0271816080419433,0.0272972383909467,0.0274859191783979,0.0276924639758693
0.293853640169537,0.293961508210398,0.294118777123559,0.294056193410169,0.293981781088758,0.303748439665911,0.303663136677491,0.31353093850588,0.313514474038417,0.313419457205612,0.313395000708824,0.313423513213017,0.313653577055694,0.313906065423065,0.314082954064024,0.314199351967982,0.314419328781844,0.314738676609965,0.314986459087456,0.315204137191063,0.315532123662896,0.315877345248267,0.316324413346105,0.316645440037284,0.316898692047686,0.317171872542311,0.317264564364541,0.317302617193255,0.317334371795529,0.317297421090302,0.317194592439834,0.317129845408371,0.31706207539629,0.317023223131209,0.317145351548181,0.317344635612296,0.317562787588541
0.0537775870472795,0.0538867898133312,0.0640460047225304,0.0639826466179667,0.063907313541908,0.0736710848257283,0.073584726324975,0.0834508923747914,0.0834342241811902,0.0833380316399973,0.0833132725262152,0.0933421378351619,0.0935750484154264,0.0938306609943956,0.0940097383997307,0.094127576574721,0.0943502753124506,0.0946735746500965,0.0949244231099856,0.0951447946939427,0.0954768395671597,0.0958263328157855,0.106278932793572,0.106603931767999,0.106860317439078,0.107136878183173,0.117230716944841,0.117269240627282,0.127301388151011,0.127263980229386,0.127159879209558,0.137094331018704,0.137025722441821,0.146986389431039,0.157110029026608,0.157311778969017,0.167532630289162
-0.0162490315455107,-0.0161393616256421,-0.0159794656178295,-0.0160430947593042,-0.00611875009948944,-0.00635598936833565,-0.00644271729840559,-0.00657712377108945,0.00340613673116066,0.00330953269203238,0.00328466766230206,0.0133136564529127,0.0135475633913327,0.0238042694443614,0.023984112917228,0.0241024551870798,0.0243261065981629,0.0246507889641425,0.0349027105178711,0.0351240248199506,0.0354574901336519,0.0358084784644169,0.0362630146001849,0.0465894038737491,0.0468468863260657,0.0471246301574747,0.0472188703479459,0.0472575588291911,0.0472898438754293,0.0472522759280657,0.0471477295789613,0.0470819009823203,0.0470129989077566,0.0469734976359791,0.0470976661440573,0.0473002791438687,0.0475220752343793
0.463598862209974,0.473711201580225,0.473874989580114,0.483809811656291,0.483732314806811,0.483489300951299,0.493400461996562,0.493262783966734,0.483245637016706,0.483146681560804,0.483121211297084,0.483150905697203,0.483390506110797,0.473653460587023,0.473837681588641,0.473958904400558,0.474187999659376,0.464520585044406,0.464778638562931,0.46500533982571,0.455346921942179,0.455706453599453,0.446172053495118,0.446506387335179,0.44677013710885,0.437054641439198,0.437151175508545,0.437190805697244,0.437223876586393,0.427185394206234,0.427078303118409,0.427010872202985,0.426940292998818,0.426899830235638,0.417027021100911,0.41723456585731,0.417461760635622
0.483473374558248,0.483587916225065,0.483754915118417,0.483688459449157,0.483609443354509,0.483361665464998,0.483271084914911,0.483130707850438,0.483113224752281,0.48301232937754,0.48298635979578,0.483016636323742,0.473260933854355,0.473529043279719,0.473716875742557,0.473840475001678,0.464074061434876,0.464413166810623,0.464676279200105,0.464907424705462,0.465255703184214,0.465622283085858,0.466097010583439,0.466437898690859,0.466706819004647,0.46699690074662,0.467095327266039,0.457135734363388,0.457169453572938,0.457130216785722,0.457021026288453,0.456952273460034,0.456880310623943,0.456839054630356,0.456968738940315,0.457180352395899,0.457412001091647
-0.0267281662157345,-0.026610087527162,-0.0264379317443081,-0.0265064395501798,-0.026587895644643,-0.0268433248614859,-0.036936702519257,-0.0370814143969458,-0.037099437369371,-0.0372034483713371,-0.037230219888134,-0.0471990084275739,-0.0469471670423542,-0.0466707784562535,-0.0464771457678202,-0.0463497297904626,-0.0561089302590165,-0.0557593533830287,-0.0554881161401907,-0.0552498329119071,-0.054890799669488,-0.0545128998602181,-0.0540235128807745,-0.0536720982227464,-0.0533948737081629,-0.0530958343050962,-0.052994368396167,-0.0629527135364409,-0.0629179530850348,-0.0629584014957053,-0.0630709637717797,-0.063141839672585,-0.0632160247054013,-0.0632585546750959,-0.0631248657418547,-0.062906717708792,-0.0626679157517068
0.273024661136928,0.273147077682371,0.27332555795235,0.273254533375162,0.283170084828095,0.282905271907921,0.282808463835066,0.282658435677017,0.29263975059464,0.292531918540417,0.292504163518387,0.292536521594397,0.292797614876776,0.303084157150572,0.303284903323226,0.30341700018144,0.303666645965454,0.314029065247399,0.314310266933031,0.314557303972452,0.314929527019368,0.315321309734216,0.325828675323492,0.326192999902077,0.326480408813862,0.326790434027705,0.336895627489807,0.336938812624146,0.336974850070281,0.346932915706317,0.346816218229822,0.356742738560996,0.356665828192573,0.356621735799349,0.366760336063032,0.36698649820055,0.367234073025312
0.0626976327112196,0.0628257885749849,0.0630126366279279,0.0629382821686914,0.0628498743766412,0.0625726460951356,0.0624712993192466,0.0623142373133375,0.0622946762085632,0.0621817886082756,0.0621527323331688,0.0621866074696207,0.0624599417236243,0.0627599181072953,0.0629700759667648,0.0631083659904192,0.0633697160470621,0.0637491268199645,0.0740435122299098,0.0743021312348348,0.0746918054077015,0.0751019562745447,0.0756331089475994,0.0860145143441518,0.0863153979968488,0.0866399582834101,0.0867500835850945,0.0967952933904604,0.0968330203988535,0.0967891200043786,0.096666951339634,0.0965900266854253,0.096509510488354,0.0964633508886158,0.0966084492202665,0.0968452146344478,0.0971043966379836
0.512469473344446,0.502601633383785,0.502794319424843,0.492717641792084,0.492626471736092,0.492340581574588,0.482236068261698,0.482074098920073,0.482053926636881,0.481937511911433,0.481907547785342,0.471942481336056,0.472224355802821,0.472533704821288,0.472750428973885,0.462893039810637,0.463162555638881,0.463553820940359,0.463857404297499,0.464124103743474,0.454525953120492,0.4549489189771,0.45549666729,0.445889989536297,0.446200274171026,0.446534975205995,0.436648541325993,0.43669516369254,0.426734069465299,0.42668879742163,0.426562811648805,0.426483483516423,0.416400451624946,0.416352849788104,0.416502481655546,0.416746644704609,0.407013924739847
0.232241313977673,0.232377478192585,0.232576002221758,0.232497001415476,0.232403069095543,0.23210851705404,0.23200083720415,0.231833960526808,0.2318131770652,0.23169323521459,0.231662363237515,0.231698355202491,0.231988769882018,0.232307491535281,0.232530781981005,0.232677713630855,0.232955395230701,0.233358515060754,0.233671296365089,0.233946076252113,0.234360100833283,0.234795881679654,0.2253602256324,0.225765464728442,0.226085150345202,0.226429992128581,0.226546999066892,0.22659503399462,0.226635118531745,0.226588474838882,0.226458671957976,0.22637694034742,0.226291392761537,0.226242348687592,0.226396514090827,0.226648074774771,0.226923452841711
0.482188076792093,0.482325175314638,0.482525061541038,0.482445518660935,0.482350941812748,0.472054368665912,0.471945949957389,0.471777928235046,0.47175700216514,0.46163623731866,0.461605153509689,0.461641392437992,0.46193379983383,0.462254708435213,0.452479531015999,0.452627470855573,0.452907057802125,0.453312943688846,0.45362787118086,0.453904536504129,0.454321401966267,0.454760172976917,0.455328389245627,0.455736408939942,0.456058288119177,0.456405496077184,0.456523305873102,0.456571670398439,0.456612029980582,0.456565066236241,0.446434372696783,0.446352080274653,0.446265945693408,0.446216565097472,0.446371788325725,0.446625075124475,0.446902342732146
0.302119628982061,0.302257928757278,0.302459566380112,0.302379326547953,0.312283921020583,0.311984749309748,0.311875380640124,0.311705886717066,0.311684777293636,0.311562954309608,0.311531598145341,0.311568154597923,0.311863124057589,0.312186844449411,0.312413636918135,0.322562873001638,0.322844909679671,0.323254351924964,0.323572038801137,0.333851128256721,0.334271646280104,0.334714261787683,0.335287456748347,0.335699051497586,0.33602375097143,0.33637400115396,0.336492843195371,0.336541631489063,0.336582344700516,0.336534969461417,0.336403130789534,0.336320117323952,0.336233228034386,0.336183414767319,0.326339998056309,0.326595504145524,0.326875201162705
0.271853443054159,0.271996414367545,0.272204862976513,0.272121912775244,0.272023284606609,0.271714007369109,0.271600944406318,0.271425725258257,0.271403902793341,0.271277964829958,0.27124554950621,0.27128334077543,0.271588273816652,0.271922928949069,0.272157382093108,0.272311659125226,0.272603222536794,0.263026495065425,0.263354912879991,0.2636434295168,0.264078151945027,0.264535718273997,0.26512827481448,0.265553772555088,0.265889439841303,0.266251520896976,0.266374377226419,0.256424813508156,0.256466901944703,0.256417926448211,0.256281634483567,0.256195816960116,0.246105992693743,0.246054496816722,0.246216369230802,0.246480505894045,0.236769650614879
0.0816937314974175,0.0818395057337053,0.0820520409343536,0.0819674645116186,0.0818669027582243,0.0815515622047255,0.0814362826660341,0.0812576283829717,0.0812353780931634,0.081106971142168,0.0810739203227313,0.0811124524819345,0.0814233636720899,0.0817645796488641,0.0820036291980923,0.082160930799378,0.0824582102510672,0.082889780949701,0.0832246373273041,0.0835188102728471,0.0839620553439799,0.0844285921657857,0.0850327656541605,0.0854666051895898,0.0858088531632268,0.0861780327427853,0.0863032976450485,0.0863547227196123,0.0863976362912145,0.0863477006402869,0.0862087366999864,0.0961212367418143,0.0960296514893567,0.0959771460463633,0.0961421919354984,0.0964115069431586,0.0967063202861841
0.191629086343498,0.191775995096199,0.19199018439348,0.191904949738247,0.191803605343402,0.19148581059057,0.191369633866395,0.191189589171547,0.19116716571452,0.191037759411396,0.191004451367514,0.191043283410758,0.191356614327862,0.191700485884495,0.181941395883443,0.182099921715106,0.182399514802083,0.182834444283813,0.183171906746454,0.173468369150295,0.173915063862604,0.174385231598176,0.174994107184507,0.165431323160698,0.16577623474591,0.156148287537518,0.156274527338303,0.156326352638535,0.146369600193374,0.146319275908508,0.146179230454251,0.146091049510597,0.145998751478058,0.145945837401218,0.146112167792161,0.146383578796371,0.146680686581712
0.44144655885008,0.441596670943239,0.441815530631012,0.441728437436961,0.441624883230963,0.441300158974132,0.441181449020357,0.440997478456935,0.440974566057175,0.440842338053922,0.430808303729252,0.430847982503906,0.42116814559122,0.42151951525569,0.411765678289139,0.411927660771281,0.402233786475538,0.402678199580129,0.403023020400526,0.393325947157206,0.393782382032836,0.38426280176022,0.384884953858427,0.385331703314414,0.375684135685252,0.376064301075586,0.376193293531022,0.376246248880199,0.376290439446531,0.36623901784231,0.366095918701588,0.366005814975395,0.365911504387331,0.355857436520809,0.366027393740385,0.3663047228525,0.366608309063203
0.161043477302114,0.171200663438786,0.171429836905561,0.171338639438287,0.171230205232659,0.180890178321164,0.180765874152022,0.180573233962167,0.18054924181387,0.180410782556166,0.180375144361425,0.180416693001274,0.180751943797801,0.181119871783744,0.181377635268384,0.181547251186999,0.181867803087752,0.182333159192826,0.182694229719934,0.183011431922469,0.183489376325433,0.183992435868067,0.174643906930001,0.175111709487203,0.175480750259631,0.175878830972153,0.17601390220661,0.17606935308054,0.176115626130585,0.176061781279455,0.175911938581124,0.175817588710157,0.165718833728643,0.165662217909904,0.165840184376046,0.166130582643119,0.166448475376496
0.0408001073108891,0.0409615645681723,0.0411969652222705,0.0411032897032394,0.0409919090827395,0.0506426428325801,0.0505149610239701,0.0503170863426841,0.0502924422707432,0.050150220746201,0.0501136141770767,0.050156291792138,0.0505006521489437,0.050878577612003,0.0511433451426452,0.0513175699285649,0.0516468319856929,0.0521248329212467,0.05249571459203,0.0528215359316838,0.0533124672190761,0.0538291960841252,0.0544983691618949,0.054978883025491,0.0553579515120861,0.055766849022911,0.0559055904635681,0.0559625480694256,0.0660100784681268,0.0659547705245234,0.0658008562442394,0.0657039426632211,0.0656025042743401,0.0655443500693582,0.0657271523070117,0.0660254413846245,0.0663519720184837
0.300765883405873,0.300927941289492,0.301164217641808,0.301070193646748,0.300958398686657,0.300607833154498,0.300479676365338,0.300281065583694,0.300256329834991,0.300113579241675,0.300076836494903,0.300119672872103,0.300465314260823,0.300844645619102,0.301110398093713,0.301285271001598,0.301615757924466,0.302095537039306,0.302467798402169,0.30279483180798,0.303287589375995,0.303806240489508,0.304477902913255,0.304960204304313,0.305340682938213,0.305751101561299,0.305890359124703,0.305947528614738,0.305995235828094,0.305939722137111,0.295785235290615,0.295687961187871,0.295586145444829,0.295527774904281,0.295711257172304,0.296010655895149,0.296338401233763
0.400746870125309,0.400909261690226,0.401146024541551,0.401051806948698,0.400939781799945,0.400588494444452,0.400460073777209,0.400261054050922,0.400236267370684,0.400093222850271,0.400056404449251,0.400099329027639,0.400445682100756,0.400825794511935,0.40109209417764,0.401267327153282,0.401598494557117,0.402079261549339,0.402452289407801,0.4127799961837,0.413273768352061,0.413793487381388,0.414466532775122,0.424949827236991,0.425331089286061,0.425742352971514,0.425881897269778,0.425939184473244,0.435986989916964,0.435931361921882,0.435776556983046,0.435679082590454,0.445577057206211,0.445518566479239,0.44570242654191,0.446002441734329,0.446330861908919
0.0903209726406654,0.0904908386666525,0.0907384990957918,0.0906399449123637,0.090522763537586,0.0901553073394299,0.0900209758031187,0.0898127957168278,0.0897868681702115,0.0896372396828315,0.0895987266266406,0.0896436269116514,0.0900059217152568,0.0904035297113881,0.0906820864575969,0.0908653849510225,0.0912117951285135,0.0917146905740755,0.0921048879339682,0.0924476781998261,0.0929641774159362,0.0935078177594902,0.0942118416809354,0.0947173809289955,0.0951161914778575,0.0955463845603401,0.0956923517194553,0.0957522757037936,0.0958022815076627,0.0957440931007524,0.0955821628934985,0.0954802020083158,0.0953734806611823,0.0953122977582832,0.0855046204210996,0.0858184445319637,0.0861619810323976
0.300157458427811,0.300330194112959,0.300582038433581,0.310481819309128,0.310362658311859,0.309988994433037,0.309852393545209,0.309640696534988,0.319614330977173,0.319462174716761,0.319423011034032,0.319468669849263,0.329837085138681,0.33024141018975,0.330524672779366,0.330711067855512,0.331063330169317,0.341574721360358,0.341971510582407,0.342320091831017,0.342845316610103,0.343398141029654,0.344114058492989,0.344628138150033,0.345033686069351,0.345471146688193,0.345619579767099,0.355680516086951,0.355731366671949,0.355672195249783,0.355507529448404,0.355403846070531,0.355295321809073,0.355233105302916,0.355428676999717,0.355747802748913,0.356097142838733
0.230119431866682,0.230292834914426,0.240545652233067,0.240445045913027,0.250325424538434,0.249950317012946,0.259813188368951,0.259600673469444,0.259574206048559,0.269421461933954,0.269382146942727,0.269427982160336,0.269797820818547,0.270203707975415,0.28048806494722,0.280675180158882,0.28102880343462,0.281542170380424,0.291940492593672,0.292290420582457,0.292817674562234,0.293372634813414,0.294091318216722,0.30460738401539,0.305014498765047,0.305453649508624,0.305602656057249,0.305663827803964,0.29571487484969,0.295655474819325,0.295490172833266,0.295386088875697,0.295277145331838,0.285214688452831,0.28541101573893,0.285731374427273,0.286082064189044
0.0901118265544566,0.0902853630747192,0.0905383749929639,0.0904376912338069,0.100317977783749,0.0999425815289278,0.109805347333699,0.109592668856335,0.119566181062837,0.119413319377392,0.119373974124466,0.11941984462255,0.119789967954521,0.130196167532548,0.13048074338079,0.130668002619556,0.131021898087681,0.131535660184437,0.131934288995925,0.132284486332745,0.132812146152661,0.133367533570165,0.134086770161469,0.134603233188462,0.135010661304186,0.13545015007271,0.135599271315279,0.135660490147367,0.135711576485238,0.135652130733233,0.135486701510239,0.13538253743673,0.135273510036391,0.135211005082814,0.125407483486773,0.125728088762945,0.126079048459106
0.229830430002103,0.230008905005573,0.230269117109159,0.230165568102658,0.230042447860405,0.229656368620252,0.22951522902939,0.229296498171308,0.229269256591096,0.22911204478462,0.229071579848813,0.229118755724486,0.22949941198553,0.229917171146473,0.230209845422905,0.230402433664491,0.230766400250925,0.231294782932924,0.231704755879286,0.2320649190934,0.232607594998436,0.233178787569983,0.233918492117096,0.234449652592107,0.234868675252338,0.235320670943898,0.235474035862387,0.235536996853266,0.235589537000521,0.235528399547844,0.235358262558216,0.23525113419496,0.235139004104854,0.235074720392183,0.235276790156951,0.235606519182811,0.235967466451405
0.229632691884233,0.229814637173199,0.240079908866485,0.249974346442931,0.249848832238595,0.259455246035777,0.269311362112848,0.269088378230479,0.279060606962305,0.288900338314023,0.28885908657403,0.298907179742063,0.289295237520834,0.289721119631933,0.280019484695742,0.270215817642013,0.270586861230502,0.261125517837266,0.251543462337864,0.251910628600888,0.242463856349521,0.23304615524553,0.23380024268051,0.224341731091966,0.214768901269958,0.205229685610139,0.195386032571166,0.185450217781735,0.185503779524774,0.175441453309462,0.165268008159498,0.155158796781825,0.155044486423233,0.144978952771739,0.135184951600861,0.135521091910284,0.12588905747302
-0.0204243479574605,-0.0202414016246006,-0.019974670434286,-0.0200808136512206,-0.0202070184215418,-0.0206027700943595,-0.020747445651539,-0.0209716563678377,-0.0209995804306156,-0.0111607308601878,-0.0112022095629266,-0.0111538517913278,-0.0107636589593672,-0.00033543368956844,-3.54270524781167e-05,0.000161986097067711,0.0105350711284566,0.0110766913673647,0.021496935354761,0.0218661217280473,0.0224223932777186,0.0230078959211691,0.0237661322661096,0.0343105998900025,0.0347401203135018,0.0352034398407853,0.0453606470063908,0.0454251853572549,0.0454790417913854,0.0554163726637752,0.0552419732367904,0.0651321609895743,0.0650172217073812,0.0649513274966109,0.0751584597096809,0.0754964494278247,0.0858664394984858
0.418701041136576,0.428899336809133,0.429188446953888,0.429073398238451,0.428936604789686,0.438507649243541,0.438350835294526,0.438107813124647,0.438077546211271,0.437902875135249,0.447857916337071,0.447910331363339,0.448333261677554,0.458797415380738,0.459122592808148,0.46933656907457,0.469740956230431,0.480328018828877,0.480783521613855,0.491183683011164,0.501786626176749,0.502421252947629,0.513243105911977,0.523833254793225,0.524298812314513,0.524801004710696,0.534971401679835,0.535041354848562,0.545099729879427,0.545031802763241,0.554842771088612,0.554723745508398,0.554599162730982,0.554527739944649,0.554752250711588,0.56511859803011,0.56551963055563
0.338560342860399,0.33876110777456,0.339053818011986,0.338937336672876,0.338798839828014,0.338364542789203,0.338205776142371,0.337959727782133,0.337929083975401,0.337752237838863,0.337706719199245,0.337759786914308,0.338187983693058,0.3386579171877,0.338987143829205,0.339203784597037,0.339613207312053,0.340207580203121,0.340668755055535,0.341073899391492,0.331684350599636,0.332326879947538,0.333158966889791,0.333756464495048,0.334227819288589,0.33473626514629,0.33490878395339,0.334979608201511,0.335038710137069,0.334969937170546,0.334778551612601,0.324658043887513,0.324531909765213,0.324459597599333,0.324686904046677,0.315057813240044,0.315463839551779
0.308423447240335,0.30862661465984,0.318922827690135,0.318804952446912,0.318664798243684,0.318225304076874,0.328064637507842,0.327815644746174,0.327784634232391,0.327605671820757,0.327559608470549,0.327613311234169,0.328046632140576,0.328522189216096,0.328855355633477,0.329074588889168,0.329488911067144,0.340090396675358,0.340557090296088,0.340967082896675,0.341584839227311,0.342235057569071,0.343077101895231,0.343681749610335,0.344158744993095,0.344673275299841,0.344847858597929,0.344919530382759,0.344979339576936,0.344909743620897,0.344716067798104,0.344594117986112,0.344466474447168,0.354393296939026,0.354623323507845,0.35499867128214,0.355409556412898
0.127906286008982,0.128118529559787,0.128427975363142,0.128304834259935,0.128158418925106,0.127699291163633,0.127531447110733,0.127271331054774,0.127238935203246,0.12705197797458,0.127003856828808,0.137059958664755,0.137512637386756,0.138009439101146,0.138357489116282,0.138586516214996,0.149019347475268,0.149647703348252,0.150135245649292,0.150563553916257,0.151208907376303,0.151888173028195,0.152767834138005,0.153399493379197,0.153897797654562,0.154435313657701,0.154617696143966,0.15469256973414,0.154755050794213,0.154682345766668,0.154480017832225,0.154352620136373,0.154219274356776,0.154142827777865,0.154383130361146,0.14477524610784,0.145204486777122
0.137856851479515,0.138069962601693,0.138380673302473,0.138257028845003,0.148110015019653,0.147649010517514,0.147480480381597,0.147219301069567,0.157186772796049,0.156999051356931,0.156950733510112,0.157007064669149,0.157461593770581,0.167960426222511,0.168309898934492,0.168539862209376,0.168974462720162,0.179605387074338,0.180094922263936,0.180524981293129,0.181172972714074,0.181855014947082,0.192738271778858,0.193372513004161,0.193872854158967,0.194412567324261,0.19459569532116,0.194670874966258,0.194733611425276,0.194660609207073,0.194457454232545,0.194329535783089,0.194195644936371,0.194118885872754,0.194360170722123,0.194753889289708,0.195184884532526
0.517157162754744,0.51738255334868,0.517711167213012,0.51758039835674,0.517424913588636,0.516937345987834,0.516759105138449,0.516482876663554,0.516448474109558,0.51624993615328,0.51619883423011,0.516258411192883,0.526739130280118,0.527266705478756,0.527636314822993,0.517879528591378,0.518339170801742,0.519006449043548,0.519524191271211,0.519979030319622,0.520664359033298,0.52138570056825,0.522319850695552,0.522990636926739,0.523519807759776,0.524090619220189,0.524284299059916,0.524363810559303,0.52443016189571,0.524352953286645,0.524138092514003,0.524002803398148,0.513861197755251,0.513780015831184,0.514035203523649,0.514451608171537,0.504907437378242
0.247016464478567,0.247244324314107,0.25757653827111,0.257444336791166,0.267287148626963,0.266794239533497,0.266614045986295,0.276334791321041,0.286300011873687,0.286099298856894,0.296047637092284,0.306107866743851,0.306593852295623,0.317127207285719,0.32750086584405,0.327746744113845,0.338211421883363,0.348886010417791,0.349409424712891,0.35986924669995,0.360562083456186,0.371291327568158,0.372235711673366,0.382913846628562,0.383448814733852,0.384025879655784,0.39422168133347,0.394302063912252,0.394369142153351,0.39429108769395,0.404073873037992,0.403937101777263,0.403793944789483,0.403711873485869,0.403969856858738,0.40439082338147,0.404851646374391
0.0569784379174378,0.0572069651155737,0.0675401520705959,0.0674075633950645,0.0772499148535386,0.0767555621134053,0.0865748408100365,0.0962947682554965,0.0962598869450737,0.106058586074087,0.11600677300098,0.116067179054923,0.116554587975489,0.127089505071384,0.127464258011903,0.137710856417215,0.138176895148667,0.138853459437857,0.139378406724156,0.14983957545139,0.150534441408317,0.151265821351918,0.152212971397099,0.15289309249392,0.153429627429548,0.154008382476214,0.15420475762362,0.154285375629266,0.154352650331092,0.154274367263492,0.154056516422854,0.153919344582429,0.153775768312248,0.153693456635784,0.153952195597951,0.15437439505983,0.154836567724701
0.386944214012422,0.377173341836894,0.377507404490133,0.377374467338573,0.377216404457456,0.366720752435323,0.366539556151404,0.366258747496507,0.366223774509321,0.356021944569561,0.355969995318805,0.346030560134889,0.346519250087368,0.347055573078483,0.337431310962971,0.337678557490248,0.33814582108744,0.328824163555916,0.329350490534294,0.329812871327686,0.330509563565236,0.321242865757301,0.322192505148459,0.312874413772741,0.313412358855675,0.313992635014602,0.304189526284755,0.294270356174577,0.294337807691059,0.28425931887608,0.274040895469229,0.273903363107079,0.263759409482737,0.263676881470707,0.253936300463243,0.254359609570354,0.244822996939981
0.306643804179504,0.30687820416848,0.297219953506071,0.297083957509374,0.2969222576474,0.296415200816602,0.296229835258966,0.295942565278708,0.295906787573274,0.295700313585385,0.2956471689975,0.295709127392361,0.296209061958311,0.29675772558524,0.297142109089012,0.297395044686868,0.297873059883335,0.298567010814436,0.299105448423287,0.299578468464061,0.300291191387077,0.301041366648998,0.302012856965953,0.302710456109066,0.303260779151674,0.303854407296006,0.304055828976938,0.304138518738983,0.304207522295212,0.304127227475462,0.303903778209638,0.303763081267892,0.303615815312582,0.303531388355033,0.303796776503028,0.3042298258294,0.304703875607435
0.0664422634055208,0.0666802004162539,0.067027106643346,0.066889058510037,0.0667249186482477,0.0562102104901181,0.056022047824798,0.0557304430313239,0.0456941254516216,0.0454845358365068,0.0354305893135867,0.0354934826410455,0.0360009610616012,0.0365579038492675,0.0269480875786349,0.0272048398947271,0.0276900681894421,0.0283944906207846,0.0289410530829916,0.0194212108466918,0.0201446885333751,0.0209061837029213,0.0218923335017397,0.0226004591954604,0.0131590864388637,0.0137616722442899,0.0139661333147319,0.0140500708391535,0.0141201156372395,0.00403860919403436,0.00381178814940532,0.00366896813527307,0.00351947998323791,0.00343377904958048,0.00370317182085919,0.00414275572470978,0.00462395876408118
0.236039181857555,0.236284192911801,0.236641412917896,0.236499260511364,0.246330240649944,0.24580022983715,0.245606472956463,0.255306198536556,0.255268801208317,0.265052980338752,0.26499742994576,0.265062193138414,0.275584759268182,0.276158260377322,0.27656004455788,0.276824430310445,0.287324084801656,0.288049450233482,0.2886122624024,0.289106695611954,0.289851682825972,0.300635817810768,0.301651286573314,0.30238046536825,0.312955701013243,0.313576202140857,0.313786741990319,0.323873175039495,0.323945302321294,0.333861372631179,0.333627808028941,0.333480741870035,0.33332680932455,0.343238560438676,0.34351596245652,0.343968615515328,0.354464125077374
0.225814825146894,0.226063773640454,0.236426734334862,0.236282297474366,0.236110561386737,0.235572033058612,0.24537516241654,0.245070062449845,0.245032064129497,0.24481277492019,0.244756331807063,0.244822135773742,0.245353099779392,0.245935817312748,0.246344058348215,0.246612692900326,0.247120377066945,0.24785739945187,0.248429256268863,0.24893163524545,0.249688594743549,0.250485331134947,0.251517118943341,0.252258015973859,0.25284249591785,0.253472968781399,0.253686892102203,0.243774714169873,0.243848000569965,0.243762722091477,0.243525403999626,0.233375974420516,0.233219568108865,0.233129901023173,0.233411761017879,0.233871688417654,0.224375161044206
-0.0245502298399427,-0.0242948746654657,-0.013922573190074,-0.0140707271282054,-0.0142468828381418,-0.0147992701742646,-0.0150012072755369,-0.0153141589793785,-0.0153531351851941,-0.0155780677947586,-0.0156359634694594,-0.0155684660399625,-0.015023837693893,-0.0144261239448634,-0.0140073768403936,-0.0137318289873249,-0.0132110795861438,-0.0124550899554987,-0.0118685164229936,-0.00135320874072782,-0.000576768915986077,0.000240471459034525,0.00129881229118083,0.00205877628129111,0.00265829779653291,0.00330499585753586,0.00352442448764095,0.00361450665320143,-0.00631032092372181,-0.00639779404091996,-0.00664121950570088,-0.0167944946498879,-0.016954926072589,-0.0170469007376464,-0.0267577870856729,-0.0262860234700876,-0.0357695939928115
0.105404138286703,0.105660294296294,0.096033763369309,0.095885144796473,0.0857084366337483,0.0851543169216258,0.0949517465129534,0.0946378133419685,0.0945987149004696,0.104373076865873,0.114314999620975,0.114382708733324,0.124929045121946,0.125528633397935,0.12594869376103,0.126225105776719,0.12674748833222,0.12750584886858,0.138094261990524,0.138611185761,0.149390060626572,0.150209863999546,0.151271523959661,0.14203387131972,0.142635273031368,0.133283999242053,0.123504116035821,0.113594480713617,0.103669888889567,0.11358214144253,0.113337952556133,0.123184196716312,0.123023262154729,0.122930999042251,0.123221019401383,0.113694262543945,0.104212311627561
0.205301466571655,0.215559424460254,0.215935520627921,0.215785856627,0.215607905445501,0.215049887887379,0.214845892537057,0.214529751064999,0.214490377593213,0.204263152352294,0.204204666574453,0.19427285197322,0.184823031457585,0.165426837419232,0.155849852614234,0.156128208995817,0.146654266148539,0.147417961222758,0.13801051342094,0.128531073389888,0.119315427097328,0.110140997215695,0.101210125213741,0.101977835156185,0.0925834673097479,0.0932367568572163,0.103458422019225,0.103549422349553,0.103625360969468,0.103536996280294,0.10329108969526,0.10313625229026,0.102974185666195,0.102881273547021,0.103173333997259,0.113649906075517,0.1141715992734
0.0849820434581723,0.0752456071925745,0.0756298765436016,0.0754769600997493,0.0652951417487321,0.0547249975586125,0.0445165690564891,0.0541935573144284,0.0641533281928583,0.073921164976714,0.0738614082074958,0.0839310753862291,0.0744932111684603,0.0751101388188221,0.0655423468242022,0.0558267523441218,0.0463642415770858,0.0471445329913104,0.0577499623155651,0.0582818349019825,0.0490832338952345,0.0399267449992718,0.0410191068931014,0.0318035004251883,0.0224222939535954,0.0130897805488357,0.00331626285648313,-0.00659075922753458,-0.0165131703375082,-0.0166034553355536,-0.0168547058719003,-0.017012908146343,-0.0171784967425764,-0.0172734279936958,-0.016975020593349,-0.0264880918262564,-0.0359550613839909
0.294921200960366,0.295185832474921,0.285571658622779,0.285418122665987,0.285235567711252,0.284663113686466,0.274453840774476,0.274129520409558,0.274089128307076,0.283856024524223,0.283796025661409,0.293865975083945,0.294430388256246,0.295049815275887,0.295483774292768,0.295769332029513,0.296308998801571,0.297092451423416,0.297700333533589,0.308234360904286,0.309039006618645,0.309885935053286,0.310982722451075,0.31177029380976,0.312391594266709,0.323061785061525,0.323289184920723,0.323382539519687,0.323460442746877,0.323369791975714,0.333117523543879,0.332958680341923,0.342792420893848,0.342697105046168,0.332996721389392,0.33348562285912,0.324020812776506
0.314902187679802,0.325167152875655,0.335553465522522,0.335399735967937,0.34521695082454,0.354643774976421,0.354434238186347,0.364109508876786,0.36406906584277,0.353835668132819,0.353775593615757,0.343845631239481,0.344410756096179,0.34503096416872,0.355465470376694,0.355751388181198,0.356291735434223,0.347076175933448,0.357684824539222,0.368219525280006,0.369025185594711,0.379873181945166,0.390971352312941,0.391759916742439,0.382382000614557,0.383053036471741,0.373280723065798,0.363374195378193,0.363452196835748,0.363361431760485,0.38310884523631,0.392949801744506,0.392783332655231,0.392687896621125,0.402987890758999,0.4034774086983,0.404013273451661
0.264845147838108,0.265111114077855,0.265498886221751,0.275344575873785,0.275161100164402,0.274585758846284,0.28437543042196,0.294049474278469,0.294008878449849,0.293774598958608,0.2937142974788,0.29378459970609,0.304351859615978,0.314974410847218,0.315410558628474,0.325697556636253,0.336239945332177,0.347027349463547,0.367638297556119,0.368175018407166,0.378983722522909,0.379834922620805,0.380937241898542,0.381728785540475,0.392353219658102,0.393026790702387,0.403255337501022,0.403349162953713,0.403427459102359,0.393336351114798,0.393082810313602,0.392923165952255,0.392756067939378,0.392660271345997,0.392961398867819,0.39345276621584,0.393990655477127
0.334757686747512,0.345025187921228,0.355415197960568,0.365259997062752,0.375075462485525,0.404496800780074,0.424285258516567,0.433957421227718,0.433916591114038,0.433680959558152,0.4436203100688,0.463691018021557,0.46426155167967,0.454887695754248,0.455326360614537,0.465615014934003,0.476160533842375,0.496952482209698,0.517566956182028,0.538106774535478,0.558920145812812,0.569776258323451,0.580884939263128,0.581681051030797,0.582309088858203,0.572986547189378,0.553216412968367,0.543310779902844,0.533389527911163,0.543297894124744,0.543042890098784,0.532882324404138,0.532714262041738,0.532617912590801,0.53292077796801,0.533414981076069,0.533955974582842
0.434377421136223,0.414651595935895,0.395051335955426,0.38489226310174,0.374703124751276,0.364110026579161,0.363893206753986,0.363557190572276,0.373515341827902,0.373273831730081,0.373211669155755,0.363284141132282,0.363868908478332,0.354510673610903,0.35496028229307,0.365256137967699,0.365815266495407,0.376626972410356,0.377256776294678,0.377810062049876,0.378643725334129,0.369521196161042,0.360657536500462,0.351473509684373,0.352117215815164,0.332811575393687,0.323047175869864,0.313143897072977,0.303224609688573,0.303130689820164,0.312869323947403,0.3227047524558,0.342532497269391,0.362433744089948,0.382744165360143,0.393250697859672,0.383805188085948
0.274278552077288,0.284554462019708,0.294956731834089,0.294796652271876,0.294606316940372,0.294009465286924,0.303791273295715,0.303453130601862,0.303411017013506,0.293167978494783,0.283105422518364,0.28317835314107,0.283766821245984,0.284412647853634,0.294865101929489,0.30516282995646,0.315725496985195,0.326542339862527,0.337176129523966,0.34773291680362,0.348571856009672,0.339454879998816,0.330598411782169,0.301419548934302,0.282067328823974,0.242766082726807,0.233003174224254,0.233100507537212,0.223181730950699,0.223087216700973,0.232824196748044,0.242658583749233,0.242485238428581,0.242385860279726,0.222698246082098,0.203207984223408,0.183765983596756
0.373936313027128,0.374218229232908,0.374629256029462,0.364465691706965,0.354271212979548,0.343661368506102,0.333438426709393,0.323092923011964,0.333049892655984,0.332801563449519,0.332737645696623,0.332812163940723,0.343413442364779,0.344073327924623,0.344535631440168,0.344839840686787,0.355414756372924,0.346249381043119,0.346896967625351,0.347465875566579,0.358323077578858,0.369225324052648,0.380393749295769,0.37123276172252,0.371894643085239,0.372608608110685,0.372850860835602,0.372950312990332,0.373033304550368,0.372936732826851,0.3826679872118,0.392498768995729,0.382321650133468,0.382220108628958,0.382539294735018,0.373060129328651,0.363630275749551
0.313883075841548,0.314165926354962,0.314578315348742,0.314414208952423,0.314219085696753,0.323607220117974,0.323383539462632,0.333036890720202,0.342993717755924,0.342744565553589,0.342680435968797,0.342755201176224,0.343358472316591,0.344020544824555,0.344484380475163,0.354789597911505,0.355366418944349,0.356203809671211,0.356853542441122,0.347424335818594,0.348284378711842,0.349189615349911,0.350361912908996,0.35120370593402,0.341867780859214,0.342584112059288,0.342827167641811,0.342926949394151,0.343010215999205,0.33291332422421,0.322643687950607,0.312473908922962,0.312296203065339,0.312194325038838,0.312514568969916,0.323037129678355,0.323609165639986
0.373784206782613,0.374068792438775,0.374483711227405,0.37431859812256,0.374122277885848,0.363506658825737,0.373281606004361,0.372932830749788,0.382889392941529,0.38263871231829,0.382574189331406,0.392649413185012,0.393256385084243,0.393922519067285,0.394389200111582,0.404696289900266,0.395276649434137,0.396119177123382,0.406772895670411,0.417347190572338,0.438212509387385,0.449123299187684,0.460302788190703,0.461149745183949,0.461817893868024,0.452538619392408,0.452783165996201,0.432883559858385,0.432967337261332,0.432869851105019,0.442598560751247,0.442427740216394,0.462248944224529,0.472146441228616,0.482468649691871,0.492994416042092,0.483569961150794
0.603768996158161,0.604053848759362,0.614469156747199,0.624303888764119,0.634107384376478,0.6534911878577,0.673265923933857,0.69291682152357,0.692873342970084,0.692622427205167,0.672557843694884,0.652633138109442,0.63324067935619,0.623907438181551,0.614374556978723,0.604681934821614,0.595262838740259,0.586106156731409,0.586760488474917,0.577335322072914,0.558201452568237,0.539113096701188,0.510293692080196,0.461141443530093,0.421810218946302,0.372531620520581,0.352776396512261,0.332876884545191,0.322960740532428,0.302863162932836,0.282591618105192,0.28242063733846,0.292241673633635,0.292139074488582,0.292461585187556,0.302987844713436,0.303563929690918
0.463521823510824,0.443811013968895,0.434232646443857,0.424064861689462,0.423865364849217,0.423239784627107,0.43301109028818,0.442656671597533,0.452612530934095,0.442357794116921,0.442292227101405,0.442368668131413,0.422985461275319,0.413662373788377,0.404136606069769,0.394448664793517,0.38503841496473,0.395894575361836,0.406558871548139,0.407142458957273,0.408021779257094,0.418947306295622,0.420145880284463,0.421006541654916,0.411685501468327,0.392417888853382,0.382666392398234,0.382768410705777,0.372853543687744,0.372754480134858,0.372478800106794,0.372305215572041,0.372123526531609,0.392019364963028,0.402346786992443,0.412881060622777,0.423465918467937
0.5030426888406,0.503340288067375,0.493774180317379,0.493601516898586,0.493396219304063,0.502752449133957,0.502517105067329,0.512152380971676,0.522106956833563,0.521844813053552,0.511777339550969,0.491856003250926,0.482490730841632,0.463187325887762,0.443675347384721,0.443996479815974,0.44460337810755,0.465484433014665,0.476168044890077,0.486768601225415,0.487673489453954,0.488625927970987,0.479859352803504,0.470745039558421,0.441443741434099,0.422197424390811,0.412453153654121,0.402558138340145,0.39264574672728,0.392543802711087,0.392260106756053,0.392081474917136,0.401894502918451,0.401787312651953,0.412124255106531,0.402674063770117,0.393275927481851
0.383019872903923,0.403317872548255,0.41375234859707,0.413579452860925,0.413373879040008,0.412729242681902,0.412493581961574,0.40212836713235,0.402082881876395,0.401820385383867,0.411752821096186,0.41183159063757,0.412467172249552,0.413164704559161,0.423653382685433,0.423974947197996,0.414582662066732,0.405464902426704,0.396149434096836,0.396750798476279,0.397656904225233,0.398610624241243,0.399845708637743,0.400732587077635,0.391432229051516,0.392186926083069,0.402442999428211,0.412548125370353,0.402635851633925,0.392533770452813,0.38224969278697,0.382070820600235,0.381883597032111,0.381776262541902,0.372113658350059,0.372664206777133,0.363266880292037
0.342921003844988,0.343220738632069,0.343657744475733,0.333483842031062,0.313277071229103,0.302628681389664,0.302391648503303,0.302024307161935,0.301978557062,0.311714532148569,0.311646574458795,0.301725802646358,0.302365085017204,0.293066678801891,0.283558202321852,0.273881639186757,0.26449289255652,0.245380269878875,0.246068787326125,0.246673653230023,0.247585034900776,0.248544308079016,0.24978658391945,0.250678626327565,0.251382342060326,0.242141433416189,0.232398997782601,0.222504735834588,0.212592972896051,0.202490297333622,0.212204565587611,0.212024651893668,0.2118363381913,0.20172837873168,0.212067739072013,0.222621493140869,0.233227675802845
0.23262059401207,0.242925600963655,0.253370293491671,0.263193332201862,0.262982924419047,0.262323129770943,0.252081927610864,0.231708124944136,0.231661570125952,0.221392901164393,0.21132374813749,0.211404369903831,0.212054896888146,0.232768831308649,0.253269000447893,0.263598126383377,0.274220131352416,0.285123117137395,0.285823745215118,0.286439250366398,0.287366662722616,0.288342808970714,0.289606935736944,0.290514668663889,0.301230762356326,0.312003205697593,0.322265300474784,0.332372898398993,0.342462687500205,0.352358205933003,0.362067448328019,0.371884370054481,0.381692744021146,0.381582885616006,0.381928215111799,0.362491709399915,0.353108554470299
0.0523277894913772,0.0626379351349488,0.0830901197477122,0.0929101770518825,0.112696224363675,0.13202531363624,0.141780047753678,0.141399947339446,0.111352608175627,0.071079412736778,0.0310090946344452,-0.00890892530091103,-0.0282474383768844,-0.0475214757417271,-0.0570128798596365,-0.0466782088806764,-0.0460457245047493,-0.0351275254080985,-0.0244150932981424,-0.0237892182475153,-0.032846181045969,-0.0418535888943411,-0.050568164390309,-0.0596451381728582,-0.0789169798868141,-0.0881315225850889,-0.0878650120910628,-0.067755601380004,-0.05766429953119,-0.0377705413815234,-0.0280661976085445,-0.0282523603457389,-0.0384472148535619,-0.0585589241296512,-0.0782077765962586,-0.0976347886767106,-0.107007551132309
-0.0180410681515728,-0.0177244490908244,-0.0272628263972753,-0.0274465248902995,-0.0276649432385462,-0.0383498573386452,-0.0386002424560255,-0.028988276396332,-0.0290366036319251,-0.0293155012564509,-0.0293872870512079,-0.0293035958835079,-0.0286283022821831,-0.0278871872207719,-0.0273679758314593,-0.0270263195379908,-0.0163806338313081,-0.00544326991346047,-0.00471596778887254,-0.0140770293585486,-0.013114308910291,-0.0121009991918775,-0.0307887450700953,-0.0398464532788905,-0.0391030967385615,-0.0383012452269093,-0.0280291720766101,-0.0279174777249747,-0.0278242702071028,-0.0279327295569661,-0.0282345567753847,-0.0384246051356263,-0.0486235266827389,-0.0487375675754788,-0.0483790908258893,-0.0477941433966162,-0.0471538140342963
0.131890484038395,0.132208304351816,0.132671678441799,0.122487282996718,0.112268035969289,0.0915805233051905,0.10132918822671,0.110939682085689,0.12089117149657,0.130611215734496,0.140539157584444,0.150623166276423,0.171301021941576,0.192044948793426,0.202566130070677,0.212909082608075,0.223557218046238,0.234498138322658,0.245228199831404,0.255869562394043,0.266835935403546,0.267853089618889,0.259170322432625,0.270116189278753,0.290862366113691,0.311667259849866,0.33194036524566,0.352052483365649,0.362146044512831,0.362037173668209,0.351734201317367,0.341543431913673,0.341343755658239,0.361229282094368,0.371589118904695,0.382176285624432,0.382819044396263
0.481882878726169,0.472200832512109,0.462664401201696,0.452479928317498,0.452260589214604,0.461572787821172,0.481321347191458,0.49093167747258,0.510883146510848,0.520603073177935,0.540530984766183,0.550615028738637,0.551293169077549,0.542037408350559,0.522558808504247,0.512901905068748,0.523550312699298,0.544491628126671,0.555221996233657,0.575863628144331,0.586830406993972,0.597847988375641,0.599165774377372,0.600112038451824,0.590858528652831,0.571663760413952,0.54193698050369,0.512049145709052,0.492142746148379,0.492033829582118,0.491730729994339,0.481539880474706,0.481340120362791,0.48122559872435,0.491585586652537,0.482172999960104,0.472816028666325
0.431799220291686,0.422118642275336,0.412584351560565,0.442399026846075,0.472178674913069,0.521487697496971,0.531235095803691,0.540843626728382,0.550794871667898,0.580513505055759,0.590441083765313,0.580525515822997,0.591206787573255,0.611954463479023,0.632478271273525,0.672822952136162,0.703474353882965,0.714420015970816,0.72515375665844,0.745798351397499,0.766769594488662,0.777791874699911,0.789115745769585,0.800066379355611,0.790816316583362,0.7816252666189,0.751899748342019,0.732012431486481,0.712106464139409,0.69199704463511,0.691692545441035,0.691500814646072,0.681300132112875,0.681185081654163,0.691546731878807,0.712136857652497,0.682782855637008
0.26179161497946,0.282111170435629,0.292577074320462,0.312391672166855,0.332171228158384,0.341479962012953,0.361227254768439,0.370835622115274,0.370786846682175,0.380505362499198,0.390432910947052,0.400517378285211,0.411198934709228,0.421946923036156,0.422470949707095,0.422815774596836,0.433467448536026,0.444413505774829,0.455147553060693,0.445792417147787,0.446764066079089,0.437786773456663,0.449111197714332,0.470062228528683,0.490812479122501,0.511621767182987,0.521896363600049,0.532009093829884,0.542103165774957,0.531993700549019,0.511689074118007,0.501497263207105,0.481296496817428,0.471181398284146,0.461543199626649,0.462133571988169,0.46277983990707
0.391780207011122,0.402099962676069,0.402566158460308,0.412380640148025,0.432160058026357,0.451468358786926,0.461215493215562,0.470823615195611,0.450774809203591,0.430493148664356,0.420420651719661,0.410505171978533,0.411187155413188,0.411935612371856,0.402459967357451,0.392805008287847,0.393457090515617,0.414403740480849,0.415138247664073,0.405783515773219,0.356755773464728,0.31777912159179,0.289104375631452,0.25005600228829,0.23080672293121,0.231616518029116,0.241891286487094,0.252004087344988,0.26209821822828,0.271988684419881,0.281683867133466,0.291491936048655,0.291291043874258,0.28117587322912,0.251537901248413,0.222128643491677,0.212775316312164
0.171331493589801,0.181659124133376,0.192136801294241,0.20194671407403,0.201720699499943,0.201011965229848,0.210752872135717,0.22035134302219,0.23030133504595,0.210012737827232,0.199938455442269,0.200025057249188,0.200723836435608,0.221490726242709,0.23202799493812,0.242381533467609,0.253049675046195,0.254019638917625,0.264772235396999,0.275433395040209,0.276429597299883,0.267478148240148,0.268836040371505,0.259811103499508,0.270580312740425,0.2914100513102,0.311691586710861,0.331807165605745,0.351903614725623,0.371791383340477,0.371479059074836,0.371282401149617,0.361076561442888,0.380958554398113,0.391329498371131,0.411934789296328,0.412597388245829
0.151259243123656,0.161588141656163,0.162067667513264,0.161876844621438,0.171649955330436,0.180938478131675,0.190678382300826,0.200275299197656,0.210225097681584,0.209935383539898,0.21986081366879,0.219947750640226,0.230649234227354,0.231419092035473,0.241958440057042,0.242313346844011,0.232984074250271,0.21395779205575,0.204713301218402,0.185377019667945,0.186377077408933,0.17742968642929,0.188792833846599,0.189771670643687,0.200543856862247,0.211376806669019,0.211659431662146,0.201775457868071,0.191872280263331,0.181759614522606,0.171446081506073,0.171248662479433,0.171042026136142,0.180923562382951,0.201295941975636,0.211903575485213,0.222568738811419
0.451107136879141,0.461438704862029,0.471922122711207,0.471729751037033,0.471501020236736,0.46078376845131,0.460521561595794,0.450115206935479,0.44006459796713,0.43977253240867,0.439697357303572,0.439784999884516,0.440492176946818,0.431268283178135,0.431812008728455,0.412169796057489,0.402845967311484,0.393827588136013,0.394589229263462,0.395258334673704,0.38626650921746,0.377327661564327,0.378701872741532,0.379688654105117,0.380467107645032,0.371306817950742,0.371591736822745,0.371708704736124,0.361806312974294,0.351692732800774,0.34137665504552,0.341177633700098,0.340969320227203,0.33084989498261,0.331225296932489,0.331837862198654,0.332508424212662
0.310844753607351,0.311180926392149,0.331671057927659,0.341476014603934,0.351244107200105,0.36051689425268,0.360251045879614,0.359839047783224,0.369787735959696,0.369491614207301,0.379415395073572,0.379504254830916,0.380221253137894,0.391008137899227,0.391559414686643,0.39192217095074,0.382607732842076,0.373602986374467,0.37437520514119,0.375053603058639,0.376075779087169,0.377151668672265,0.378544964835293,0.379545450576084,0.390334715245335,0.401186087411715,0.401474963224778,0.401593555583516,0.411692519400707,0.421577361830614,0.421256894401067,0.411055109055745,0.410843902534283,0.400722818717021,0.391103434233061,0.381724506779339,0.372404381529805
0.370825740326787,0.371162246792883,0.381652864827402,0.381457627905884,0.381225490313392,0.380497555542634,0.400231443291485,0.419819036250452,0.439767673495389,0.449471257815897,0.459394963027919,0.469483910986452,0.470201620977827,0.460989286792059,0.431541110770569,0.421904227102425,0.402590469474728,0.4035867108845,0.414359696146823,0.425038767434359,0.436061958063235,0.447138915564145,0.448533594697159,0.459535073508763,0.450325121593183,0.431177338821931,0.411466501369853,0.411585211442023,0.411684273489577,0.411569001615385,0.411248216093498,0.421046230458328,0.420834814295666,0.430713610291979,0.431094603602668,0.421716292618519,0.41239684220496
0.230757292516755,0.241095000235523,0.241587369666477,0.251391435792901,0.261158469521227,0.26042793618647,0.26016087397422,0.259746994732473,0.259695448623884,0.259397974806845,0.259321407663571,0.269410673146383,0.290130945201586,0.300921422806257,0.311475216672705,0.30183962924849,0.302528321352274,0.293528119120618,0.294303863767099,0.294985359186951,0.306012202377072,0.307093004374911,0.308492662199879,0.319497716066407,0.330290584445437,0.341145843898707,0.341436038692123,0.341555172532647,0.351654588209511,0.37153890484056,0.391216974186249,0.411014267507627,0.430802096636643,0.460680459961825,0.481062813333252,0.481686721639568,0.472369700635519
0.430742081892304,0.431080056556109,0.431572815186271,0.421376726434461,0.401143576011857,0.400412465218433,0.400145191903717,0.389730985506255,0.379679398652439,0.369381689693722,0.37930506202705,0.379394398070812,0.370115239473533,0.360906341920524,0.371460573539847,0.391825274169838,0.422514510658395,0.443515098728644,0.454291456571605,0.454973490687527,0.456001145557925,0.457082801888415,0.448483566089373,0.429489414412549,0.420282909523715,0.411138845026879,0.391429269208183,0.381548497219452,0.381647991480608,0.391532216668377,0.381210031540194,0.381007164629694,0.360794826045749,0.340673093221791,0.331055748828937,0.331680150310912,0.332363669175644
0.190681239394497,0.191020281838456,0.201514597265448,0.211317889000699,0.211084001974378,0.210350581346287,0.220082463621704,0.219666948601384,0.219615198766657,0.21931654924123,0.229239679480963,0.229329297768528,0.240052416561319,0.250846018377588,0.261402001008412,0.27176785385523,0.26245926788288,0.24346301716075,0.224241827789629,0.194926016689831,0.155956918281336,0.137041991942429,0.118447181647346,0.0994562077971215,0.100252209836829,0.111110849539568,0.111402191272422,0.111521795966673,0.121621604564993,0.121505463979644,0.111182260955973,0.10097875311796,0.0807657436821735,0.0706436262616544,0.0610274908116786,0.0516538649962884,0.0423395433361407
0.150635607521143,0.150975450800216,0.141470933824831,0.141273760925377,0.141039321446268,0.160304168442178,0.160035417410194,0.179618920922731,0.199567048852321,0.209267693901862,0.219190642571397,0.219280472541815,0.210005299377158,0.210800775720387,0.211358071609836,0.221724788619273,0.232417835801244,0.243423955984829,0.244204606203147,0.254890411191559,0.265923747823894,0.28701138448294,0.288419893315826,0.28943130283555,0.300229185071664,0.301089852924085,0.301381882820602,0.291501770027089,0.301601814378282,0.311485399463095,0.341161433017807,0.360957444484159,0.390743931909492,0.410621526041552,0.421006297298735,0.431634151010321,0.432321448956513
0.370426461434934,0.360769975208283,0.351270809722003,0.35107150724682,0.340834535692431,0.340091442631676,0.339819788940775,0.349398794062239,0.359346361744946,0.349043773596423,0.338965890069223,0.339056690252713,0.329789345616422,0.340593413541547,0.351156728533029,0.351527406287806,0.352227938760412,0.34324492559519,0.334034007265104,0.334727219324478,0.335771716560619,0.336871100293615,0.34829482179636,0.369317155095017,0.380123654897993,0.390993618436455,0.401288802416426,0.421409984470663,0.431511109355858,0.431393437095576,0.421065971634547,0.410859779912573,0.410643961284701,0.420520233366083,0.420909160364408,0.421543795241302,0.412238516383222
