"","V1","V2","V3","V4","V5","V6"
"1",3.21192909368717,-1.59564614093793,-0.770055019113356,-2.363870985798,0.399248565431328,1.27279119681436
"2",4.24425970079049,1.25039065299008,0.325640813578874,2.82907965163108,5.62140342911863,1.37542131878534
"3",-6.21116364161815,-0.709343960759362,0.363074917872278,1.44474555677971,1.64477859965766,-0.803332919767972
"4",5.11892252831957,0.198349448185217,0.505315653482649,5.17963429741956,3.16758447470252,1.5379452721744
"5",-4.76531733049551,-0.384830818965,0.314077475523583,3.50947187296637,4.85038859185836,2.17795247676229
"6",0.916697953929422,1.11788242759895,0.406726664497594,3.79009662833644,1.63276085960401,-0.43728302789477
"7",-4.72954276769104,-2.80455240071924,-0.348067850327021,7.19103482464967,-6.10946771164434,-1.39794626894233
"8",5.56295417695668,-2.66928113114233,-1.75914544124327,-5.827692198358,-0.412032545445529,0.265466348457376
"9",3.42533733963471,-1.01601233134861,-1.97517135137556,-2.52980575719609,1.40146105055937,1.2794351159
"10",2.47836575098556,-0.468221178527876,0.021578690117953,5.01318368438981,-2.29125641876049,-1.00992600346326
"11",2.36683133822205,1.97638480532405,1.51714849296403,-4.44231293988011,1.77574163811771,-0.521404003730548
"12",5.08602303245793,-0.390316145808969,-0.933742658417865,0.755693937952977,1.88100798841584,1.61803759315399
"13",7.67597304552165,-2.03923034740365,-0.5587587480846,-3.72202246202791,-0.631409374950874,2.25961489723911
"14",3.88831943883132,1.41817241128582,2.01275914524541,4.27457981739317,1.09989505662936,0.478161052287162
"15",8.59892245251713,-3.52065166340776,-0.165046433329321,1.58240941340781,4.21627044658371,0.541337271816097
"16",3.04711459128192,0.142395224197908,0.0778772738707771,1.43190067340221,0.195251708331021,0.411291453530879
"17",-2.16155990136021,-0.192189263295415,0.144816290357536,5.37662055534081,-0.816331829502103,-0.726538410038454
"18",-4.13741865048866,0.268756194319741,0.845610045742169,2.35196267323093,2.25148144927743,-1.01201793621811
"19",0.152448749016877,-0.230437369323514,-0.264012265547726,3.31667703214555,-0.60058603570927,-0.818195757314286
"20",-3.88483663922161,1.00741360101252,-0.174758963132872,1.978668078016,3.6542268333267,0.237692719645334
"21",5.16780824054404,0.0236038328178188,-0.163743875518366,-0.912521764653996,1.72652251247012,0.549266478161613
"22",-5.28626323738288,-1.87180140080361,0.691553474899395,7.85890374084271,-0.690755041047618,3.03997818524556
"23",-4.09055578949207,0.200252106928028,-1.07885822198709,7.68552260808167,-2.58421671980861,1.72466403429675
"24",-1.89161453358961,-1.19232673072294,-0.0324898270327009,4.85164735417254,-1.09358226158703,-0.0929569933183186
"25",-6.32457432881324,-0.310731311806908,0.00290401522062772,-7.28293987498262,0.744842195384157,-2.22955490817595
"26",0.976300532128667,1.79758044462228,0.067623976376798,-6.92195836984906,-0.165661776796792,-0.551717441560934
"27",-1.03099601286442,0.637357734243911,-0.420717926397353,-4.16681400526223,-2.10134089614097,1.64207056307561
"28",3.53479925448624,0.447263039634881,-0.295870912199231,-4.96549827584587,-6.21123737998083,3.17714500219027
"29",2.1561799627391,0.871339912374156,-0.284614644793714,-1.86527600040752,3.28371258333978,-0.148723423218977
"30",2.05086147651164,1.52714192436028,0.38499248061621,0.991599103350031,3.21868408379503,0.647883132283101
"31",0.611907925978848,0.578338249594351,0.0529246836483758,-4.02235400764914,1.34399204383829,-1.22201442189369
"32",4.86397718839182,-1.56316701484114,-0.999696177427154,-3.70052066891062,-2.25519055758027,0.847282846320662
"33",-0.783758980945972,3.79222355777279,0.00586697999696694,-6.92710836587357,0.974067177516507,-2.79504153446663
"34",3.78533061191151,-0.568437305725516,-0.194986214424644,6.63079419929605,-4.64949228232773,-1.59126492767085
"35",-0.280854962328841,3.03367042712205,0.182910296394505,4.22022116976808,-4.22660414492352,-2.83262906794019
"36",2.77218616408169,-0.579918426298708,-0.468757783030952,0.696476765536944,2.19438214234286,0.0364993856087446
"37",-0.223874636937108,2.174121467565,-0.5740810900808,-5.52441637735477,-0.245935045956349,0.749977652566279
"38",2.00214314814551,1.92794671158081,1.01939031913205,-1.21305318952117,1.57780911419544,-2.78849769994347
"39",-2.92418250288279,2.67313846058901,-0.544406775903308,-7.16092619825327,1.11797559263237,-3.24471507857021
"40",5.42894104912683,-2.96584743523185,-1.24473418581153,3.51853694790458,-1.84349597967299,0.545303085763748
"41",6.6525999977205,-3.5436114267729,-2.34383815586801,-2.90128921050159,-6.7987030901134,2.95957095341219
"42",4.05109802555974,0.633485981260725,0.60059960892843,-1.93184855663,0.0766651580611611,1.05449813528558
"43",3.69722702128495,-0.393606459250659,-0.352472130988751,-0.21118905479277,1.19258472183264,-0.476507823618555
"44",-0.943634459531305,1.2383361875064,-0.780263023584858,-0.926216188974614,-1.42433091739221,-0.171938560376205
"45",3.95909939132005,3.02411100743242,0.866105649854403,-0.222983467256666,3.0648458938834,-2.05697844121177
"46",0.375967825262698,1.90323977485332,0.871984058298035,-2.96123056311981,-1.54351507083899,-0.922272857575447
"47",2.53462071337343,-1.52125642776602,-0.121647078120454,-0.528737658639632,-1.51279238128408,0.767916385855244
"48",1.81709251012626,0.064704538349269,0.153809403241969,3.59633987469763,2.79274556193632,0.792816786541204
"49",-1.73792280105991,0.431622152594207,0.0558121553069199,3.59992269271648,0.410979196467006,0.379619022658011
"50",4.2453285300404,-0.573192963102265,-1.06137778123297,-4.20862459010223,-4.73617487788546,3.17750542976155
"51",-3.19678419535607,0.839184162244194,0.0219348118958012,3.7812618957403,-6.09496789446378,-3.37898683575614
"52",-0.419229038728297,0.882661012821155,0.892123167002405,1.18286820881677,0.64536620819937,-0.396648932263111
"53",-4.65552852745281,1.08280611314077,0.0523802389520456,-5.53483395295013,1.72072878340711,-1.15222754771263
"54",2.41148098158093,3.7933709461667,0.553058976279404,-6.47427613297585,-2.15420509208339,-0.242176578292443
"55",-0.349047822652773,1.10144150514323,0.717083429394124,5.19871701216241,-1.18569552113911,0.259764733542507
"56",-3.34183668832516,-1.79457664478231,1.26042356663578,-0.0619639457169866,5.40208485866432,-0.466831602442543
"57",-0.661765474624842,0.226024205669379,-0.427423860452782,2.34093586956219,2.04422583107577,-0.0385957333089648
"58",-2.59533566161203,-4.2807577142506,1.65924447203076,6.66148414357582,-3.25791272004796,-0.651882552049645
"59",-0.863595599858042,1.58596241727016,-2.2044639768779,-4.63796721346755,-2.38474010732643,2.3379826060184
"60",4.66810062965704,0.777277746972974,1.15449903036335,2.90096613635454,6.33654255660626,1.25521047369269
"61",0.0536944179764247,1.76375343964526,0.955028576993988,-4.7952767355379,0.253588947391626,0.417658326012389
"62",4.85240246832927,1.75354497705891,1.4734619548908,-6.0723455339186,-4.7403011791578,2.80535372457937
"63",4.9057300747337,-0.74646000197913,-0.0731712438992915,-1.96539394107348,2.5824779253508,-1.30880246562605
"64",-2.20464041519171,0.175830578844798,-0.0406972594272927,-3.26863952930284,1.32081225009394,-0.635179950056146
"65",-1.2382309677301,-0.488788082756035,-0.686329159024445,-5.14698280429478,-3.1619243616504,3.27888119717264
"66",6.73428196194288,-3.46579703791151,-1.61680669115987,-1.99615685584743,4.62175821886283,-2.21522439522113
"67",0.474000663389965,1.60344202147077,0.624157379740444,-5.83798284628843,0.357526307410358,-0.0214522400476511
"68",-1.07742778316287,1.80970138751584,0.354262367503729,5.2641721499911,0.27334112184668,1.45985736047271
"69",-3.93747726608881,2.52567841142197,-0.351665965505467,-0.820229354258269,4.82545499069097,1.00905817970429
"70",-3.31637566344253,0.984298290850825,-0.132602334497202,6.12884651672692,-1.70774439629969,-1.02151960898916
"71",4.44825529507379,-0.139130474067209,-0.099543897911593,-4.78114315481678,-5.25050419779525,3.07688801083027
"72",4.56003500311922,0.910254941584124,0.342779178994883,-4.1021507971427,1.25704849503484,1.42122993184814
"73",1.53158199256589,0.158775822627565,0.0599448671319813,-0.430207269796656,2.34593482195324,-0.309165107105743
"74",-2.82206099136894,-0.0707669465879956,0.851955244895508,2.61140708176439,0.755328620397035,2.54606356943756
"75",-1.50450938396476,0.48268005363854,0.629853088142209,-5.11583454353767,-2.32822642683641,1.75378991964537
"76",6.77820857089999,-1.19721460116351,-0.0946945108018215,-6.11658067377661,-5.86829432698639,2.84685173664356
"77",-1.36516879356594,0.27319362294299,0.0326926890860801,0.737875721320004,1.66999712864523,-1.50317708352157
"78",-1.61851884022102,1.22249848281394,0.411971314211788,2.199226628332,0.922332917503238,2.12832200708671
"79",-0.416973965024173,2.30345679929998,1.05895640536055,-0.850430286934955,3.55245718886234,-1.12845203834159
"80",-1.04787200273506,2.45674410691596,-0.147011480293039,-4.12860108731018,-3.70819718838699,2.64569203620242
"81",7.42255761066124,-2.96919466993783,-0.318723613951777,-2.88036406270769,2.91116763747249,0.553019117608737
"82",-1.49097915378839,0.614787365441642,-0.66196944412889,-3.67373364389774,3.58325968324603,-1.67426791386158
"83",4.0319157786642,0.726798803683313,0.693184668424183,3.70517041540898,0.212782770268871,0.191102928987621
"84",-6.2993567985555,-0.752423783493865,-0.376845535276312,1.23894582390927,4.39834885419322,1.76912198449101
"85",3.22738701705238,0.80074737117376,0.036583093750103,4.94593522191252,-4.42987741686425,-1.06950990307191
"86",2.08418851382716,1.51941506532522,0.498777166733545,-3.74410481558382,1.82905175603771,0.683580113318318
"87",-0.0142766761819435,0.916272569173403,0.535413611544185,-1.51890811229537,3.70009238106853,-0.918496330717487
"88",1.07234292975041,-0.428845521734817,0.433680514811969,5.16099813172705,-2.67392275142858,-0.843923948393675
"89",4.82081177734665,-1.558552031335,-0.561506319528378,1.12317228408924,1.59299128111114,0.544189774044373
"90",-2.81609811379582,-1.97905313906794,0.179524616312329,5.50115043276703,-5.45428365658728,-2.51417319355021
"91",-4.72027350540368,0.282451052793043,0.37170865687931,0.752581341755948,2.88870451981044,1.4963772379998
"92",2.20567039393141,2.75328814605538,0.0908718865583047,-7.65226463579796,-1.65866472631035,-2.49093175796595
"93",2.69785621677057,0.969036972092766,0.653467507622884,-4.51378977560041,0.742703750625137,-2.63027351225743
"94",-1.31754167837679,0.408664628113071,-0.411659901933548,3.55740588184406,2.0606148357851,0.0639004020954064
"95",-2.40457216230553,0.837937040971696,0.245968404878836,5.65570647667873,3.38317129203313,3.83276307471359
"96",0.480309757259386,0.711629371566102,0.708335831798433,-0.519573049105044,-2.03316768842044,-0.0992320459610489
"97",-1.95662946574522,2.24007703106898,-0.685407255861253,0.076103061331319,3.09272198885581,3.90652139827523
"98",-2.70298239163914,2.31667728668048,-0.50448517410396,-1.86021244565451,6.20976600363508,-2.22721013514165
"99",-1.96184310408179,2.68544578746867,1.2443147767596,4.47405494200954,0.0689215065338835,-0.504850056352384
"100",-2.59407558649153,2.34668524421229,0.358203832355492,0.741593883957181,-1.87245723538469,-0.334710445874198
"101",0.888037308593576,1.22284379820107,0.333554896811216,1.4499035919399,-3.67111915119538,-0.441816263934347
"102",-1.07481710562855,1.27349403439602,0.288444636923331,3.35057285894342,2.90720373384999,1.7921126555384
"103",8.86286280906024,0.222834624726734,2.67439791417206,3.51980612482236,5.92386545850399,3.92836263804974
"104",-3.61198067030513,0.0588032162215657,1.0231043025446,7.40307255005418,-4.64578635618876,-0.532948951079392
"105",-4.11177554794435,0.881804488459379,-0.37338695658272,1.12066631339072,3.05932146899542,1.76659897235296
"106",-3.25037733405963,2.19626085458787,-0.504139830196075,0.739903459523402,5.75847302765731,0.0922658949757914
"107",-3.79270840092026,0.625250330328171,-0.232295078336869,-2.69970848671111,0.736070326439114,0.582130083569499
"108",-3.47113693231745,-1.51048823333801,0.479290729148093,0.576517275604033,1.39917672625868,0.131307179535179
"109",-2.05132727614986,0.595099075667122,0.441838273404351,-1.51885356017161,4.26091934166915,-0.402767816113636
"110",-6.51552318666175,-4.78833012317214,1.20469594850393,3.47041234101477,-4.28433559470496,-3.0874545421888
"111",-0.701022731156519,0.0992818433967532,-0.123345551056596,5.58187947382163,-1.0491766914076,-0.278566419651301
"112",-8.17471407766667,-7.43496011151422,1.3639724604797,4.08015995820134,1.87120485065648,0.253960214637287
"113",-1.9596004405133,0.603708095553996,1.08948850240629,-5.34047924671728,0.67426709414702,0.719120104987966
"114",-0.400699945956719,4.03069866565523,-0.531922195049119,4.95753786782376,2.56815412751408,-0.398868244778682
"115",5.48599864636626,0.47360758673044,-0.457029570654084,-0.141030214973714,5.40517899620916,-0.530707956525387
"116",-5.73176851966345,0.6619253244199,0.444681179791639,-2.21245515189983,0.306093931889772,-0.800157965272725
"117",5.1714100793683,-1.62511792257987,-0.622954712842425,-1.3570849147494,-2.82249449230305,0.530413614945018
"118",3.02471266880101,0.454004497049896,-0.106815530144731,0.841364014487967,2.46061539490806,-1.61292538518405
"119",2.46083671117131,1.6008409008636,0.973431645402567,-1.91680345491229,-1.23353016508174,1.91177567040142
"120",5.29143814696277,-1.82601084455741,-0.459507212932039,-3.99332194543653,0.455555720241992,0.702771259070957
"121",0.791821817329346,1.70668619629601,-0.13105066065714,0.271082478118734,6.03224904840787,0.683648707455351
"122",-3.90738813534611,0.979008869806539,-0.543809565585427,1.8501347301921,6.12755218064809,0.973095915335975
"123",-2.15635134758285,2.30223096853764,0.277679996130167,-2.72033282890355,-3.16026914193001,1.59211980094357
"124",-4.8574052097715,-2.84403442563766,1.52532739873824,5.20328336506241,-2.9957613685611,-2.28270135437784
"125",0.141388243617794,2.34432355744654,0.2874896937371,-4.49153309892758,-3.57902466184094,1.43701374283537
"126",-2.46271734456989,1.10515194273809,0.308967931167815,-2.65913332502148,0.725141677629154,2.09074522713438
"127",-1.35787716450695,1.33158571464151,1.23045852204874,-0.618119727963922,-0.619059401408502,-4.40005334326944
"128",-6.40203599577033,-0.0752224368846887,-0.282947349773946,-0.943191691953561,6.73669181405646,-2.06124031648823
"129",-4.07177875162034,2.67198027606149,0.185063780903154,1.1593356458843,6.70952488088528,0.0778312504171708
"130",6.74636379069845,-2.79234834745633,-1.60958526737241,5.20568939169253,3.24126007111527,1.69031249999667
"131",2.8148655517277,-0.500177805224043,-0.758568947409582,1.77893459685003,1.2247175970629,0.819334342946829
"132",-4.8587178373687,0.0855516838985996,0.0883238200606816,6.3205649849315,-0.480569894634654,0.0199929991474877
"133",5.30710202588852,-2.03572100458933,-1.04135562618138,-5.14439175323335,-2.52530379115612,1.80689316576664
"134",-2.36315210070173,0.438558158369932,-0.227680612338545,1.42473539267431,1.9148015469204,-0.492207259358292
"135",-4.11993047596519,-0.16709635169938,0.965792539267681,5.35759703015746,-3.85761269068206,-1.93664168331425
"136",2.40670821098166,1.49516392820971,-0.387745255910004,-5.69030777512721,2.03815875295006,-0.583948766905436
"137",-0.505216998444317,0.409208763525046,0.105242258927706,-6.35726875044389,-2.36258959992623,0.856620667711293
"138",-1.04255023981788,1.6672209230662,-0.681155970744825,2.39012756568163,5.23266798684378,0.833045669349289
"139",1.93370351359051,1.59882475971818,-1.20534724445939,-2.81513529901477,6.32196517815148,-2.7399288274939
"140",-1.52252654004766,3.64085546513211,-1.35561556155755,6.9366702700304,-1.13013822507276,0.462447530197411
"141",9.24305104280254,-7.44240572078123,-1.30238507482411,-7.30319993748919,-3.65505899494015,1.32412932480579
"142",6.08216442163076,0.311399346792465,0.479096161411134,-1.48469130389132,2.28313601295044,0.204508674612844
"143",8.62661851479282,-0.949690988240952,-0.223671502293108,-3.63813196984987,-2.85808693978895,3.30419073357119
"144",-1.3008570974106,0.734402074434226,-0.0408265867207849,-2.26633323007681,1.70069308594766,-0.951289650704304
"145",-1.36639518441218,-1.86923589660896,-0.326780281589563,-2.51964509874261,1.55440496319709,-0.769374401990307
"146",4.74970247753135,5.82159078606174,4.41381205372251,-2.80957260411764,0.850869448665575,0.414935942788076
"147",-6.50196166116505,-4.49797561086365,1.03227049345367,4.22435210480863,0.928852952301927,0.00813369923607539
"148",-10.0569633198573,-2.16892172194377,-1.51066510723829,-1.71854023256158,-0.0654132658302314,-1.64510575652927
"149",-7.81491374274547,1.87035316029457,-3.86359434196186,-6.45633575588282,-5.88390661982427,2.82695474983814
"150",-5.53938406540097,-0.634267306776026,0.0257472462085993,1.58727920995791,3.55094466977344,1.26418757088398
"151",2.24511380888107,1.82130810941725,-0.698742688826623,-2.06137883548603,1.17185055743549,0.0507290581642785
"152",7.72520519545678,0.931914951359718,2.61064608935446,-6.57403204356335,0.644812841100809,-1.60852948667471
"153",3.63713706290882,-2.23832231787035,-2.44349939751549,3.46824151649423,0.764236220463154,1.48062067649197
"154",-2.71758896945965,2.41043086772272,-0.184459687744262,-0.25669454593609,-6.57973726522412,-0.590913852268762
"155",3.74741969016539,4.22107042138179,-1.47364343603825,3.94631591183905,0.781823133719743,-0.0636854249347442
"156",-1.30694786469081,2.50554883158923,2.78598958785626,-5.61924081379402,2.36081709191757,-1.4478462741631
"157",1.5163066797591,1.35606002220026,3.70477036234607,1.09207807629682,-3.26731301259625,-0.893665274919925
"158",3.65597056057099,-5.94539755621075,-3.55328583700447,5.55217791500598,1.1116209950634,3.63705688466826
"159",-9.41354740146372,-4.6672747651701,-0.496530524918456,6.80509656710673,-0.112116428653284,1.02801276658615
"160",2.89043990452566,-6.14614633345488,-3.45725454863462,-1.27578259496958,-0.165163677144432,2.01207579673097
"161",-2.02433229209516,3.0876110289419,-0.188065522696528,-4.66268800668451,3.55121703111527,-2.99175078011667
"162",-5.77762207917676,-2.96766939623938,-0.489706780314589,6.06260192698937,-5.0741987264061,-1.77548693246304
"163",11.481728751935,-5.91952196380995,1.56322939364759,-6.39611760598807,0.540677297764411,-5.45997047496641
"164",0.501912527265498,4.20832783245288,1.37762421300044,1.34111760632424,-0.600605815183758,-1.99897919952926
"165",-0.923061718377607,4.10094918488988,1.69487386529255,-5.97168443402171,-3.58576527834086,0.670471587618693
"166",-5.93084746744693,1.80632652656273,-1.67137874254934,-3.73059391557953,-4.12904423361359,1.74671220070871
"167",7.90646724133127,-2.98393274378213,2.36777921289639,-4.00231684867422,-3.03489438806778,1.37817665628172
"168",5.78063802304207,-4.0682474703483,-1.6747527841912,-1.06250042586859,-0.710563919206345,-0.579448939432305
"169",-4.92969489441935,-2.66835474994866,-1.67759379029938,7.48513389819112,0.129983879029206,2.98561266230039
"170",-9.1685492491617,-3.42105627162373,-0.20186375556027,5.59868139835293,1.36850999100562,1.06824191595375
"171",-3.40029591930439,4.46945953263748,0.262832527728616,2.4976973132238,1.19805453705761,-0.33823739586796
"172",5.14695110102735,2.46506497087687,-1.95632636638937,-7.32360789645882,-2.29409435272257,-0.10200919738824
"173",2.59969617966154,-1.21357312073105,-1.17435473718284,5.68927318563775,-6.08765961484147,-2.66093797512562
"174",-0.966504940424356,-0.30135909861093,-2.21992334884179,-3.68028656322328,2.97735336260697,-1.20074524954641
"175",-3.8989085943753,2.18469507778227,-0.550313998776642,2.39529600320071,0.0916426887535795,0.409201512101436
"176",8.22215463924187,-5.65173939662212,-2.19097068084423,-7.07203022124946,-5.51208279225897,1.80098852247245
"177",3.76359601034903,-5.65144060716759,-3.94567525847969,3.834392040111,-2.28486288819629,1.20104473281672
"178",-8.28956364914949,-7.06523253012245,1.3810131618793,1.57452342329927,-5.88415208646906,-1.51906801525359
"179",4.0625151893923,2.10970756872974,0.245456657826669,-4.40311823708357,-3.54526386180344,1.78562574411404
"180",-0.703870137910992,5.34865713103575,-0.134652052013281,3.95092875744536,1.04639654394176,0.735840565010846
"181",-5.19058227113297,-3.80766023927927,2.03368052964859,1.77780563912634,-0.617078447743283,0.0334076258704665
"182",2.92311662204578,0.150474018700096,-2.18124391385301,7.13085874481188,-2.63560329770938,0.304673497815445
"183",-0.696660406386116,1.65604696437133,1.67077936441583,-4.50078361419857,-1.69331391114746,-1.92554705224062
"184",-9.49807459430018,-7.7435005949529,0.882523240693614,6.13119044925758,-6.38720980646783,-2.76487835571431
"185",-3.11025583264473,0.897224442285447,-1.428829999259,-7.03617201571363,-3.19135345344028,1.56731740593447
"186",-3.43211830439896,4.29065290691257,-4.33675427744247,-3.50385200673028,-4.13119677268548,3.3836931133962
"187",-4.11974545829034,6.18891429017112,-0.973861242424498,4.23593271814533,2.55487041080284,1.97967402264675
"188",-3.06158219816531,2.96818045831591,3.4191215239544,4.74861472434891,0.92921574809376,-0.50185612943742
"189",-8.3123843851502,-4.24348372060402,1.46485564968596,5.58531941991733,0.0912481951676721,-0.269545047734696
"190",-6.36024474672092,6.1450624934261,-5.55635170317825,0.23502327869651,6.77489236852187,1.66108178451008
"191",-0.596589934912151,1.72958300690808,-0.727749322743525,5.52567334252559,1.92483728311583,1.96463132933057
"192",10.1565832577303,-5.6282136404423,0.382839339215334,-7.28172474613915,-3.87292454239795,-1.19717977862286
"193",-0.876191064708798,6.86910856449652,1.8430215924972,-2.99651193464616,3.45610073974387,-3.20284946142809
"194",7.1263044961306,-6.48613417548112,-0.663480955883906,0.0852631154497111,1.44434084675824,0.0174406841828083
"195",-4.44999018120901,5.15089841068865,-5.84456985101388,-1.10928440104141,-1.04216752076698,-1.94201046879385
"196",-7.69192679533394,1.22407302171622,-2.02659421975409,5.72476711809793,-5.8319617097658,-2.42053058467255
"197",-6.82996253102641,-4.95161519058447,1.0708133430146,2.53811807021925,4.57515586786835,0.72359282519863
"198",-1.40654156444593,0.235141695066522,-0.404153131705884,0.608757400451502,-1.95208982917116,1.99673030510468
"199",5.93534644805071,-3.9556530765644,-3.01251011403789,-4.3929881873485,-5.6362810261705,2.66964553352853
"200",-9.10320845196169,-9.88681984655761,2.54127258992222,3.84479944949309,-1.55159635320601,-2.69772327856591
"201",3.44044746077707,1.53273426740676,3.53012636888542,-6.6200421230293,1.87705862043104,-5.9164316371863
"202",0.450258678563706,0.56792260921452,3.42029439822392,4.73673764554571,-1.7693359911479,-1.87841820622176
"203",-0.128428226213955,3.41753380077984,1.69144485435297,-5.61172869366739,2.21994751641189,-2.22185665593082
"204",4.83385171751216,1.11487163514162,1.96478073763844,-4.9677151856344,2.73027273480891,-3.15326561793311
"205",-6.97488527188928,-11.8525906835586,2.62692592486929,3.78464607036068,-4.42636009479691,-3.13146797740952
"206",0.0383072822707571,4.81171421435686,-5.02876184906416,7.11840747938284,-4.769062184036,-0.757819706485996
"207",8.56835564830937,1.98815306265828,6.87124150257807,-4.85397190696649,2.23725745219474,-3.38996650008336
"208",-6.89272551803248,-7.23815815749293,2.19825670793154,2.92081186769357,-7.99782202611142,-3.78844419952957
"209",0.945466921817741,3.65996265463298,1.51798134332958,3.45831680952146,-4.93963282514702,-1.9871204632144
"210",-3.69037070505303,-5.50038274198651,-0.234936087949922,-0.178876799498495,0.514404282313906,-1.2673336327839
